open_time,open,high,low,close,volume
2025-01-01T00:00:00+00:00,60000.00,60013.90,59941.44,59955.29,104.9677
2025-01-01T01:00:00+00:00,59955.29,60033.71,59606.34,59613.01,137.5426
2025-01-01T02:00:00+00:00,59613.01,59639.12,59473.81,59497.47,116.5978
2025-01-01T03:00:00+00:00,59497.47,59566.75,59036.39,59100.33,82.2919
2025-01-01T04:00:00+00:00,59100.33,59353.90,59052.61,59318.10,129.6683
2025-01-01T05:00:00+00:00,59318.10,59331.36,59151.46,59228.92,145.2740
2025-01-01T06:00:00+00:00,59228.92,59268.19,59009.71,59023.39,104.0212
2025-01-01T07:00:00+00:00,59023.39,59043.16,58829.09,58920.40,157.2738
2025-01-01T08:00:00+00:00,58920.40,58959.06,58607.91,58694.65,122.1099
2025-01-01T09:00:00+00:00,58694.65,58805.95,58635.50,58728.21,103.4661
2025-01-01T10:00:00+00:00,58728.21,58773.67,58722.79,58729.31,104.7583
2025-01-01T11:00:00+00:00,58729.31,58807.63,58622.77,58665.35,157.3447
2025-01-01T12:00:00+00:00,58665.35,58682.71,58570.07,58612.19,119.2009
2025-01-01T13:00:00+00:00,58612.19,58749.23,58230.57,58388.51,169.3260
2025-01-01T14:00:00+00:00,58388.51,58628.38,58357.05,58586.27,49.3379
2025-01-01T15:00:00+00:00,58586.27,58641.36,58373.41,58498.72,122.4921
2025-01-01T16:00:00+00:00,58498.72,58582.42,58485.17,58569.38,182.3323
2025-01-01T17:00:00+00:00,58569.38,58876.20,58535.61,58830.76,169.8975
2025-01-01T18:00:00+00:00,58830.76,58900.39,58719.83,58750.48,39.2934
2025-01-01T19:00:00+00:00,58750.48,58887.87,58451.33,58510.68,164.3292
2025-01-01T20:00:00+00:00,58510.68,58512.64,58360.88,58387.62,184.6990
2025-01-01T21:00:00+00:00,58387.62,58481.12,58032.62,58074.65,121.5296
2025-01-01T22:00:00+00:00,58074.65,58107.23,57911.94,57960.07,153.1770
2025-01-01T23:00:00+00:00,57960.07,57993.86,57596.75,57701.29,115.8526
2025-01-02T00:00:00+00:00,57701.29,57735.52,57575.31,57609.65,132.4124
2025-01-02T01:00:00+00:00,57609.65,57618.69,57573.62,57595.01,98.8429
2025-01-02T02:00:00+00:00,57595.01,57633.01,57483.13,57575.69,109.1664
2025-01-02T03:00:00+00:00,57575.69,57608.19,57431.15,57538.31,45.1904
2025-01-02T04:00:00+00:00,57538.31,57632.00,57244.85,57379.05,142.7803
2025-01-02T05:00:00+00:00,57379.05,57658.43,57314.43,57627.32,106.3350
2025-01-02T06:00:00+00:00,57627.32,57676.25,57435.07,57471.42,136.2319
2025-01-02T07:00:00+00:00,57471.42,57663.58,57399.39,57656.41,155.5314
2025-01-02T08:00:00+00:00,57656.41,57889.27,57492.09,57835.42,98.7486
2025-01-02T09:00:00+00:00,57835.42,57852.79,57767.79,57785.38,158.5144
2025-01-02T10:00:00+00:00,57785.38,57914.71,57435.56,57498.19,93.8203
2025-01-02T11:00:00+00:00,57498.19,57700.70,57420.00,57647.63,114.6428
2025-01-02T12:00:00+00:00,57647.63,57683.34,57610.83,57611.07,55.3118
2025-01-02T13:00:00+00:00,57611.07,57625.28,57301.79,57348.19,118.2224
2025-01-02T14:00:00+00:00,57348.19,57523.29,57292.11,57503.87,38.5745
2025-01-02T15:00:00+00:00,57503.87,57569.29,57485.09,57511.30,107.3340
2025-01-02T16:00:00+00:00,57511.30,57698.02,57457.04,57629.01,100.5582
2025-01-02T17:00:00+00:00,57629.01,57750.91,57530.65,57665.74,120.0358
2025-01-02T18:00:00+00:00,57665.74,57745.37,57432.44,57434.81,94.6788
2025-01-02T19:00:00+00:00,57434.81,57516.03,57419.67,57446.43,95.7699
2025-01-02T20:00:00+00:00,57446.43,57451.49,57046.47,57167.43,116.3862
2025-01-02T21:00:00+00:00,57167.43,57175.24,57006.95,57056.62,98.4511
2025-01-02T22:00:00+00:00,57056.62,57257.86,56948.05,57155.30,208.8608
2025-01-02T23:00:00+00:00,57155.30,57240.38,57094.13,57224.93,127.7866
2025-01-03T00:00:00+00:00,57224.93,57246.62,56726.11,56729.35,119.4209
2025-01-03T01:00:00+00:00,56729.35,56894.72,56649.00,56860.88,61.5864
2025-01-03T02:00:00+00:00,56860.88,57030.68,56849.98,56984.29,95.1059
2025-01-03T03:00:00+00:00,56984.29,57171.04,56965.14,57124.08,108.1581
2025-01-03T04:00:00+00:00,57124.08,57419.24,57014.04,57382.69,136.1342
2025-01-03T05:00:00+00:00,57382.69,57490.50,57366.43,57469.87,120.5910
2025-01-03T06:00:00+00:00,57469.87,57511.56,57254.76,57307.50,75.3364
2025-01-03T07:00:00+00:00,57307.50,57351.69,57109.95,57146.83,112.0831
2025-01-03T08:00:00+00:00,57146.83,57151.10,57079.13,57112.81,59.6737
2025-01-03T09:00:00+00:00,57112.81,57409.39,56983.83,57340.49,211.1219
2025-01-03T10:00:00+00:00,57340.49,57591.45,57293.63,57459.48,125.8417
2025-01-03T11:00:00+00:00,57459.48,57460.34,57127.17,57166.69,165.5442
2025-01-03T12:00:00+00:00,57166.69,57218.38,57157.42,57197.38,35.7567
2025-01-03T13:00:00+00:00,57197.38,57304.88,56905.10,57032.62,113.1219
2025-01-03T14:00:00+00:00,57032.62,57123.06,56985.30,57097.93,160.0050
2025-01-03T15:00:00+00:00,57097.93,57390.02,57005.92,57304.70,77.3787
2025-01-03T16:00:00+00:00,57304.70,57391.36,57279.18,57360.62,107.2177
2025-01-03T17:00:00+00:00,57360.62,57641.46,57283.08,57601.85,112.1912
2025-01-03T18:00:00+00:00,57601.85,57802.61,57559.65,57661.19,130.1100
2025-01-03T19:00:00+00:00,57661.19,57745.14,57645.47,57736.90,123.8148
2025-01-03T20:00:00+00:00,57736.90,57801.69,57651.57,57786.19,216.7797
2025-01-03T21:00:00+00:00,57786.19,57814.79,57681.32,57695.34,167.9584
2025-01-03T22:00:00+00:00,57695.34,57845.25,57694.10,57768.02,169.6791
2025-01-03T23:00:00+00:00,57768.02,58162.95,57638.44,58050.70,81.5818
2025-01-04T00:00:00+00:00,58050.70,58179.00,57990.49,58106.39,140.9700
2025-01-04T01:00:00+00:00,58106.39,58201.57,57958.33,58001.67,133.0388
2025-01-04T02:00:00+00:00,58001.67,58035.29,57944.97,57972.73,27.6084
2025-01-04T03:00:00+00:00,57972.73,58024.82,57868.92,57869.66,142.7314
2025-01-04T04:00:00+00:00,57869.66,57892.83,57468.55,57587.85,167.3762
2025-01-04T05:00:00+00:00,57587.85,57809.25,57570.07,57721.47,182.7648
2025-01-04T06:00:00+00:00,57721.47,57900.09,57664.21,57897.46,138.8332
2025-01-04T07:00:00+00:00,57897.46,58072.61,57857.04,58036.22,158.7158
2025-01-04T08:00:00+00:00,58036.22,58101.86,57928.58,57986.46,117.3404
2025-01-04T09:00:00+00:00,57986.46,58077.34,57942.76,58069.02,106.8880
2025-01-04T10:00:00+00:00,58069.02,58141.58,58048.22,58121.09,207.1410
2025-01-04T11:00:00+00:00,58121.09,58349.83,58063.46,58243.16,50.5049
2025-01-04T12:00:00+00:00,58243.16,58394.09,57982.06,58053.81,148.6410
2025-01-04T13:00:00+00:00,58053.81,58061.36,57825.08,57851.22,149.6398
2025-01-04T14:00:00+00:00,57851.22,57927.16,57807.74,57885.08,101.6402
2025-01-04T15:00:00+00:00,57885.08,57962.61,57878.78,57959.45,175.6358
2025-01-04T16:00:00+00:00,57959.45,58036.67,57951.80,57982.95,125.2197
2025-01-04T17:00:00+00:00,57982.95,58166.35,57899.32,58163.76,92.7380
2025-01-04T18:00:00+00:00,58163.76,58457.65,57993.35,58428.09,80.9964
2025-01-04T19:00:00+00:00,58428.09,58472.29,58329.94,58419.81,97.7485
2025-01-04T20:00:00+00:00,58419.81,58429.05,58204.61,58303.08,140.9930
2025-01-04T21:00:00+00:00,58303.08,58428.27,58243.32,58262.49,120.6207
2025-01-04T22:00:00+00:00,58262.49,58478.20,58179.27,58468.58,114.3922
2025-01-04T23:00:00+00:00,58468.58,58550.12,58413.19,58473.76,72.3857
2025-01-05T00:00:00+00:00,58473.76,58547.15,58209.46,58351.60,52.7253
2025-01-05T01:00:00+00:00,58351.60,58397.17,58302.36,58308.32,147.3997
2025-01-05T02:00:00+00:00,58308.32,58593.31,58173.48,58516.66,213.8429
2025-01-05T03:00:00+00:00,58516.66,58864.15,58418.65,58848.87,126.0143
2025-01-05T04:00:00+00:00,58848.87,59036.85,58750.66,58985.36,141.1853
2025-01-05T05:00:00+00:00,58985.36,59042.56,58737.56,58831.38,111.1808
2025-01-05T06:00:00+00:00,58831.38,58851.49,58790.38,58812.46,150.0911
2025-01-05T07:00:00+00:00,58812.46,58981.85,58715.20,58980.32,222.8905
2025-01-05T08:00:00+00:00,58980.32,58997.09,58922.77,58959.43,102.1131
2025-01-05T09:00:00+00:00,58959.43,59083.22,58909.98,59024.80,137.2725
2025-01-05T10:00:00+00:00,59024.80,59069.24,58945.27,58950.33,103.7785
2025-01-05T11:00:00+00:00,58950.33,59026.64,58889.80,58990.64,100.2327
2025-01-05T12:00:00+00:00,58990.64,59085.60,58760.78,58914.08,171.9188
2025-01-05T13:00:00+00:00,58914.08,59008.87,58817.34,58976.11,77.3163
2025-01-05T14:00:00+00:00,58976.11,59057.34,58917.34,58938.27,175.2706
2025-01-05T15:00:00+00:00,58938.27,59245.51,58919.77,59140.96,74.1731
2025-01-05T16:00:00+00:00,59140.96,59188.39,58737.09,58892.04,117.9453
2025-01-05T17:00:00+00:00,58892.04,58987.79,58887.15,58896.17,114.3530
2025-01-05T18:00:00+00:00,58896.17,59012.64,58730.78,58773.36,23.9539
2025-01-05T19:00:00+00:00,58773.36,58796.62,58630.12,58727.01,135.8084
2025-01-05T20:00:00+00:00,58727.01,58910.07,58705.31,58892.78,124.8835
2025-01-05T21:00:00+00:00,58892.78,59119.12,58890.89,59108.81,152.2863
2025-01-05T22:00:00+00:00,59108.81,59116.04,58905.72,59043.65,85.8414
2025-01-05T23:00:00+00:00,59043.65,59272.39,59041.50,59224.97,75.6843
2025-01-06T00:00:00+00:00,59224.97,59478.31,59213.57,59349.95,187.9216
2025-01-06T01:00:00+00:00,59349.95,59483.58,59216.55,59381.09,140.0662
2025-01-06T02:00:00+00:00,59381.09,59800.85,59375.97,59727.84,133.0387
2025-01-06T03:00:00+00:00,59727.84,59763.14,59595.76,59647.82,99.9426
2025-01-06T04:00:00+00:00,59647.82,59737.42,59460.70,59488.36,106.2325
2025-01-06T05:00:00+00:00,59488.36,59497.43,59251.68,59283.77,117.8521
2025-01-06T06:00:00+00:00,59283.77,59406.23,59268.86,59325.36,89.2876
2025-01-06T07:00:00+00:00,59325.36,59351.20,58939.13,59028.45,118.8755
2025-01-06T08:00:00+00:00,59028.45,59056.23,58942.39,59000.09,126.5958
2025-01-06T09:00:00+00:00,59000.09,59225.69,58773.87,59186.67,116.6693
2025-01-06T10:00:00+00:00,59186.67,59289.96,58861.59,58886.81,114.3410
2025-01-06T11:00:00+00:00,58886.81,59197.25,58881.87,59133.98,158.6570
2025-01-06T12:00:00+00:00,59133.98,59194.63,58927.91,58934.30,140.2223
2025-01-06T13:00:00+00:00,58934.30,58996.50,58746.57,58796.87,92.8917
2025-01-06T14:00:00+00:00,58796.87,59176.15,58766.88,59030.32,83.9223
2025-01-06T15:00:00+00:00,59030.32,59103.06,58978.48,59004.07,135.2591
2025-01-06T16:00:00+00:00,59004.07,59058.78,58889.85,58927.39,155.2723
2025-01-06T17:00:00+00:00,58927.39,59053.09,58811.65,59035.85,125.8305
2025-01-06T18:00:00+00:00,59035.85,59061.81,58924.19,59034.54,172.4384
2025-01-06T19:00:00+00:00,59034.54,59467.46,59029.60,59392.46,42.5456
2025-01-06T20:00:00+00:00,59392.46,59415.24,59328.22,59381.36,72.6782
2025-01-06T21:00:00+00:00,59381.36,59816.05,59324.22,59662.66,134.5851
2025-01-06T22:00:00+00:00,59662.66,59832.55,59647.05,59708.22,125.2566
2025-01-06T23:00:00+00:00,59708.22,59793.72,59643.53,59721.47,85.2138
2025-01-07T00:00:00+00:00,59721.47,59770.79,59654.10,59742.65,104.2944
2025-01-07T01:00:00+00:00,59742.65,59768.53,59612.87,59669.19,87.2767
2025-01-07T02:00:00+00:00,59669.19,59909.38,59633.79,59861.65,157.3846
2025-01-07T03:00:00+00:00,59861.65,59915.77,59826.92,59834.30,62.9621
2025-01-07T04:00:00+00:00,59834.30,59863.77,59618.14,59724.10,127.2727
2025-01-07T05:00:00+00:00,59724.10,59982.44,59648.89,59911.90,142.4450
2025-01-07T06:00:00+00:00,59911.90,60082.23,59850.02,59997.98,131.4767
2025-01-07T07:00:00+00:00,59997.98,60084.94,59946.53,60009.02,112.1499
2025-01-07T08:00:00+00:00,60009.02,60195.36,59979.91,60113.54,155.7633
2025-01-07T09:00:00+00:00,60113.54,60202.89,59968.82,60157.71,131.1800
2025-01-07T10:00:00+00:00,60157.71,60237.93,59922.15,59936.34,151.7537
2025-01-07T11:00:00+00:00,59936.34,60023.60,59875.64,59939.14,103.9915
2025-01-07T12:00:00+00:00,59939.14,60020.55,59818.74,59853.72,45.7514
2025-01-07T13:00:00+00:00,59853.72,60258.00,59776.29,60173.43,159.2304
2025-01-07T14:00:00+00:00,60173.43,60199.37,59957.05,60031.41,24.4918
2025-01-07T15:00:00+00:00,60031.41,60218.00,60020.23,60163.52,49.0250
2025-01-07T16:00:00+00:00,60163.52,60385.41,60014.20,60368.78,161.9413
2025-01-07T17:00:00+00:00,60368.78,60607.28,60291.27,60568.43,129.6804
2025-01-07T18:00:00+00:00,60568.43,60645.79,60456.31,60595.15,208.2982
2025-01-07T19:00:00+00:00,60595.15,60944.57,60552.49,60858.33,47.1995
2025-01-07T20:00:00+00:00,60858.33,60938.01,60857.69,60919.11,118.9382
2025-01-07T21:00:00+00:00,60919.11,61153.73,60806.49,61086.17,135.8314
2025-01-07T22:00:00+00:00,61086.17,61360.38,61008.78,61336.23,113.4236
2025-01-07T23:00:00+00:00,61336.23,61377.11,61281.33,61343.54,212.1447
2025-01-08T00:00:00+00:00,61343.54,61448.28,61342.65,61394.80,119.1412
2025-01-08T01:00:00+00:00,61394.80,61452.42,60782.98,60794.36,155.3240
2025-01-08T02:00:00+00:00,60794.36,60912.79,60703.80,60866.74,112.7264
2025-01-08T03:00:00+00:00,60866.74,61065.50,60852.21,61051.69,110.1011
2025-01-08T04:00:00+00:00,61051.69,61326.01,61033.55,61182.68,107.8653
2025-01-08T05:00:00+00:00,61182.68,61285.89,61124.02,61209.45,154.9392
2025-01-08T06:00:00+00:00,61209.45,61319.66,61064.06,61111.85,151.5906
2025-01-08T07:00:00+00:00,61111.85,61266.70,61096.43,61264.11,108.6458
2025-01-08T08:00:00+00:00,61264.11,61265.44,61136.44,61141.23,94.8646
2025-01-08T09:00:00+00:00,61141.23,61153.75,60973.73,61000.73,108.6879
2025-01-08T10:00:00+00:00,61000.73,61071.14,60754.65,60821.57,93.0932
2025-01-08T11:00:00+00:00,60821.57,60887.44,60685.13,60874.16,70.3177
2025-01-08T12:00:00+00:00,60874.16,60917.14,60811.86,60911.79,97.4618
2025-01-08T13:00:00+00:00,60911.79,60956.94,60773.14,60882.70,140.6392
2025-01-08T14:00:00+00:00,60882.70,60915.63,60808.96,60847.55,132.5121
2025-01-08T15:00:00+00:00,60847.55,61043.22,60766.56,60944.19,114.0304
2025-01-08T16:00:00+00:00,60944.19,61053.01,60720.49,60832.85,22.7937
2025-01-08T17:00:00+00:00,60832.85,60845.26,60724.49,60750.86,128.7490
2025-01-08T18:00:00+00:00,60750.86,60823.78,60305.01,60418.37,95.7220
2025-01-08T19:00:00+00:00,60418.37,60503.23,60145.09,60192.09,188.3511
2025-01-08T20:00:00+00:00,60192.09,60491.90,60161.92,60432.52,168.0778
2025-01-08T21:00:00+00:00,60432.52,60453.72,60274.78,60281.31,75.7666
2025-01-08T22:00:00+00:00,60281.31,60321.51,60136.99,60188.88,92.1147
2025-01-08T23:00:00+00:00,60188.88,60245.72,60037.29,60045.77,107.4843
2025-01-09T00:00:00+00:00,60045.77,60092.21,59991.86,60067.78,97.6013
2025-01-09T01:00:00+00:00,60067.78,60221.63,59725.88,59840.40,138.9207
2025-01-09T02:00:00+00:00,59840.40,59991.91,59655.66,59689.28,182.1483
2025-01-09T03:00:00+00:00,59689.28,59762.53,59397.11,59421.85,116.1488
2025-01-09T04:00:00+00:00,59421.85,59491.08,59404.72,59460.89,77.2553
2025-01-09T05:00:00+00:00,59460.89,59637.23,59348.72,59512.83,83.0294
2025-01-09T06:00:00+00:00,59512.83,59715.50,59347.91,59653.40,126.0575
2025-01-09T07:00:00+00:00,59653.40,59757.16,59532.60,59563.09,144.8944
2025-01-09T08:00:00+00:00,59563.09,59751.81,59542.79,59690.87,68.3783
2025-01-09T09:00:00+00:00,59690.87,59696.20,59473.63,59512.82,155.5602
2025-01-09T10:00:00+00:00,59512.82,59578.92,59351.50,59392.04,114.4493
2025-01-09T11:00:00+00:00,59392.04,59407.00,59227.24,59316.81,145.5278
2025-01-09T12:00:00+00:00,59316.81,59436.90,59126.85,59364.95,113.2277
2025-01-09T13:00:00+00:00,59364.95,59442.83,59219.39,59409.10,141.4812
2025-01-09T14:00:00+00:00,59409.10,59518.35,59391.11,59430.05,54.2232
2025-01-09T15:00:00+00:00,59430.05,59516.19,59419.71,59457.70,152.0360
2025-01-09T16:00:00+00:00,59457.70,59513.09,59411.71,59454.17,130.5296
2025-01-09T17:00:00+00:00,59454.17,59525.12,59415.64,59467.35,106.8257
2025-01-09T18:00:00+00:00,59467.35,59613.65,59465.13,59592.09,169.8824
2025-01-09T19:00:00+00:00,59592.09,59618.68,59524.44,59543.56,123.4698
2025-01-09T20:00:00+00:00,59543.56,59917.52,59534.34,59913.32,164.3187
2025-01-09T21:00:00+00:00,59913.32,60018.11,59652.56,59655.03,133.7887
2025-01-09T22:00:00+00:00,59655.03,59734.31,59374.34,59384.02,135.8447
2025-01-09T23:00:00+00:00,59384.02,59387.56,59174.92,59272.91,79.3297
2025-01-10T00:00:00+00:00,59272.91,59279.81,59190.01,59262.67,73.1721
2025-01-10T01:00:00+00:00,59262.67,59278.59,59222.42,59233.87,131.1506
2025-01-10T02:00:00+00:00,59233.87,59283.51,59216.33,59283.49,32.9558
2025-01-10T03:00:00+00:00,59283.49,59534.60,59225.81,59413.57,141.8726
2025-01-10T04:00:00+00:00,59413.57,59433.36,59279.82,59361.54,130.1926
2025-01-10T05:00:00+00:00,59361.54,59369.09,59150.32,59180.12,64.3551
2025-01-10T06:00:00+00:00,59180.12,59376.54,59139.20,59303.95,87.9608
2025-01-10T07:00:00+00:00,59303.95,59514.21,59197.11,59233.62,84.8174
2025-01-10T08:00:00+00:00,59233.62,59549.82,59178.89,59512.36,93.3948
2025-01-10T09:00:00+00:00,59512.36,59828.94,59479.26,59814.96,66.5420
2025-01-10T10:00:00+00:00,59814.96,59861.32,59602.14,59673.54,105.7824
2025-01-10T11:00:00+00:00,59673.54,59751.52,59594.29,59722.22,149.2821
2025-01-10T12:00:00+00:00,59722.22,59814.95,59502.63,59518.56,130.4991
2025-01-10T13:00:00+00:00,59518.56,59822.26,59444.34,59720.90,152.5305
2025-01-10T14:00:00+00:00,59720.90,60035.69,59689.59,59983.73,153.6032
2025-01-10T15:00:00+00:00,59983.73,60079.48,59919.11,60041.86,137.1054
2025-01-10T16:00:00+00:00,60041.86,60176.69,60021.29,60049.00,89.0896
2025-01-10T17:00:00+00:00,60049.00,60095.36,59995.54,60077.01,102.8921
2025-01-10T18:00:00+00:00,60077.01,60141.20,59779.93,59877.08,153.5824
2025-01-10T19:00:00+00:00,59877.08,60017.15,59644.06,59733.89,60.1565
2025-01-10T20:00:00+00:00,59733.89,59802.13,59527.72,59554.59,163.7012
2025-01-10T21:00:00+00:00,59554.59,59562.92,59468.18,59506.78,112.2122
2025-01-10T22:00:00+00:00,59506.78,59538.21,59313.46,59442.42,107.5308
2025-01-10T23:00:00+00:00,59442.42,59711.81,59383.93,59573.01,71.0603
2025-01-11T00:00:00+00:00,59573.01,59628.06,59434.34,59494.96,149.1583
2025-01-11T01:00:00+00:00,59494.96,59776.42,59458.63,59675.44,93.3435
2025-01-11T02:00:00+00:00,59675.44,59747.38,59618.42,59676.27,156.0240
2025-01-11T03:00:00+00:00,59676.27,59688.18,59596.44,59682.76,117.1066
2025-01-11T04:00:00+00:00,59682.76,59715.38,59390.91,59447.92,51.9065
2025-01-11T05:00:00+00:00,59447.92,59581.94,59386.58,59514.88,136.4306
2025-01-11T06:00:00+00:00,59514.88,59611.15,59197.70,59301.78,119.4036
2025-01-11T07:00:00+00:00,59301.78,59402.24,59247.28,59392.73,104.6865
2025-01-11T08:00:00+00:00,59392.73,59421.32,59377.31,59379.27,36.1065
2025-01-11T09:00:00+00:00,59379.27,59481.48,59174.29,59200.27,123.3980
2025-01-11T10:00:00+00:00,59200.27,59271.98,58965.63,58994.68,134.5033
2025-01-11T11:00:00+00:00,58994.68,59142.95,58947.55,59104.49,54.9561
2025-01-11T12:00:00+00:00,59104.49,59208.83,58969.65,58993.82,195.4411
2025-01-11T13:00:00+00:00,58993.82,59028.34,58846.48,58890.09,170.3263
2025-01-11T14:00:00+00:00,58890.09,59095.42,58885.32,59051.47,224.2450
2025-01-11T15:00:00+00:00,59051.47,59063.29,58777.35,58816.14,101.4048
2025-01-11T16:00:00+00:00,58816.14,58849.95,58652.08,58734.47,153.4415
2025-01-11T17:00:00+00:00,58734.47,58796.31,58617.48,58706.79,170.5497
2025-01-11T18:00:00+00:00,58706.79,58826.78,58546.92,58679.69,144.7593
2025-01-11T19:00:00+00:00,58679.69,58885.10,58573.09,58868.72,112.7876
2025-01-11T20:00:00+00:00,58868.72,59008.40,58732.98,58975.63,103.4641
2025-01-11T21:00:00+00:00,58975.63,59043.64,58914.48,58962.71,148.0135
2025-01-11T22:00:00+00:00,58962.71,59109.43,58918.09,59058.94,135.1541
2025-01-11T23:00:00+00:00,59058.94,59177.26,58700.62,58725.02,167.1637
2025-01-12T00:00:00+00:00,58725.02,58895.35,58445.50,58556.20,54.1475
2025-01-12T01:00:00+00:00,58556.20,58605.93,58528.87,58553.95,175.2231
2025-01-12T02:00:00+00:00,58553.95,58587.01,58331.14,58408.66,134.6939
2025-01-12T03:00:00+00:00,58408.66,58422.57,58282.57,58367.96,138.3480
2025-01-12T04:00:00+00:00,58367.96,58448.38,58226.79,58297.38,112.2145
2025-01-12T05:00:00+00:00,58297.38,58332.94,58180.18,58267.77,176.9544
2025-01-12T06:00:00+00:00,58267.77,58293.68,58232.91,58283.78,61.5382
2025-01-12T07:00:00+00:00,58283.78,58291.49,58159.82,58223.35,167.7033
2025-01-12T08:00:00+00:00,58223.35,58350.02,58160.60,58183.83,118.2124
2025-01-12T09:00:00+00:00,58183.83,58476.19,58107.84,58342.70,91.5225
2025-01-12T10:00:00+00:00,58342.70,58393.19,58131.31,58173.21,122.0789
2025-01-12T11:00:00+00:00,58173.21,58235.46,58129.03,58235.40,125.0462
2025-01-12T12:00:00+00:00,58235.40,58573.33,58159.32,58443.26,154.7424
2025-01-12T13:00:00+00:00,58443.26,58482.01,58306.65,58379.03,146.0836
2025-01-12T14:00:00+00:00,58379.03,58458.07,58138.15,58221.11,148.9908
2025-01-12T15:00:00+00:00,58221.11,58222.48,58000.75,58157.80,29.8881
2025-01-12T16:00:00+00:00,58157.80,58236.33,58060.14,58125.82,111.7295
2025-01-12T17:00:00+00:00,58125.82,58185.47,57682.67,57771.21,149.2875
2025-01-12T18:00:00+00:00,57771.21,58244.83,57764.06,58035.29,178.3429
2025-01-12T19:00:00+00:00,58035.29,58400.52,57886.75,58297.45,77.6482
2025-01-12T20:00:00+00:00,58297.45,58320.35,58223.33,58292.65,75.5367
2025-01-12T21:00:00+00:00,58292.65,58436.27,58081.75,58139.25,115.1166
2025-01-12T22:00:00+00:00,58139.25,58536.83,58067.90,58472.31,145.3398
2025-01-12T23:00:00+00:00,58472.31,58789.66,58446.56,58656.03,98.4204
2025-01-13T00:00:00+00:00,58656.03,58999.04,58631.11,58867.05,158.0741
2025-01-13T01:00:00+00:00,58867.05,58908.04,58633.22,58728.27,48.6115
2025-01-13T02:00:00+00:00,58728.27,59079.84,58650.67,59064.20,110.7607
2025-01-13T03:00:00+00:00,59064.20,59065.73,58870.07,59044.52,137.5619
2025-01-13T04:00:00+00:00,59044.52,59228.49,59027.30,59081.87,82.3292
2025-01-13T05:00:00+00:00,59081.87,59128.61,58876.56,58885.21,130.1166
2025-01-13T06:00:00+00:00,58885.21,59137.11,58782.84,59073.19,214.6510
2025-01-13T07:00:00+00:00,59073.19,59090.09,58994.00,59059.67,164.8991
2025-01-13T08:00:00+00:00,59059.67,59130.75,58925.98,59123.71,143.7919
2025-01-13T09:00:00+00:00,59123.71,59179.63,59039.59,59132.44,107.0830
2025-01-13T10:00:00+00:00,59132.44,59257.75,58940.90,58944.94,57.9940
2025-01-13T11:00:00+00:00,58944.94,58980.43,58840.39,58845.77,131.0477
2025-01-13T12:00:00+00:00,58845.77,59263.61,58845.06,59214.60,103.8902
2025-01-13T13:00:00+00:00,59214.60,59317.36,59177.08,59216.85,124.0579
2025-01-13T14:00:00+00:00,59216.85,59382.64,59199.11,59283.61,155.8281
2025-01-13T15:00:00+00:00,59283.61,59349.59,59251.75,59272.03,115.6418
2025-01-13T16:00:00+00:00,59272.03,59452.16,59260.39,59296.19,67.0985
2025-01-13T17:00:00+00:00,59296.19,59304.96,59147.90,59151.32,50.4592
2025-01-13T18:00:00+00:00,59151.32,59378.58,59086.22,59361.78,147.0613
2025-01-13T19:00:00+00:00,59361.78,59608.98,59332.13,59581.47,47.8391
2025-01-13T20:00:00+00:00,59581.47,59608.02,59370.30,59450.25,140.0469
2025-01-13T21:00:00+00:00,59450.25,59565.70,59317.23,59379.36,133.3007
2025-01-13T22:00:00+00:00,59379.36,59668.18,59294.45,59605.81,27.9448
2025-01-13T23:00:00+00:00,59605.81,59704.45,59137.73,59230.68,116.0091
2025-01-14T00:00:00+00:00,59230.68,59517.69,59182.92,59407.56,110.0240
2025-01-14T01:00:00+00:00,59407.56,59766.10,59398.84,59620.15,74.8203
2025-01-14T02:00:00+00:00,59620.15,59854.52,59569.76,59849.38,142.7257
2025-01-14T03:00:00+00:00,59849.38,60283.65,59757.00,60190.27,79.4284
2025-01-14T04:00:00+00:00,60190.27,60239.18,59918.21,59960.61,145.4953
2025-01-14T05:00:00+00:00,59960.61,60000.05,59660.60,59757.56,221.0203
2025-01-14T06:00:00+00:00,59757.56,59883.59,59397.50,59464.45,159.4276
2025-01-14T07:00:00+00:00,59464.45,59554.75,59281.88,59373.81,132.1569
2025-01-14T08:00:00+00:00,59373.81,59393.33,58933.07,59018.69,136.6088
2025-01-14T09:00:00+00:00,59018.69,59089.45,58910.51,58930.88,92.3871
2025-01-14T10:00:00+00:00,58930.88,59013.18,58862.70,58949.84,72.7394
2025-01-14T11:00:00+00:00,58949.84,58952.54,58806.54,58810.47,46.1633
2025-01-14T12:00:00+00:00,58810.47,58886.52,58489.78,58601.07,110.8788
2025-01-14T13:00:00+00:00,58601.07,58640.30,58455.98,58471.14,220.5274
2025-01-14T14:00:00+00:00,58471.14,58645.60,58405.27,58447.31,120.2352
2025-01-14T15:00:00+00:00,58447.31,58486.03,58360.93,58384.07,139.4171
2025-01-14T16:00:00+00:00,58384.07,58439.81,58331.72,58336.74,140.0285
2025-01-14T17:00:00+00:00,58336.74,58487.48,58278.03,58457.39,91.5138
2025-01-14T18:00:00+00:00,58457.39,58811.50,58411.53,58800.54,132.0186
2025-01-14T19:00:00+00:00,58800.54,58954.43,58746.65,58947.33,125.2729
2025-01-14T20:00:00+00:00,58947.33,58954.75,58939.24,58945.95,199.2219
2025-01-14T21:00:00+00:00,58945.95,59035.68,58792.62,58874.87,59.2141
2025-01-14T22:00:00+00:00,58874.87,58964.23,58675.62,58748.20,81.1454
2025-01-14T23:00:00+00:00,58748.20,58773.71,58623.28,58638.40,139.7231
2025-01-15T00:00:00+00:00,58638.40,58660.85,58468.56,58514.02,40.1693
2025-01-15T01:00:00+00:00,58514.02,58610.34,58359.49,58359.52,162.9874
2025-01-15T02:00:00+00:00,58359.52,58386.64,57762.06,57849.74,153.3534
2025-01-15T03:00:00+00:00,57849.74,58027.87,57781.70,58009.07,63.7113
2025-01-15T04:00:00+00:00,58009.07,58061.06,57640.37,57659.42,119.2285
2025-01-15T05:00:00+00:00,57659.42,57670.45,57389.25,57421.74,27.8405
2025-01-15T06:00:00+00:00,57421.74,57425.57,57147.18,57223.64,98.4593
2025-01-15T07:00:00+00:00,57223.64,57304.19,57017.10,57099.65,63.3000
2025-01-15T08:00:00+00:00,57099.65,57109.21,56666.54,56710.81,112.1788
2025-01-15T09:00:00+00:00,56710.81,56773.05,56532.18,56534.94,100.6252
2025-01-15T10:00:00+00:00,56534.94,56818.01,56484.01,56811.78,132.1573
2025-01-15T11:00:00+00:00,56811.78,56818.36,56664.93,56726.94,141.4563
2025-01-15T12:00:00+00:00,56726.94,56787.04,56581.32,56585.93,149.3890
2025-01-15T13:00:00+00:00,56585.93,56746.74,56456.21,56503.19,116.2394
2025-01-15T14:00:00+00:00,56503.19,56635.34,56494.75,56571.14,141.4523
2025-01-15T15:00:00+00:00,56571.14,56756.45,56520.36,56634.40,87.3638
2025-01-15T16:00:00+00:00,56634.40,56652.89,56308.27,56369.79,112.5956
2025-01-15T17:00:00+00:00,56369.79,56465.51,55897.80,55928.26,79.8838
2025-01-15T18:00:00+00:00,55928.26,56009.61,55683.21,55772.77,174.6354
2025-01-15T19:00:00+00:00,55772.77,55876.02,55327.52,55334.56,159.6248
2025-01-15T20:00:00+00:00,55334.56,55404.52,55286.12,55288.03,123.7035
2025-01-15T21:00:00+00:00,55288.03,55341.10,55200.02,55201.79,154.8902
2025-01-15T22:00:00+00:00,55201.79,55210.77,54752.90,54815.68,76.4145
2025-01-15T23:00:00+00:00,54815.68,54930.69,54273.00,54286.63,110.1362
2025-01-16T00:00:00+00:00,54286.63,54707.15,54279.02,54581.50,99.4984
2025-01-16T01:00:00+00:00,54581.50,54851.30,54571.59,54770.11,121.5715
2025-01-16T02:00:00+00:00,54770.11,55218.82,54770.10,55189.95,139.5077
2025-01-16T03:00:00+00:00,55189.95,55339.91,55179.90,55302.08,84.6104
2025-01-16T04:00:00+00:00,55302.08,55794.32,55291.67,55675.87,97.5735
2025-01-16T05:00:00+00:00,55675.87,56049.54,55656.48,55991.40,62.7070
2025-01-16T06:00:00+00:00,55991.40,56491.06,55967.81,56417.32,98.4982
2025-01-16T07:00:00+00:00,56417.32,56495.29,56227.67,56231.35,78.0747
2025-01-16T08:00:00+00:00,56231.35,56567.91,56226.87,56509.90,150.0982
2025-01-16T09:00:00+00:00,56509.90,56784.46,56438.89,56723.54,137.1150
2025-01-16T10:00:00+00:00,56723.54,56990.11,56638.77,56927.52,121.5710
2025-01-16T11:00:00+00:00,56927.52,56933.49,56871.86,56913.29,83.1751
2025-01-16T12:00:00+00:00,56913.29,56951.99,56371.40,56406.75,88.3321
2025-01-16T13:00:00+00:00,56406.75,56490.81,55531.52,55616.07,146.9802
2025-01-16T14:00:00+00:00,55616.07,55628.19,55446.56,55524.47,82.4684
2025-01-16T15:00:00+00:00,55524.47,55781.80,55445.34,55756.79,115.5174
2025-01-16T16:00:00+00:00,55756.79,55770.52,54904.24,55006.92,134.4565
2025-01-16T17:00:00+00:00,55006.92,55049.44,54716.07,54756.58,91.8284
2025-01-16T18:00:00+00:00,54756.58,54769.37,54316.41,54322.19,93.7114
2025-01-16T19:00:00+00:00,54322.19,54349.24,53856.26,53970.60,96.0614
2025-01-16T20:00:00+00:00,53970.60,54087.69,53708.33,53771.16,147.9272
2025-01-16T21:00:00+00:00,53771.16,53847.12,53588.64,53681.41,111.8749
2025-01-16T22:00:00+00:00,53681.41,53774.86,53659.18,53719.06,151.7780
2025-01-16T23:00:00+00:00,53719.06,53766.36,53285.91,53289.81,109.8265
2025-01-17T00:00:00+00:00,53289.81,53421.02,53119.23,53138.77,117.4058
2025-01-17T01:00:00+00:00,53138.77,53145.53,53037.54,53090.49,204.8744
2025-01-17T02:00:00+00:00,53090.49,53149.38,52657.65,52691.33,35.8803
2025-01-17T03:00:00+00:00,52691.33,52747.88,52252.40,52320.16,76.8325
2025-01-17T04:00:00+00:00,52320.16,52374.15,51871.71,51893.27,178.6804
2025-01-17T05:00:00+00:00,51893.27,51920.90,51315.91,51347.25,136.0458
2025-01-17T06:00:00+00:00,51347.25,51853.49,51270.06,51828.78,90.9759
2025-01-17T07:00:00+00:00,51828.78,51913.65,51381.56,51399.60,70.9440
2025-01-17T08:00:00+00:00,51399.60,51451.84,51302.90,51350.47,137.5296
2025-01-17T09:00:00+00:00,51350.47,51387.73,50895.54,50914.28,115.5876
2025-01-17T10:00:00+00:00,50914.28,50921.40,50718.14,50799.72,170.5429
2025-01-17T11:00:00+00:00,50799.72,50861.95,50146.87,50156.46,123.2271
2025-01-17T12:00:00+00:00,50156.46,50208.93,49660.17,49815.53,78.1079
2025-01-17T13:00:00+00:00,49815.53,49825.00,49407.66,49476.09,155.4094
2025-01-17T14:00:00+00:00,49476.09,49514.56,49470.30,49481.45,121.3816
2025-01-17T15:00:00+00:00,49481.45,49509.11,49360.78,49385.67,117.3938
2025-01-17T16:00:00+00:00,49385.67,49480.17,49291.79,49457.37,128.1076
2025-01-17T17:00:00+00:00,49457.37,49553.79,49438.89,49446.18,132.8505
2025-01-17T18:00:00+00:00,49446.18,49574.94,49387.12,49482.11,69.9976
2025-01-17T19:00:00+00:00,49482.11,49850.61,49465.40,49808.11,78.0063
2025-01-17T20:00:00+00:00,49808.11,50000.63,49715.49,49981.69,106.8648
2025-01-17T21:00:00+00:00,49981.69,49998.97,49917.07,49998.23,61.1378
2025-01-17T22:00:00+00:00,49998.23,50215.37,49993.57,50190.42,97.0998
2025-01-17T23:00:00+00:00,50190.42,50431.97,50136.78,50378.48,135.0463
2025-01-18T00:00:00+00:00,50378.48,50407.96,50038.82,50053.72,100.9391
2025-01-18T01:00:00+00:00,50053.72,50156.97,50001.78,50102.35,76.4727
2025-01-18T02:00:00+00:00,50102.35,50131.61,49776.57,49809.06,27.1703
2025-01-18T03:00:00+00:00,49809.06,49933.19,49803.49,49857.63,134.6494
2025-01-18T04:00:00+00:00,49857.63,50298.13,49832.50,50282.80,89.2327
2025-01-18T05:00:00+00:00,50282.80,50385.32,49554.31,49593.76,73.6881
2025-01-18T06:00:00+00:00,49593.76,49652.50,49401.72,49445.74,95.8576
2025-01-18T07:00:00+00:00,49445.74,49519.60,49165.59,49250.82,76.9002
2025-01-18T08:00:00+00:00,49250.82,49254.18,49207.72,49212.78,162.7753
2025-01-18T09:00:00+00:00,49212.78,49269.06,48700.51,48713.57,113.3589
2025-01-18T10:00:00+00:00,48713.57,49039.25,48662.43,48946.26,82.3966
2025-01-18T11:00:00+00:00,48946.26,49059.62,48795.20,48826.42,64.0909
2025-01-18T12:00:00+00:00,48826.42,49051.90,48762.37,49023.89,146.8809
2025-01-18T13:00:00+00:00,49023.89,49084.93,49023.74,49047.29,28.3212
2025-01-18T14:00:00+00:00,49047.29,49133.27,49018.38,49053.24,80.7839
2025-01-18T15:00:00+00:00,49053.24,49123.20,49052.50,49079.71,50.1530
2025-01-18T16:00:00+00:00,49079.71,49086.02,48888.06,48923.20,56.5025
2025-01-18T17:00:00+00:00,48923.20,49007.32,48825.80,48930.47,70.8016
2025-01-18T18:00:00+00:00,48930.47,48939.62,48533.36,48565.31,107.2129
2025-01-18T19:00:00+00:00,48565.31,48630.96,48548.56,48596.54,84.8037
2025-01-18T20:00:00+00:00,48596.54,48619.85,48257.80,48290.52,118.5466
2025-01-18T21:00:00+00:00,48290.52,49265.65,48271.23,49209.75,134.4780
2025-01-18T22:00:00+00:00,49209.75,49286.71,48782.30,48826.24,165.8345
2025-01-18T23:00:00+00:00,48826.24,48884.93,48577.74,48592.85,122.3475
2025-01-19T00:00:00+00:00,48592.85,49149.55,48517.66,49142.42,125.4455
2025-01-19T01:00:00+00:00,49142.42,49244.64,48943.36,49070.71,164.4297
2025-01-19T02:00:00+00:00,49070.71,49203.49,49026.82,49095.23,114.0328
2025-01-19T03:00:00+00:00,49095.23,49261.97,49084.85,49252.63,136.1616
2025-01-19T04:00:00+00:00,49252.63,49600.18,49207.64,49576.25,88.8411
2025-01-19T05:00:00+00:00,49576.25,50201.63,49502.37,50158.62,142.1948
2025-01-19T06:00:00+00:00,50158.62,50176.90,49957.16,50001.93,113.1972
2025-01-19T07:00:00+00:00,50001.93,50035.76,49487.20,49572.45,104.8996
2025-01-19T08:00:00+00:00,49572.45,49612.82,49201.23,49283.78,208.6449
2025-01-19T09:00:00+00:00,49283.78,49460.56,49239.64,49458.37,128.3914
2025-01-19T10:00:00+00:00,49458.37,49561.07,48948.08,49040.66,77.9902
2025-01-19T11:00:00+00:00,49040.66,49531.30,49019.34,49500.90,65.1483
2025-01-19T12:00:00+00:00,49500.90,49568.28,49439.74,49566.44,173.9537
2025-01-19T13:00:00+00:00,49566.44,49980.24,49542.42,49946.75,172.0261
2025-01-19T14:00:00+00:00,49946.75,49975.00,49898.12,49918.80,148.5663
2025-01-19T15:00:00+00:00,49918.80,50176.31,49897.16,50127.83,146.7445
2025-01-19T16:00:00+00:00,50127.83,50445.48,50032.52,50374.27,126.0336
2025-01-19T17:00:00+00:00,50374.27,50389.67,50328.35,50366.68,108.6058
2025-01-19T18:00:00+00:00,50366.68,50936.12,50341.30,50886.71,106.8724
2025-01-19T19:00:00+00:00,50886.71,50895.68,50615.22,50720.68,87.7359
2025-01-19T20:00:00+00:00,50720.68,50768.90,50393.84,50454.09,183.9123
2025-01-19T21:00:00+00:00,50454.09,50466.07,49970.67,49997.17,143.1293
2025-01-19T22:00:00+00:00,49997.17,50440.20,49965.50,50406.82,113.6394
2025-01-19T23:00:00+00:00,50406.82,50569.94,50376.90,50535.29,133.2485
2025-01-20T00:00:00+00:00,50535.29,50650.28,50404.64,50423.21,141.9059
2025-01-20T01:00:00+00:00,50423.21,50426.20,50099.31,50123.61,109.7425
2025-01-20T02:00:00+00:00,50123.61,50193.26,50053.00,50190.50,84.5904
2025-01-20T03:00:00+00:00,50190.50,50304.92,50180.00,50238.27,151.0900
2025-01-20T04:00:00+00:00,50238.27,50343.78,50025.32,50288.98,113.0203
2025-01-20T05:00:00+00:00,50288.98,50388.05,50257.48,50375.63,203.5412
2025-01-20T06:00:00+00:00,50375.63,50830.33,50330.35,50795.65,227.8128
2025-01-20T07:00:00+00:00,50795.65,51321.36,50777.54,51310.13,139.4919
2025-01-20T08:00:00+00:00,51310.13,51857.32,51271.20,51855.90,116.7354
2025-01-20T09:00:00+00:00,51855.90,51910.19,51173.81,51189.65,172.0327
2025-01-20T10:00:00+00:00,51189.65,51308.58,51177.24,51279.00,58.4396
2025-01-20T11:00:00+00:00,51279.00,51307.82,51207.12,51284.19,149.6015
2025-01-20T12:00:00+00:00,51284.19,51285.59,50979.23,51002.21,173.9860
2025-01-20T13:00:00+00:00,51002.21,51110.12,50784.29,50819.85,107.6121
2025-01-20T14:00:00+00:00,50819.85,51278.07,50738.12,51238.00,155.9128
2025-01-20T15:00:00+00:00,51238.00,51768.00,51177.75,51729.39,187.0757
2025-01-20T16:00:00+00:00,51729.39,51986.21,51593.74,51931.58,129.5095
2025-01-20T17:00:00+00:00,51931.58,51950.08,51266.19,51270.22,146.5323
2025-01-20T18:00:00+00:00,51270.22,51430.08,51239.57,51378.70,153.9752
2025-01-20T19:00:00+00:00,51378.70,51382.04,51251.75,51318.13,115.6013
2025-01-20T20:00:00+00:00,51318.13,51321.20,51101.81,51126.74,49.1519
2025-01-20T21:00:00+00:00,51126.74,51310.55,51112.22,51270.05,82.9568
2025-01-20T22:00:00+00:00,51270.05,51291.92,51128.66,51235.06,49.8353
2025-01-20T23:00:00+00:00,51235.06,51237.47,50756.13,50830.47,111.5377
2025-01-21T00:00:00+00:00,50830.47,51607.28,50824.10,51586.28,146.0392
2025-01-21T01:00:00+00:00,51586.28,51766.31,51580.02,51737.97,111.9820
2025-01-21T02:00:00+00:00,51737.97,52152.26,51734.00,52097.07,128.1115
2025-01-21T03:00:00+00:00,52097.07,52144.99,51632.53,51728.21,112.0628
2025-01-21T04:00:00+00:00,51728.21,52268.17,51724.33,52192.05,109.0970
2025-01-21T05:00:00+00:00,52192.05,52468.21,52141.32,52416.97,120.8462
2025-01-21T06:00:00+00:00,52416.97,52656.00,52362.07,52611.31,161.5981
2025-01-21T07:00:00+00:00,52611.31,52716.32,52517.47,52688.98,91.7145
2025-01-21T08:00:00+00:00,52688.98,53057.26,52631.01,52955.22,105.8306
2025-01-21T09:00:00+00:00,52955.22,53013.48,52322.20,52384.47,114.5670
2025-01-21T10:00:00+00:00,52384.47,52895.22,52359.85,52855.61,146.1877
2025-01-21T11:00:00+00:00,52855.61,52913.98,52532.47,52645.80,112.4940
2025-01-21T12:00:00+00:00,52645.80,53165.27,52633.73,53104.27,110.1483
2025-01-21T13:00:00+00:00,53104.27,53121.74,52226.48,52269.99,108.8537
2025-01-21T14:00:00+00:00,52269.99,52311.71,51791.20,51841.60,158.0280
2025-01-21T15:00:00+00:00,51841.60,52133.88,51828.85,52105.80,120.7538
2025-01-21T16:00:00+00:00,52105.80,52726.89,52081.36,52598.68,28.2686
2025-01-21T17:00:00+00:00,52598.68,52684.01,52079.85,52177.12,65.7779
2025-01-21T18:00:00+00:00,52177.12,52598.01,52167.79,52578.64,180.9590
2025-01-21T19:00:00+00:00,52578.64,52656.66,52405.93,52483.98,95.5027
2025-01-21T20:00:00+00:00,52483.98,52560.32,52304.56,52445.84,160.7376
2025-01-21T21:00:00+00:00,52445.84,52498.09,52327.28,52346.38,104.7971
2025-01-21T22:00:00+00:00,52346.38,52434.07,51609.47,51658.30,118.2655
2025-01-21T23:00:00+00:00,51658.30,51674.34,51228.85,51247.70,137.5241
2025-01-22T00:00:00+00:00,51247.70,51423.48,51205.47,51385.70,139.2776
2025-01-22T01:00:00+00:00,51385.70,51412.12,51242.24,51355.21,99.0381
2025-01-22T02:00:00+00:00,51355.21,51406.24,50986.61,51010.66,99.2741
2025-01-22T03:00:00+00:00,51010.66,51076.60,50810.76,50891.09,104.6227
2025-01-22T04:00:00+00:00,50891.09,50901.29,50595.06,50597.15,149.2784
2025-01-22T05:00:00+00:00,50597.15,50601.81,50256.21,50264.21,117.8294
2025-01-22T06:00:00+00:00,50264.21,50360.12,49862.78,49868.27,171.8864
2025-01-22T07:00:00+00:00,49868.27,50041.22,49743.16,49772.14,187.0020
2025-01-22T08:00:00+00:00,49772.14,49820.96,49727.73,49802.31,89.8375
2025-01-22T09:00:00+00:00,49802.31,49961.80,49711.72,49939.24,145.0512
2025-01-22T10:00:00+00:00,49939.24,50049.19,49844.26,50022.02,104.4268
2025-01-22T11:00:00+00:00,50022.02,50143.82,49967.98,50098.83,168.9912
2025-01-22T12:00:00+00:00,50098.83,50176.99,49849.55,49880.82,77.4433
2025-01-22T13:00:00+00:00,49880.82,49979.28,49859.28,49863.42,75.6596
2025-01-22T14:00:00+00:00,49863.42,50006.37,49836.57,49914.57,110.3422
2025-01-22T15:00:00+00:00,49914.57,49928.21,49906.75,49924.17,68.1466
2025-01-22T16:00:00+00:00,49924.17,49926.21,49484.39,49540.02,102.8201
2025-01-22T17:00:00+00:00,49540.02,49721.59,49494.65,49603.42,96.5957
2025-01-22T18:00:00+00:00,49603.42,49622.87,49437.77,49446.09,88.1720
2025-01-22T19:00:00+00:00,49446.09,49493.99,49261.04,49300.05,144.4030
2025-01-22T20:00:00+00:00,49300.05,49478.70,49235.95,49366.51,121.1226
2025-01-22T21:00:00+00:00,49366.51,49463.40,49318.98,49417.16,162.3693
2025-01-22T22:00:00+00:00,49417.16,49429.64,49315.78,49361.73,103.9828
2025-01-22T23:00:00+00:00,49361.73,49612.65,49323.02,49518.21,114.0712
2025-01-23T00:00:00+00:00,49518.21,49576.43,49207.64,49226.02,121.8372
2025-01-23T01:00:00+00:00,49226.02,49253.51,48978.01,49067.03,87.9096
2025-01-23T02:00:00+00:00,49067.03,49117.46,48486.08,48555.98,115.7182
2025-01-23T03:00:00+00:00,48555.98,48609.14,48449.71,48498.69,162.9114
2025-01-23T04:00:00+00:00,48498.69,48612.57,48257.29,48288.82,77.2927
2025-01-23T05:00:00+00:00,48288.82,48435.64,48228.39,48402.87,150.9494
2025-01-23T06:00:00+00:00,48402.87,48456.52,48070.67,48135.72,110.7727
2025-01-23T07:00:00+00:00,48135.72,48165.41,47894.95,47947.70,120.1068
2025-01-23T08:00:00+00:00,47947.70,47967.62,47663.88,47687.80,151.7480
2025-01-23T09:00:00+00:00,47687.80,47967.45,47660.19,47952.91,119.4698
2025-01-23T10:00:00+00:00,47952.91,48180.82,47877.80,48126.44,11.0408
2025-01-23T11:00:00+00:00,48126.44,48280.70,48099.92,48241.59,148.5393
2025-01-23T12:00:00+00:00,48241.59,48246.59,48056.56,48070.44,144.4908
2025-01-23T13:00:00+00:00,48070.44,48127.64,47825.65,47936.32,222.5788
2025-01-23T14:00:00+00:00,47936.32,47949.11,47822.72,47908.65,158.1991
2025-01-23T15:00:00+00:00,47908.65,47991.19,47782.91,47831.81,121.8380
2025-01-23T16:00:00+00:00,47831.81,48000.08,47813.11,47936.12,97.9571
2025-01-23T17:00:00+00:00,47936.12,47937.10,47745.27,47753.58,178.4177
2025-01-23T18:00:00+00:00,47753.58,47792.10,47221.16,47273.26,102.4351
2025-01-23T19:00:00+00:00,47273.26,47356.03,47271.65,47333.10,102.0372
2025-01-23T20:00:00+00:00,47333.10,47423.78,47228.42,47403.31,110.5113
2025-01-23T21:00:00+00:00,47403.31,47470.53,47199.52,47207.82,123.4129
2025-01-23T22:00:00+00:00,47207.82,47273.57,47196.42,47223.95,84.4940
2025-01-23T23:00:00+00:00,47223.95,47317.13,47124.48,47278.05,171.6438
2025-01-24T00:00:00+00:00,47278.05,47304.02,47110.71,47163.83,133.2396
2025-01-24T01:00:00+00:00,47163.83,47484.39,47039.35,47444.05,70.7011
2025-01-24T02:00:00+00:00,47444.05,47473.38,47260.00,47260.08,132.9966
2025-01-24T03:00:00+00:00,47260.08,47559.83,47212.01,47512.67,199.6300
2025-01-24T04:00:00+00:00,47512.67,47605.91,47397.00,47561.46,60.0292
2025-01-24T05:00:00+00:00,47561.46,47565.36,47210.17,47212.68,160.7185
2025-01-24T06:00:00+00:00,47212.68,47251.97,47150.98,47192.95,197.0479
2025-01-24T07:00:00+00:00,47192.95,47202.79,46941.53,46942.97,145.6698
2025-01-24T08:00:00+00:00,46942.97,46971.10,46840.10,46885.99,115.1047
2025-01-24T09:00:00+00:00,46885.99,46896.47,46767.42,46821.63,112.6903
2025-01-24T10:00:00+00:00,46821.63,46833.44,46704.21,46779.22,173.3087
2025-01-24T11:00:00+00:00,46779.22,46813.07,46700.18,46716.72,151.4634
2025-01-24T12:00:00+00:00,46716.72,46734.63,46690.44,46719.73,89.6175
2025-01-24T13:00:00+00:00,46719.73,46914.96,46682.60,46841.96,138.4322
2025-01-24T14:00:00+00:00,46841.96,46904.69,46741.73,46879.37,147.5378
2025-01-24T15:00:00+00:00,46879.37,46938.59,46825.10,46907.39,172.1147
2025-01-24T16:00:00+00:00,46907.39,47006.57,46617.68,46653.49,215.8285
2025-01-24T17:00:00+00:00,46653.49,46654.71,46524.73,46553.03,127.2069
2025-01-24T18:00:00+00:00,46553.03,46594.85,46463.70,46523.71,89.6047
2025-01-24T19:00:00+00:00,46523.71,46554.67,46422.87,46452.84,103.6156
2025-01-24T20:00:00+00:00,46452.84,46522.97,46383.35,46502.45,116.9093
2025-01-24T21:00:00+00:00,46502.45,46597.58,46410.61,46471.78,159.7749
2025-01-24T22:00:00+00:00,46471.78,46491.63,46344.03,46362.21,131.8207
2025-01-24T23:00:00+00:00,46362.21,46579.91,46326.80,46482.30,174.1983
2025-01-25T00:00:00+00:00,46482.30,46666.56,46439.95,46621.10,157.0262
2025-01-25T01:00:00+00:00,46621.10,46640.87,46591.03,46606.08,147.5646
2025-01-25T02:00:00+00:00,46606.08,46825.45,46594.60,46761.98,160.8159
2025-01-25T03:00:00+00:00,46761.98,47018.40,46679.37,46965.69,67.5871
2025-01-25T04:00:00+00:00,46965.69,47075.69,46882.11,47042.16,132.1503
2025-01-25T05:00:00+00:00,47042.16,47087.14,46903.79,46974.32,151.6382
2025-01-25T06:00:00+00:00,46974.32,47014.77,46910.97,46940.93,90.4035
2025-01-25T07:00:00+00:00,46940.93,46966.75,46786.35,46879.41,179.5108
2025-01-25T08:00:00+00:00,46879.41,46967.80,46841.65,46857.20,123.8737
2025-01-25T09:00:00+00:00,46857.20,46938.07,46839.18,46906.25,158.0030
2025-01-25T10:00:00+00:00,46906.25,47035.90,46883.38,47024.02,101.7736
2025-01-25T11:00:00+00:00,47024.02,47183.90,47015.01,47121.72,91.0001
2025-01-25T12:00:00+00:00,47121.72,47155.86,46923.29,46924.74,122.4332
2025-01-25T13:00:00+00:00,46924.74,47132.18,46920.97,47047.83,132.5462
2025-01-25T14:00:00+00:00,47047.83,47226.71,47007.41,47165.30,129.7790
2025-01-25T15:00:00+00:00,47165.30,47421.86,47134.20,47357.15,206.9390
2025-01-25T16:00:00+00:00,47357.15,47381.27,47337.60,47356.97,83.3820
2025-01-25T17:00:00+00:00,47356.97,47463.71,47348.08,47352.88,138.0336
2025-01-25T18:00:00+00:00,47352.88,47513.49,47273.96,47493.69,94.9487
2025-01-25T19:00:00+00:00,47493.69,47600.71,47431.15,47474.52,89.3420
2025-01-25T20:00:00+00:00,47474.52,47711.92,47413.09,47682.28,141.8458
2025-01-25T21:00:00+00:00,47682.28,47762.61,47681.00,47749.55,109.0770
2025-01-25T22:00:00+00:00,47749.55,47848.73,47668.61,47673.67,171.1722
2025-01-25T23:00:00+00:00,47673.67,47889.30,47631.95,47873.67,112.7368
2025-01-26T00:00:00+00:00,47873.67,48019.30,47840.93,47999.54,135.1409
2025-01-26T01:00:00+00:00,47999.54,48028.52,47947.66,47970.56,63.5745
2025-01-26T02:00:00+00:00,47970.56,48021.42,47908.39,47978.71,116.8113
2025-01-26T03:00:00+00:00,47978.71,48123.00,47942.18,48101.93,200.1717
2025-01-26T04:00:00+00:00,48101.93,48276.57,48048.74,48218.62,184.6226
2025-01-26T05:00:00+00:00,48218.62,48247.84,47943.73,47985.21,172.8064
2025-01-26T06:00:00+00:00,47985.21,48022.42,47843.94,47854.92,45.9407
2025-01-26T07:00:00+00:00,47854.92,47975.51,47829.93,47944.18,141.9063
2025-01-26T08:00:00+00:00,47944.18,48070.02,47914.99,48052.69,179.8068
2025-01-26T09:00:00+00:00,48052.69,48061.75,47956.62,47985.83,161.1484
2025-01-26T10:00:00+00:00,47985.83,48012.33,47921.28,47928.91,123.5723
2025-01-26T11:00:00+00:00,47928.91,48172.95,47849.94,48168.19,153.0050
2025-01-26T12:00:00+00:00,48168.19,48362.13,48116.27,48352.86,150.2705
2025-01-26T13:00:00+00:00,48352.86,48367.98,48259.46,48266.66,119.6192
2025-01-26T14:00:00+00:00,48266.66,48489.37,48172.50,48448.88,53.6908
2025-01-26T15:00:00+00:00,48448.88,48485.09,48384.54,48385.34,142.8476
2025-01-26T16:00:00+00:00,48385.34,48649.49,48359.36,48632.07,92.6384
2025-01-26T17:00:00+00:00,48632.07,48790.44,48556.58,48713.80,45.6013
2025-01-26T18:00:00+00:00,48713.80,48928.85,48667.21,48839.34,63.3531
2025-01-26T19:00:00+00:00,48839.34,48872.51,48772.53,48795.97,89.7224
2025-01-26T20:00:00+00:00,48795.97,48850.47,48595.32,48670.39,176.2539
2025-01-26T21:00:00+00:00,48670.39,48690.13,48595.38,48673.22,98.0480
2025-01-26T22:00:00+00:00,48673.22,48852.97,48556.80,48770.10,66.9583
2025-01-26T23:00:00+00:00,48770.10,48772.53,48571.03,48598.05,149.2107
2025-01-27T00:00:00+00:00,48598.05,48609.69,48532.78,48546.01,98.8798
2025-01-27T01:00:00+00:00,48546.01,48599.86,48171.00,48184.96,127.0992
2025-01-27T02:00:00+00:00,48184.96,48198.92,48096.87,48097.60,118.0465
2025-01-27T03:00:00+00:00,48097.60,48346.68,48083.63,48250.87,80.0173
2025-01-27T04:00:00+00:00,48250.87,48334.26,48146.43,48206.67,117.1623
2025-01-27T05:00:00+00:00,48206.67,48259.43,48070.15,48124.49,56.3416
2025-01-27T06:00:00+00:00,48124.49,48215.43,48106.77,48195.76,162.5087
2025-01-27T07:00:00+00:00,48195.76,48216.51,48064.29,48072.47,136.8822
2025-01-27T08:00:00+00:00,48072.47,48129.81,47876.92,48000.91,105.3009
2025-01-27T09:00:00+00:00,48000.91,48376.79,47923.09,48259.47,107.7807
2025-01-27T10:00:00+00:00,48259.47,48297.46,48224.08,48278.56,71.9233
2025-01-27T11:00:00+00:00,48278.56,48350.68,48160.31,48223.67,107.6201
2025-01-27T12:00:00+00:00,48223.67,48262.67,48083.75,48150.32,190.2857
2025-01-27T13:00:00+00:00,48150.32,48248.87,48123.05,48242.35,81.7385
2025-01-27T14:00:00+00:00,48242.35,48468.88,48189.40,48425.31,158.9892
2025-01-27T15:00:00+00:00,48425.31,48461.13,48217.43,48270.87,105.0817
2025-01-27T16:00:00+00:00,48270.87,48363.77,48214.62,48339.70,88.8616
2025-01-27T17:00:00+00:00,48339.70,48634.72,48339.13,48559.50,138.8647
2025-01-27T18:00:00+00:00,48559.50,48568.03,48376.96,48450.68,124.4222
2025-01-27T19:00:00+00:00,48450.68,48553.54,48397.78,48478.50,152.2893
2025-01-27T20:00:00+00:00,48478.50,48491.05,48408.95,48427.97,129.5363
2025-01-27T21:00:00+00:00,48427.97,48470.98,48071.78,48158.72,101.2128
2025-01-27T22:00:00+00:00,48158.72,48190.30,48066.46,48161.81,117.2473
2025-01-27T23:00:00+00:00,48161.81,48445.23,48134.24,48379.81,136.3938
2025-01-28T00:00:00+00:00,48379.81,48579.35,48374.89,48560.72,99.5698
2025-01-28T01:00:00+00:00,48560.72,48588.72,48556.09,48568.93,159.4758
2025-01-28T02:00:00+00:00,48568.93,48771.24,48557.63,48763.76,153.8771
2025-01-28T03:00:00+00:00,48763.76,48823.22,48660.70,48723.02,85.1056
2025-01-28T04:00:00+00:00,48723.02,49106.13,48688.84,49043.43,151.2749
2025-01-28T05:00:00+00:00,49043.43,49387.61,49042.65,49297.95,114.9006
2025-01-28T06:00:00+00:00,49297.95,49341.68,49183.88,49255.72,116.9641
2025-01-28T07:00:00+00:00,49255.72,49309.32,48985.74,49008.04,86.8617
2025-01-28T08:00:00+00:00,49008.04,49049.27,48799.95,48812.27,114.6399
2025-01-28T09:00:00+00:00,48812.27,48985.95,48757.32,48962.54,169.7879
2025-01-28T10:00:00+00:00,48962.54,49824.21,48865.89,49800.34,147.1121
2025-01-28T11:00:00+00:00,49800.34,49802.10,49647.05,49648.85,143.7931
2025-01-28T12:00:00+00:00,49648.85,50215.60,49593.98,50164.23,54.4245
2025-01-28T13:00:00+00:00,50164.23,50188.30,49833.51,49934.94,119.8377
2025-01-28T14:00:00+00:00,49934.94,49999.43,49671.27,49861.90,140.9863
2025-01-28T15:00:00+00:00,49861.90,49867.44,49373.07,49483.98,136.0512
2025-01-28T16:00:00+00:00,49483.98,49855.62,49434.59,49818.03,78.2812
2025-01-28T17:00:00+00:00,49818.03,50346.31,49795.13,50214.70,80.1323
2025-01-28T18:00:00+00:00,50214.70,50428.92,50158.00,50278.34,116.9652
2025-01-28T19:00:00+00:00,50278.34,50287.54,49929.60,49986.72,162.0395
2025-01-28T20:00:00+00:00,49986.72,50192.91,49979.05,50085.01,85.4764
2025-01-28T21:00:00+00:00,50085.01,50112.92,49335.31,49356.38,154.2484
2025-01-28T22:00:00+00:00,49356.38,49360.79,49109.72,49110.67,202.7723
2025-01-28T23:00:00+00:00,49110.67,49163.17,48748.84,48753.54,98.9563
2025-01-29T00:00:00+00:00,48753.54,48767.61,48585.44,48640.19,118.9607
2025-01-29T01:00:00+00:00,48640.19,48674.67,48202.38,48259.94,168.5086
2025-01-29T02:00:00+00:00,48259.94,48828.48,48228.05,48764.22,136.0230
2025-01-29T03:00:00+00:00,48764.22,48798.28,48305.59,48389.21,162.2952
2025-01-29T04:00:00+00:00,48389.21,48453.81,48379.95,48412.53,99.8775
2025-01-29T05:00:00+00:00,48412.53,49115.40,48382.55,49049.32,152.8625
2025-01-29T06:00:00+00:00,49049.32,49183.56,48984.20,49148.30,75.5427
2025-01-29T07:00:00+00:00,49148.30,49227.71,48823.58,48881.02,47.8569
2025-01-29T08:00:00+00:00,48881.02,48985.38,48796.99,48917.35,76.0862
2025-01-29T09:00:00+00:00,48917.35,49051.60,48883.29,49050.89,201.5550
2025-01-29T10:00:00+00:00,49050.89,49103.70,48794.25,48874.39,162.8105
2025-01-29T11:00:00+00:00,48874.39,49226.05,48816.50,49192.40,171.1278
2025-01-29T12:00:00+00:00,49192.40,49269.29,49069.80,49152.85,33.6426
2025-01-29T13:00:00+00:00,49152.85,49307.09,49083.21,49289.97,96.8524
2025-01-29T14:00:00+00:00,49289.97,49342.03,49009.68,49163.14,142.2948
2025-01-29T15:00:00+00:00,49163.14,49250.88,48856.97,48955.95,85.0212
2025-01-29T16:00:00+00:00,48955.95,48989.01,48785.80,48844.81,90.8560
2025-01-29T17:00:00+00:00,48844.81,48926.95,48831.59,48832.56,129.0265
2025-01-29T18:00:00+00:00,48832.56,49122.47,48795.22,49103.51,100.6695
2025-01-29T19:00:00+00:00,49103.51,49103.83,48933.17,48934.21,134.6610
2025-01-29T20:00:00+00:00,48934.21,48977.26,48837.41,48963.82,153.7907
2025-01-29T21:00:00+00:00,48963.82,49006.57,48466.87,48513.10,122.0082
2025-01-29T22:00:00+00:00,48513.10,48521.00,48441.40,48447.48,129.4842
2025-01-29T23:00:00+00:00,48447.48,48552.80,48093.74,48159.49,128.8193
2025-01-30T00:00:00+00:00,48159.49,48225.51,47673.46,47725.64,191.9891
2025-01-30T01:00:00+00:00,47725.64,47750.73,47650.43,47727.29,75.9695
2025-01-30T02:00:00+00:00,47727.29,47986.72,47618.98,47982.28,91.1813
2025-01-30T03:00:00+00:00,47982.28,48204.88,47953.97,48196.75,92.4204
2025-01-30T04:00:00+00:00,48196.75,48243.02,47754.07,47771.09,100.8944
2025-01-30T05:00:00+00:00,47771.09,47937.98,47663.11,47933.36,106.8808
2025-01-30T06:00:00+00:00,47933.36,47975.83,47680.74,47728.95,171.1419
2025-01-30T07:00:00+00:00,47728.95,47830.24,47654.54,47805.53,114.8965
2025-01-30T08:00:00+00:00,47805.53,47901.03,47780.15,47821.98,78.9943
2025-01-30T09:00:00+00:00,47821.98,48211.08,47779.99,48194.59,79.8297
2025-01-30T10:00:00+00:00,48194.59,48265.86,48015.02,48060.63,158.5860
2025-01-30T11:00:00+00:00,48060.63,48104.18,47969.34,47994.01,114.4487
2025-01-30T12:00:00+00:00,47994.01,48395.66,47946.59,48247.63,166.6885
2025-01-30T13:00:00+00:00,48247.63,48341.59,47486.32,47560.03,99.3929
2025-01-30T14:00:00+00:00,47560.03,47833.58,47532.39,47783.72,187.5735
2025-01-30T15:00:00+00:00,47783.72,47861.86,47718.24,47727.87,34.8848
2025-01-30T16:00:00+00:00,47727.87,48164.68,47715.11,48082.33,72.7677
2025-01-30T17:00:00+00:00,48082.33,48155.46,47674.00,47780.09,149.4680
2025-01-30T18:00:00+00:00,47780.09,48015.28,47733.83,47891.86,97.8691
2025-01-30T19:00:00+00:00,47891.86,48076.89,47808.60,47978.08,130.7282
2025-01-30T20:00:00+00:00,47978.08,48474.20,47904.23,48463.99,90.0707
2025-01-30T21:00:00+00:00,48463.99,48497.74,48216.45,48306.34,182.2636
2025-01-30T22:00:00+00:00,48306.34,48366.10,47962.44,47971.63,113.3159
2025-01-30T23:00:00+00:00,47971.63,48398.50,47968.87,48386.63,158.3642
2025-01-31T00:00:00+00:00,48386.63,48440.92,48190.85,48212.18,201.9441
2025-01-31T01:00:00+00:00,48212.18,48213.61,47345.72,47362.15,76.9234
2025-01-31T02:00:00+00:00,47362.15,47813.86,47332.62,47774.24,114.8574
2025-01-31T03:00:00+00:00,47774.24,47797.70,47586.56,47702.62,123.0040
2025-01-31T04:00:00+00:00,47702.62,47752.87,47559.30,47669.65,56.9546
2025-01-31T05:00:00+00:00,47669.65,47687.84,47635.96,47658.38,44.4902
2025-01-31T06:00:00+00:00,47658.38,47675.89,47607.81,47617.02,78.4724
2025-01-31T07:00:00+00:00,47617.02,47629.51,47360.18,47439.86,97.2695
2025-01-31T08:00:00+00:00,47439.86,47492.79,47413.87,47462.03,109.8393
2025-01-31T09:00:00+00:00,47462.03,47525.68,47262.88,47319.37,174.5694
2025-01-31T10:00:00+00:00,47319.37,47332.01,46938.28,47007.68,150.4387
2025-01-31T11:00:00+00:00,47007.68,47056.55,46769.82,46830.98,193.9125
2025-01-31T12:00:00+00:00,46830.98,46850.22,46629.31,46636.17,115.9513
2025-01-31T13:00:00+00:00,46636.17,46909.35,46558.92,46852.68,92.9339
2025-01-31T14:00:00+00:00,46852.68,46870.22,46791.84,46807.97,111.9715
2025-01-31T15:00:00+00:00,46807.97,47408.50,46740.56,47317.41,112.0262
2025-01-31T16:00:00+00:00,47317.41,47487.07,47239.58,47486.41,106.7601
2025-01-31T17:00:00+00:00,47486.41,47537.35,46482.07,46587.14,106.6933
2025-01-31T18:00:00+00:00,46587.14,46668.61,46479.51,46662.65,106.5554
2025-01-31T19:00:00+00:00,46662.65,46833.28,46584.20,46826.29,148.4037
2025-01-31T20:00:00+00:00,46826.29,47019.18,46789.96,47014.92,115.4442
2025-01-31T21:00:00+00:00,47014.92,47487.45,46972.45,47457.67,111.6172
2025-01-31T22:00:00+00:00,47457.67,47472.39,47342.17,47386.53,130.3337
2025-01-31T23:00:00+00:00,47386.53,47437.61,47117.74,47211.36,118.2333
2025-02-01T00:00:00+00:00,47211.36,47270.27,47089.89,47143.74,111.2253
2025-02-01T01:00:00+00:00,47143.74,47467.28,47068.59,47389.01,72.1433
2025-02-01T02:00:00+00:00,47389.01,47728.09,47384.42,47679.56,168.0571
2025-02-01T03:00:00+00:00,47679.56,48091.44,47657.54,48085.12,2.8242
2025-02-01T04:00:00+00:00,48085.12,48322.07,48016.42,48246.08,149.9017
2025-02-01T05:00:00+00:00,48246.08,48681.10,48184.63,48661.64,149.5327
2025-02-01T06:00:00+00:00,48661.64,48719.54,48470.35,48501.97,82.6192
2025-02-01T07:00:00+00:00,48501.97,48532.89,48137.71,48176.92,84.9522
2025-02-01T08:00:00+00:00,48176.92,48237.69,47865.72,47943.97,172.1597
2025-02-01T09:00:00+00:00,47943.97,48172.07,47931.12,48059.60,132.4948
2025-02-01T10:00:00+00:00,48059.60,48257.22,48001.57,48250.35,57.9199
2025-02-01T11:00:00+00:00,48250.35,48727.42,48182.91,48681.80,43.0673
2025-02-01T12:00:00+00:00,48681.80,48727.15,48607.29,48669.72,54.5790
2025-02-01T13:00:00+00:00,48669.72,48733.40,48208.72,48411.02,54.6959
2025-02-01T14:00:00+00:00,48411.02,48864.30,48385.18,48824.66,141.4167
2025-02-01T15:00:00+00:00,48824.66,48975.46,48809.12,48926.50,100.5877
2025-02-01T16:00:00+00:00,48926.50,48957.74,48686.64,48795.63,95.4362
2025-02-01T17:00:00+00:00,48795.63,48900.71,48366.17,48390.21,155.0977
2025-02-01T18:00:00+00:00,48390.21,48603.85,48313.85,48557.29,154.3713
2025-02-01T19:00:00+00:00,48557.29,48596.51,48290.21,48326.87,79.4461
2025-02-01T20:00:00+00:00,48326.87,48407.72,48147.41,48154.91,153.7310
2025-02-01T21:00:00+00:00,48154.91,48164.24,47926.62,47988.47,72.4975
2025-02-01T22:00:00+00:00,47988.47,48175.59,47958.03,48113.60,121.7867
2025-02-01T23:00:00+00:00,48113.60,48119.58,47606.86,47656.78,87.0575
2025-02-02T00:00:00+00:00,47656.78,47734.34,47654.62,47692.92,120.4438
2025-02-02T01:00:00+00:00,47692.92,47769.26,47611.38,47636.32,168.0415
2025-02-02T02:00:00+00:00,47636.32,47815.32,47630.39,47793.34,163.7455
2025-02-02T03:00:00+00:00,47793.34,47803.88,47404.34,47429.64,132.1020
2025-02-02T04:00:00+00:00,47429.64,47636.41,47404.81,47624.17,32.6905
2025-02-02T05:00:00+00:00,47624.17,47678.49,47442.28,47534.42,138.3506
2025-02-02T06:00:00+00:00,47534.42,47810.06,47500.11,47798.56,101.7410
2025-02-02T07:00:00+00:00,47798.56,47916.37,47743.86,47804.97,161.3573
2025-02-02T08:00:00+00:00,47804.97,48342.24,47786.80,48326.41,114.0109
2025-02-02T09:00:00+00:00,48326.41,48569.91,48271.21,48459.53,141.9132
2025-02-02T10:00:00+00:00,48459.53,48496.94,48113.52,48189.85,98.4468
2025-02-02T11:00:00+00:00,48189.85,48218.51,48065.23,48191.83,84.6673
2025-02-02T12:00:00+00:00,48191.83,48250.82,48028.30,48064.20,120.2067
2025-02-02T13:00:00+00:00,48064.20,48320.17,48000.56,48296.96,171.2413
2025-02-02T14:00:00+00:00,48296.96,48476.07,48274.70,48473.55,168.5432
2025-02-02T15:00:00+00:00,48473.55,48678.28,48445.75,48656.38,155.6885
2025-02-02T16:00:00+00:00,48656.38,48662.70,48455.80,48499.50,78.4953
2025-02-02T17:00:00+00:00,48499.50,48811.71,48476.04,48805.05,98.2571
2025-02-02T18:00:00+00:00,48805.05,48835.98,48231.19,48247.42,155.3890
2025-02-02T19:00:00+00:00,48247.42,48507.98,48245.97,48452.23,43.9519
2025-02-02T20:00:00+00:00,48452.23,48653.42,48374.64,48607.42,138.3800
2025-02-02T21:00:00+00:00,48607.42,48641.66,48455.08,48492.20,118.1394
2025-02-02T22:00:00+00:00,48492.20,48509.25,48067.60,48116.20,141.3771
2025-02-02T23:00:00+00:00,48116.20,48157.91,47862.71,47957.33,172.1613
2025-02-03T00:00:00+00:00,47957.33,48002.05,47819.84,47820.36,160.1248
2025-02-03T01:00:00+00:00,47820.36,47848.29,47447.69,47457.94,141.0067
2025-02-03T02:00:00+00:00,47457.94,47613.88,47382.09,47533.91,96.9257
2025-02-03T03:00:00+00:00,47533.91,47564.40,47414.18,47461.37,105.5203
2025-02-03T04:00:00+00:00,47461.37,47485.49,46951.65,46998.61,65.5734
2025-02-03T05:00:00+00:00,46998.61,47072.23,46898.44,47071.10,98.6139
2025-02-03T06:00:00+00:00,47071.10,47240.99,47036.04,47232.20,130.9915
2025-02-03T07:00:00+00:00,47232.20,47539.67,47187.80,47391.66,94.8327
2025-02-03T08:00:00+00:00,47391.66,47429.69,47321.42,47331.80,145.1290
2025-02-03T09:00:00+00:00,47331.80,47413.47,47255.57,47390.66,183.4577
2025-02-03T10:00:00+00:00,47390.66,47549.99,47300.12,47488.55,126.6935
2025-02-03T11:00:00+00:00,47488.55,47522.56,47425.02,47441.60,183.7912
2025-02-03T12:00:00+00:00,47441.60,47544.04,47371.42,47404.11,115.9454
2025-02-03T13:00:00+00:00,47404.11,47537.48,47340.75,47448.57,116.4406
2025-02-03T14:00:00+00:00,47448.57,47476.49,47410.05,47452.69,129.8508
2025-02-03T15:00:00+00:00,47452.69,47720.27,47396.70,47642.84,135.8879
2025-02-03T16:00:00+00:00,47642.84,48144.53,47620.25,48048.12,138.5681
2025-02-03T17:00:00+00:00,48048.12,48080.28,47484.16,47556.11,70.3848
2025-02-03T18:00:00+00:00,47556.11,47643.78,47385.19,47401.26,149.7649
2025-02-03T19:00:00+00:00,47401.26,47413.18,47100.68,47179.60,101.1456
2025-02-03T20:00:00+00:00,47179.60,47390.80,47164.15,47238.62,141.5796
2025-02-03T21:00:00+00:00,47238.62,47318.56,47087.17,47100.07,96.0339
2025-02-03T22:00:00+00:00,47100.07,47203.06,47071.49,47174.00,156.1118
2025-02-03T23:00:00+00:00,47174.00,47409.55,47152.64,47396.76,98.0161
2025-02-04T00:00:00+00:00,47396.76,47454.37,47111.86,47170.76,141.5326
2025-02-04T01:00:00+00:00,47170.76,47639.37,47074.69,47628.27,64.4007
2025-02-04T02:00:00+00:00,47628.27,47709.94,47603.55,47665.80,171.0661
2025-02-04T03:00:00+00:00,47665.80,47704.12,47543.95,47639.96,133.6158
2025-02-04T04:00:00+00:00,47639.96,47788.50,47597.48,47665.17,104.9548
2025-02-04T05:00:00+00:00,47665.17,47677.88,47478.91,47516.40,121.2169
2025-02-04T06:00:00+00:00,47516.40,47661.40,47491.47,47621.96,153.7692
2025-02-04T07:00:00+00:00,47621.96,47628.03,47316.94,47334.92,135.5365
2025-02-04T08:00:00+00:00,47334.92,47646.86,47324.62,47556.50,77.5309
2025-02-04T09:00:00+00:00,47556.50,47584.44,47490.41,47520.54,154.9449
2025-02-04T10:00:00+00:00,47520.54,47569.92,47468.83,47566.29,101.2822
2025-02-04T11:00:00+00:00,47566.29,47622.12,47423.66,47435.47,107.4018
2025-02-04T12:00:00+00:00,47435.47,47527.23,47284.18,47337.34,166.5743
2025-02-04T13:00:00+00:00,47337.34,47340.37,47261.69,47328.09,60.8907
2025-02-04T14:00:00+00:00,47328.09,47369.83,47189.40,47222.22,139.3317
2025-02-04T15:00:00+00:00,47222.22,47354.87,47173.70,47317.88,111.9674
2025-02-04T16:00:00+00:00,47317.88,47391.46,47251.92,47294.08,129.0399
2025-02-04T17:00:00+00:00,47294.08,47495.60,47135.31,47481.06,80.4814
2025-02-04T18:00:00+00:00,47481.06,47883.01,47439.88,47832.70,114.5782
2025-02-04T19:00:00+00:00,47832.70,47926.73,47736.76,47911.45,144.4395
2025-02-04T20:00:00+00:00,47911.45,47949.20,47817.47,47818.43,103.9428
2025-02-04T21:00:00+00:00,47818.43,48143.51,47758.17,48046.19,120.5136
2025-02-04T22:00:00+00:00,48046.19,48065.74,47887.45,47913.86,112.3814
2025-02-04T23:00:00+00:00,47913.86,47948.39,47772.58,47776.59,190.0274
2025-02-05T00:00:00+00:00,47776.59,47785.20,47205.19,47214.76,106.9599
2025-02-05T01:00:00+00:00,47214.76,47236.73,47093.30,47114.60,188.2010
2025-02-05T02:00:00+00:00,47114.60,47234.08,47032.18,47191.20,154.9929
2025-02-05T03:00:00+00:00,47191.20,47210.83,46953.68,47007.39,205.3962
2025-02-05T04:00:00+00:00,47007.39,47021.46,46983.28,46990.95,99.0185
2025-02-05T05:00:00+00:00,46990.95,46993.39,46759.57,46787.98,55.4565
2025-02-05T06:00:00+00:00,46787.98,47061.09,46753.49,46938.30,63.1898
2025-02-05T07:00:00+00:00,46938.30,46940.03,46913.43,46924.86,113.4413
2025-02-05T08:00:00+00:00,46924.86,46932.91,46574.19,46643.27,143.8679
2025-02-05T09:00:00+00:00,46643.27,47172.98,46592.52,47129.44,132.8665
2025-02-05T10:00:00+00:00,47129.44,47172.82,46675.21,46748.19,111.5315
2025-02-05T11:00:00+00:00,46748.19,46884.73,46739.10,46822.93,74.6097
2025-02-05T12:00:00+00:00,46822.93,46909.21,46758.86,46764.90,133.4494
2025-02-05T13:00:00+00:00,46764.90,46785.78,46234.56,46248.72,99.2783
2025-02-05T14:00:00+00:00,46248.72,46300.85,45856.47,45917.55,102.6711
2025-02-05T15:00:00+00:00,45917.55,45991.48,45837.11,45880.82,74.1479
2025-02-05T16:00:00+00:00,45880.82,46326.98,45851.21,46286.72,57.8919
2025-02-05T17:00:00+00:00,46286.72,46406.37,46225.93,46372.63,94.1249
2025-02-05T18:00:00+00:00,46372.63,46652.54,46265.94,46601.65,86.8106
2025-02-05T19:00:00+00:00,46601.65,46987.21,46539.67,46961.41,155.4710
2025-02-05T20:00:00+00:00,46961.41,47018.20,46862.06,46967.16,188.0449
2025-02-05T21:00:00+00:00,46967.16,47074.76,46945.57,46991.35,64.0051
2025-02-05T22:00:00+00:00,46991.35,47237.33,46975.27,47203.48,152.8337
2025-02-05T23:00:00+00:00,47203.48,47287.93,46571.89,46617.71,89.5261
2025-02-06T00:00:00+00:00,46617.71,46642.80,46342.65,46385.20,160.8468
2025-02-06T01:00:00+00:00,46385.20,46622.02,46371.20,46594.11,123.1862
2025-02-06T02:00:00+00:00,46594.11,46744.12,46068.08,46112.67,198.5322
2025-02-06T03:00:00+00:00,46112.67,46150.46,45791.02,45793.01,148.8912
2025-02-06T04:00:00+00:00,45793.01,45925.77,45774.41,45894.26,220.6933
2025-02-06T05:00:00+00:00,45894.26,45924.12,45766.76,45824.88,85.9607
2025-02-06T06:00:00+00:00,45824.88,46076.09,45687.55,46041.88,121.2014
2025-02-06T07:00:00+00:00,46041.88,46048.88,45352.90,45391.02,190.9894
2025-02-06T08:00:00+00:00,45391.02,45629.91,45357.20,45572.90,121.0550
2025-02-06T09:00:00+00:00,45572.90,45865.94,45557.75,45845.43,92.6941
2025-02-06T10:00:00+00:00,45845.43,45865.74,45715.19,45818.73,95.1177
2025-02-06T11:00:00+00:00,45818.73,45823.38,45528.98,45633.47,84.2650
2025-02-06T12:00:00+00:00,45633.47,45652.29,45582.26,45624.47,90.5392
2025-02-06T13:00:00+00:00,45624.47,45883.30,45583.48,45869.64,73.0300
2025-02-06T14:00:00+00:00,45869.64,45916.69,45654.92,45708.18,42.9064
2025-02-06T15:00:00+00:00,45708.18,45708.79,45508.93,45527.43,118.9586
2025-02-06T16:00:00+00:00,45527.43,45811.00,45471.73,45739.28,105.6150
2025-02-06T17:00:00+00:00,45739.28,45894.81,45727.19,45779.13,54.9996
2025-02-06T18:00:00+00:00,45779.13,46024.56,45690.58,46013.85,196.0046
2025-02-06T19:00:00+00:00,46013.85,46169.94,45952.12,46150.43,93.5792
2025-02-06T20:00:00+00:00,46150.43,46423.86,46149.12,46407.80,63.7137
2025-02-06T21:00:00+00:00,46407.80,46500.45,46351.24,46369.09,169.4798
2025-02-06T22:00:00+00:00,46369.09,46442.62,45783.93,45843.00,62.8174
2025-02-06T23:00:00+00:00,45843.00,45891.19,45695.64,45779.72,106.5145
2025-02-07T00:00:00+00:00,45779.72,45820.99,45711.55,45749.33,165.5185
2025-02-07T01:00:00+00:00,45749.33,46059.50,45732.04,45972.42,138.9861
2025-02-07T02:00:00+00:00,45972.42,45983.76,45493.71,45540.63,176.7729
2025-02-07T03:00:00+00:00,45540.63,45712.82,45497.26,45671.19,132.0902
2025-02-07T04:00:00+00:00,45671.19,45767.19,45231.54,45265.53,114.9300
2025-02-07T05:00:00+00:00,45265.53,45386.86,45088.29,45103.76,154.2823
2025-02-07T06:00:00+00:00,45103.76,45113.56,45036.35,45039.82,160.9507
2025-02-07T07:00:00+00:00,45039.82,45131.48,44635.94,44639.77,147.8672
2025-02-07T08:00:00+00:00,44639.77,44912.56,44600.08,44880.61,72.3659
2025-02-07T09:00:00+00:00,44880.61,44997.59,44828.31,44951.44,175.9492
2025-02-07T10:00:00+00:00,44951.44,44964.28,44662.02,44704.92,62.2898
2025-02-07T11:00:00+00:00,44704.92,44757.26,44647.71,44706.98,96.6662
2025-02-07T12:00:00+00:00,44706.98,44780.46,44661.83,44667.45,189.5884
2025-02-07T13:00:00+00:00,44667.45,45133.30,44621.68,45107.28,105.8413
2025-02-07T14:00:00+00:00,45107.28,45323.82,45106.43,45308.08,136.2108
2025-02-07T15:00:00+00:00,45308.08,45335.41,44958.25,44982.57,83.8732
2025-02-07T16:00:00+00:00,44982.57,45081.90,44955.37,45057.34,174.9050
2025-02-07T17:00:00+00:00,45057.34,45421.81,45024.09,45406.05,56.4832
2025-02-07T18:00:00+00:00,45406.05,45485.67,45015.10,45017.44,84.4608
2025-02-07T19:00:00+00:00,45017.44,45078.55,44715.17,44735.35,141.7711
2025-02-07T20:00:00+00:00,44735.35,45009.80,44656.18,44961.81,113.0982
2025-02-07T21:00:00+00:00,44961.81,45112.65,44951.27,45095.84,133.5383
2025-02-07T22:00:00+00:00,45095.84,45128.99,44856.44,44904.24,73.3844
2025-02-07T23:00:00+00:00,44904.24,44929.98,44700.20,44738.62,106.7028
2025-02-08T00:00:00+00:00,44738.62,45074.39,44722.41,44995.61,101.5426
2025-02-08T01:00:00+00:00,44995.61,45075.29,44738.19,44853.28,120.6932
2025-02-08T02:00:00+00:00,44853.28,45239.70,44819.69,45186.63,68.7908
2025-02-08T03:00:00+00:00,45186.63,45329.39,45162.58,45309.47,61.1798
2025-02-08T04:00:00+00:00,45309.47,45337.76,45140.15,45207.43,143.3266
2025-02-08T05:00:00+00:00,45207.43,45363.57,45198.55,45324.78,148.7150
2025-02-08T06:00:00+00:00,45324.78,45689.56,45228.10,45643.83,109.6582
2025-02-08T07:00:00+00:00,45643.83,45709.37,45361.63,45455.27,154.4716
2025-02-08T08:00:00+00:00,45455.27,45487.10,45434.76,45483.07,105.1335
2025-02-08T09:00:00+00:00,45483.07,45525.84,45417.63,45507.01,138.0290
2025-02-08T10:00:00+00:00,45507.01,45580.78,45494.66,45566.23,103.8827
2025-02-08T11:00:00+00:00,45566.23,45730.17,45539.94,45653.96,151.2718
2025-02-08T12:00:00+00:00,45653.96,45669.97,45534.94,45545.03,94.6255
2025-02-08T13:00:00+00:00,45545.03,45886.70,45531.80,45802.10,118.7024
2025-02-08T14:00:00+00:00,45802.10,45861.38,45744.40,45848.39,119.7677
2025-02-08T15:00:00+00:00,45848.39,46213.45,45836.76,46183.29,68.6333
2025-02-08T16:00:00+00:00,46183.29,46222.27,45962.74,45996.29,105.8371
2025-02-08T17:00:00+00:00,45996.29,46680.76,45949.29,46544.52,24.8260
2025-02-08T18:00:00+00:00,46544.52,46688.12,46198.61,46255.63,140.7739
2025-02-08T19:00:00+00:00,46255.63,46508.08,46219.86,46462.39,63.7375
2025-02-08T20:00:00+00:00,46462.39,46476.72,46274.90,46295.70,158.7599
2025-02-08T21:00:00+00:00,46295.70,46337.56,46289.82,46301.81,72.9835
2025-02-08T22:00:00+00:00,46301.81,46315.69,46185.96,46196.48,95.6340
2025-02-08T23:00:00+00:00,46196.48,46275.18,46151.53,46204.45,18.4924
2025-02-09T00:00:00+00:00,46204.45,46368.14,46126.66,46233.12,90.1237
2025-02-09T01:00:00+00:00,46233.12,46273.87,46230.65,46254.26,127.2245
2025-02-09T02:00:00+00:00,46254.26,46601.01,46224.56,46533.46,98.1546
2025-02-09T03:00:00+00:00,46533.46,46559.79,46369.07,46485.17,29.8202
2025-02-09T04:00:00+00:00,46485.17,46514.13,46461.50,46498.37,154.4105
2025-02-09T05:00:00+00:00,46498.37,46934.07,46473.49,46873.81,126.1743
2025-02-09T06:00:00+00:00,46873.81,47037.73,46862.90,47017.47,76.5130
2025-02-09T07:00:00+00:00,47017.47,47579.59,46999.66,47572.14,77.2944
2025-02-09T08:00:00+00:00,47572.14,47691.59,47515.18,47664.63,153.5427
2025-02-09T09:00:00+00:00,47664.63,47666.58,47539.49,47539.64,129.2837
2025-02-09T10:00:00+00:00,47539.64,47941.12,47388.86,47892.12,83.1723
2025-02-09T11:00:00+00:00,47892.12,47928.23,47494.00,47571.91,169.6443
2025-02-09T12:00:00+00:00,47571.91,47704.96,47532.42,47679.21,123.2434
2025-02-09T13:00:00+00:00,47679.21,47707.74,47410.12,47517.34,125.3169
2025-02-09T14:00:00+00:00,47517.34,47677.06,47402.17,47614.91,143.5135
2025-02-09T15:00:00+00:00,47614.91,47619.58,47528.20,47563.74,171.1474
2025-02-09T16:00:00+00:00,47563.74,47851.10,47538.95,47807.52,100.1400
2025-02-09T17:00:00+00:00,47807.52,47992.01,47787.62,47867.26,133.6077
2025-02-09T18:00:00+00:00,47867.26,47883.45,47781.48,47801.09,162.9956
2025-02-09T19:00:00+00:00,47801.09,47842.86,47530.90,47547.29,79.5127
2025-02-09T20:00:00+00:00,47547.29,47971.22,47486.57,47933.18,135.9537
2025-02-09T21:00:00+00:00,47933.18,47983.63,47671.80,47681.37,92.1461
2025-02-09T22:00:00+00:00,47681.37,47752.27,47472.56,47503.59,124.9105
2025-02-09T23:00:00+00:00,47503.59,47853.64,47464.73,47811.67,132.3440
2025-02-10T00:00:00+00:00,47811.67,48025.05,47732.88,48021.62,165.1219
2025-02-10T01:00:00+00:00,48021.62,48285.67,48020.77,48212.32,109.8380
2025-02-10T02:00:00+00:00,48212.32,48887.64,48207.08,48798.67,110.4618
2025-02-10T03:00:00+00:00,48798.67,49023.41,48761.29,49010.27,109.1167
2025-02-10T04:00:00+00:00,49010.27,49130.01,48698.26,48782.84,52.3441
2025-02-10T05:00:00+00:00,48782.84,48844.11,48685.00,48810.42,128.6880
2025-02-10T06:00:00+00:00,48810.42,49467.88,48801.04,49371.15,96.0754
2025-02-10T07:00:00+00:00,49371.15,49495.43,49343.21,49462.29,119.5601
2025-02-10T08:00:00+00:00,49462.29,49743.01,49458.84,49621.34,119.6493
2025-02-10T09:00:00+00:00,49621.34,49910.38,49590.85,49849.12,78.4062
2025-02-10T10:00:00+00:00,49849.12,49904.08,49637.30,49644.63,105.6919
2025-02-10T11:00:00+00:00,49644.63,50003.31,49629.38,49978.13,159.9048
2025-02-10T12:00:00+00:00,49978.13,50435.55,49866.58,50430.75,132.3394
2025-02-10T13:00:00+00:00,50430.75,50638.56,50367.64,50576.35,161.2480
2025-02-10T14:00:00+00:00,50576.35,50750.13,50448.57,50688.05,191.0280
2025-02-10T15:00:00+00:00,50688.05,50704.26,50420.68,50502.15,157.0654
2025-02-10T16:00:00+00:00,50502.15,50926.10,50455.52,50830.14,143.7823
2025-02-10T17:00:00+00:00,50830.14,50927.93,50680.87,50730.66,164.7498
2025-02-10T18:00:00+00:00,50730.66,51215.53,50706.64,51201.41,121.6889
2025-02-10T19:00:00+00:00,51201.41,51601.65,51140.84,51539.44,92.8142
2025-02-10T20:00:00+00:00,51539.44,51556.85,51258.97,51327.24,83.8409
2025-02-10T21:00:00+00:00,51327.24,51779.54,51288.00,51728.98,36.3839
2025-02-10T22:00:00+00:00,51728.98,52068.88,51636.89,51984.31,132.5600
2025-02-10T23:00:00+00:00,51984.31,52241.84,51955.99,52188.05,103.5458
2025-02-11T00:00:00+00:00,52188.05,52517.46,52175.15,52493.51,91.6066
2025-02-11T01:00:00+00:00,52493.51,52548.91,52446.99,52459.65,136.9292
2025-02-11T02:00:00+00:00,52459.65,52521.85,51728.96,51810.77,44.5699
2025-02-11T03:00:00+00:00,51810.77,52008.61,51706.90,51890.40,118.5912
2025-02-11T04:00:00+00:00,51890.40,51948.79,51879.48,51902.12,125.3020
2025-02-11T05:00:00+00:00,51902.12,52138.02,51853.24,52008.83,103.9734
2025-02-11T06:00:00+00:00,52008.83,52215.01,51923.35,52107.90,75.5729
2025-02-11T07:00:00+00:00,52107.90,52113.78,52004.70,52029.43,90.1210
2025-02-11T08:00:00+00:00,52029.43,52072.18,51740.01,51897.29,96.8935
2025-02-11T09:00:00+00:00,51897.29,52173.25,51851.75,52108.00,80.7724
2025-02-11T10:00:00+00:00,52108.00,52420.70,52026.02,52396.25,89.4434
2025-02-11T11:00:00+00:00,52396.25,52554.89,52384.13,52549.34,153.0116
2025-02-11T12:00:00+00:00,52549.34,52633.41,52542.94,52627.62,184.3202
2025-02-11T13:00:00+00:00,52627.62,52835.80,52538.59,52833.25,144.1529
2025-02-11T14:00:00+00:00,52833.25,52931.00,52715.21,52716.15,90.7710
2025-02-11T15:00:00+00:00,52716.15,52770.51,52700.48,52755.52,95.4457
2025-02-11T16:00:00+00:00,52755.52,52920.18,52702.92,52757.02,79.0829
2025-02-11T17:00:00+00:00,52757.02,52828.03,52582.93,52601.16,88.9713
2025-02-11T18:00:00+00:00,52601.16,52742.54,52541.62,52733.33,124.4561
2025-02-11T19:00:00+00:00,52733.33,52880.56,52566.24,52856.37,125.1876
2025-02-11T20:00:00+00:00,52856.37,52903.21,52813.03,52817.86,96.1500
2025-02-11T21:00:00+00:00,52817.86,53073.46,52736.36,53041.63,154.1235
2025-02-11T22:00:00+00:00,53041.63,53076.48,52559.88,52681.30,173.1017
2025-02-11T23:00:00+00:00,52681.30,52781.21,52334.51,52450.56,135.4044
2025-02-12T00:00:00+00:00,52450.56,52691.73,52419.97,52569.13,64.6383
2025-02-12T01:00:00+00:00,52569.13,52613.54,52518.72,52604.81,201.6641
2025-02-12T02:00:00+00:00,52604.81,52935.67,52525.46,52857.70,90.4128
2025-02-12T03:00:00+00:00,52857.70,52994.24,52709.62,52962.15,186.2843
2025-02-12T04:00:00+00:00,52962.15,53024.10,52678.28,52719.02,108.9553
2025-02-12T05:00:00+00:00,52719.02,52807.36,52698.96,52803.02,104.1176
2025-02-12T06:00:00+00:00,52803.02,53103.48,52797.11,53089.56,99.4920
2025-02-12T07:00:00+00:00,53089.56,53227.02,53037.84,53179.80,157.2606
2025-02-12T08:00:00+00:00,53179.80,53407.14,53164.91,53375.95,89.5742
2025-02-12T09:00:00+00:00,53375.95,53450.16,53079.34,53086.15,146.9151
2025-02-12T10:00:00+00:00,53086.15,53240.83,53025.67,53179.18,163.8895
2025-02-12T11:00:00+00:00,53179.18,53201.89,52604.69,52693.36,139.4478
2025-02-12T12:00:00+00:00,52693.36,52874.83,52626.60,52835.12,128.8898
2025-02-12T13:00:00+00:00,52835.12,53143.38,52828.38,53096.32,103.7693
2025-02-12T14:00:00+00:00,53096.32,53412.20,53075.06,53362.85,146.7172
2025-02-12T15:00:00+00:00,53362.85,53374.63,53225.87,53280.97,136.6702
2025-02-12T16:00:00+00:00,53280.97,53309.88,52686.67,52709.60,115.7996
2025-02-12T17:00:00+00:00,52709.60,52929.96,52591.63,52826.85,89.8921
2025-02-12T18:00:00+00:00,52826.85,53406.04,52709.72,53376.47,182.1823
2025-02-12T19:00:00+00:00,53376.47,53383.85,53162.90,53223.98,191.2609
2025-02-12T20:00:00+00:00,53223.98,53318.41,53210.05,53292.51,211.4123
2025-02-12T21:00:00+00:00,53292.51,53317.71,52853.82,52916.09,140.8089
2025-02-12T22:00:00+00:00,52916.09,52955.29,52853.02,52884.27,88.6548
2025-02-12T23:00:00+00:00,52884.27,53608.91,52844.56,53482.63,123.9097
2025-02-13T00:00:00+00:00,53482.63,53920.00,53468.41,53913.57,120.1810
2025-02-13T01:00:00+00:00,53913.57,53933.28,53475.99,53521.63,114.2469
2025-02-13T02:00:00+00:00,53521.63,53522.18,53178.94,53199.74,102.7905
2025-02-13T03:00:00+00:00,53199.74,53600.59,53192.13,53454.53,42.2089
2025-02-13T04:00:00+00:00,53454.53,53561.05,53442.00,53537.70,174.4301
2025-02-13T05:00:00+00:00,53537.70,53607.24,53534.12,53591.83,131.5855
2025-02-13T06:00:00+00:00,53591.83,53605.06,53471.43,53509.78,183.0643
2025-02-13T07:00:00+00:00,53509.78,53585.78,53101.96,53180.51,155.8364
2025-02-13T08:00:00+00:00,53180.51,53580.13,53172.81,53567.74,166.2898
2025-02-13T09:00:00+00:00,53567.74,53579.19,52979.93,53177.62,127.1530
2025-02-13T10:00:00+00:00,53177.62,53208.37,53075.46,53096.99,97.7843
2025-02-13T11:00:00+00:00,53096.99,53273.10,53072.87,53272.91,221.8445
2025-02-13T12:00:00+00:00,53272.91,53331.73,53149.27,53201.70,170.5558
2025-02-13T13:00:00+00:00,53201.70,53363.47,53138.84,53354.56,184.8910
2025-02-13T14:00:00+00:00,53354.56,53573.57,53351.09,53573.48,164.9621
2025-02-13T15:00:00+00:00,53573.48,53611.92,53308.11,53338.90,143.5808
2025-02-13T16:00:00+00:00,53338.90,53746.51,53318.32,53634.22,138.5040
2025-02-13T17:00:00+00:00,53634.22,53646.03,53407.33,53423.93,112.0421
2025-02-13T18:00:00+00:00,53423.93,53472.12,53363.50,53433.48,98.5136
2025-02-13T19:00:00+00:00,53433.48,53506.19,53084.62,53151.27,53.5500
2025-02-13T20:00:00+00:00,53151.27,53286.41,53090.27,53272.89,106.4117
2025-02-13T21:00:00+00:00,53272.89,53654.56,53263.35,53609.09,125.5743
2025-02-13T22:00:00+00:00,53609.09,53660.58,53449.17,53576.35,104.2991
2025-02-13T23:00:00+00:00,53576.35,53614.34,53335.74,53403.37,61.9816
2025-02-14T00:00:00+00:00,53403.37,53466.50,53258.26,53293.80,140.9972
2025-02-14T01:00:00+00:00,53293.80,53364.99,53134.80,53177.87,39.7583
2025-02-14T02:00:00+00:00,53177.87,53289.14,53056.90,53279.35,160.2515
2025-02-14T03:00:00+00:00,53279.35,53296.65,53170.44,53187.89,92.2739
2025-02-14T04:00:00+00:00,53187.89,53261.51,53092.96,53200.75,112.0118
2025-02-14T05:00:00+00:00,53200.75,53482.70,53149.51,53435.76,89.1994
2025-02-14T06:00:00+00:00,53435.76,53537.23,53228.12,53300.64,123.7417
2025-02-14T07:00:00+00:00,53300.64,53391.02,53166.55,53190.71,100.8310
2025-02-14T08:00:00+00:00,53190.71,53490.35,53183.44,53461.31,163.2098
2025-02-14T09:00:00+00:00,53461.31,53578.24,53323.50,53566.79,176.2002
2025-02-14T10:00:00+00:00,53566.79,53688.92,53561.18,53661.41,83.3925
2025-02-14T11:00:00+00:00,53661.41,53755.41,53487.39,53519.09,141.3910
2025-02-14T12:00:00+00:00,53519.09,53596.00,53485.24,53546.68,125.8069
2025-02-14T13:00:00+00:00,53546.68,53584.03,53332.39,53407.16,145.8201
2025-02-14T14:00:00+00:00,53407.16,53633.59,53345.50,53603.70,170.1833
2025-02-14T15:00:00+00:00,53603.70,53619.06,53499.47,53511.49,121.8650
2025-02-14T16:00:00+00:00,53511.49,53545.49,53356.51,53468.83,195.8453
2025-02-14T17:00:00+00:00,53468.83,53622.21,53411.72,53500.90,76.7963
2025-02-14T18:00:00+00:00,53500.90,53661.43,53347.87,53384.02,185.3493
2025-02-14T19:00:00+00:00,53384.02,53430.77,53307.63,53345.36,72.1599
2025-02-14T20:00:00+00:00,53345.36,53642.86,53309.26,53536.67,106.9182
2025-02-14T21:00:00+00:00,53536.67,53742.01,53528.85,53734.50,89.4708
2025-02-14T22:00:00+00:00,53734.50,53751.41,53688.34,53748.73,175.6740
2025-02-14T23:00:00+00:00,53748.73,53866.43,53739.08,53865.27,183.7498
2025-02-15T00:00:00+00:00,53865.27,53898.11,53751.55,53897.08,182.4398
2025-02-15T01:00:00+00:00,53897.08,53994.07,53856.91,53987.18,162.7966
2025-02-15T02:00:00+00:00,53987.18,54048.08,53865.75,53915.34,125.1007
2025-02-15T03:00:00+00:00,53915.34,53988.25,53900.54,53979.07,135.9300
2025-02-15T04:00:00+00:00,53979.07,54049.39,53791.86,53801.16,191.6224
2025-02-15T05:00:00+00:00,53801.16,53859.67,53739.89,53781.53,122.3324
2025-02-15T06:00:00+00:00,53781.53,54003.96,53746.13,53968.12,128.3192
2025-02-15T07:00:00+00:00,53968.12,54027.90,53902.18,53911.80,92.7403
2025-02-15T08:00:00+00:00,53911.80,54108.31,53840.47,53996.77,150.6497
2025-02-15T09:00:00+00:00,53996.77,54183.35,53958.59,54088.38,54.2324
2025-02-15T10:00:00+00:00,54088.38,54125.36,54045.05,54096.83,76.8316
2025-02-15T11:00:00+00:00,54096.83,54197.90,54069.88,54165.44,111.5303
2025-02-15T12:00:00+00:00,54165.44,54201.43,54081.41,54085.06,162.9202
2025-02-15T13:00:00+00:00,54085.06,54106.61,53728.43,53830.18,133.3913
2025-02-15T14:00:00+00:00,53830.18,53907.14,53766.96,53854.46,73.8021
2025-02-15T15:00:00+00:00,53854.46,53946.35,53577.33,53592.94,154.1419
2025-02-15T16:00:00+00:00,53592.94,53635.57,53502.35,53527.65,144.9343
2025-02-15T17:00:00+00:00,53527.65,53687.16,53493.55,53567.83,22.2691
2025-02-15T18:00:00+00:00,53567.83,53659.14,53526.76,53605.89,179.5997
2025-02-15T19:00:00+00:00,53605.89,53843.33,53588.60,53813.00,127.7412
2025-02-15T20:00:00+00:00,53813.00,53816.19,53600.83,53720.89,86.8922
2025-02-15T21:00:00+00:00,53720.89,53731.08,53561.09,53616.99,153.4660
2025-02-15T22:00:00+00:00,53616.99,53625.14,53449.10,53465.64,72.9928
2025-02-15T23:00:00+00:00,53465.64,53507.76,53408.21,53477.73,137.8624
2025-02-16T00:00:00+00:00,53477.73,53482.79,53333.75,53355.96,96.2980
2025-02-16T01:00:00+00:00,53355.96,53422.25,53254.49,53280.20,54.3016
2025-02-16T02:00:00+00:00,53280.20,53330.42,53026.24,53159.81,80.0159
2025-02-16T03:00:00+00:00,53159.81,53180.20,53017.45,53104.66,136.6329
2025-02-16T04:00:00+00:00,53104.66,53121.96,52958.06,53096.80,110.6389
2025-02-16T05:00:00+00:00,53096.80,53271.59,53057.42,53219.77,97.9757
2025-02-16T06:00:00+00:00,53219.77,53506.23,53210.86,53461.59,78.4654
2025-02-16T07:00:00+00:00,53461.59,53632.37,53324.49,53599.36,178.3435
2025-02-16T08:00:00+00:00,53599.36,53741.91,53595.47,53725.10,99.5904
2025-02-16T09:00:00+00:00,53725.10,53788.81,53684.23,53773.48,163.2580
2025-02-16T10:00:00+00:00,53773.48,53856.53,53722.82,53822.45,181.3937
2025-02-16T11:00:00+00:00,53822.45,53848.82,53657.09,53691.44,141.8658
2025-02-16T12:00:00+00:00,53691.44,53776.21,53685.08,53770.52,186.5981
2025-02-16T13:00:00+00:00,53770.52,54130.54,53611.37,54042.19,138.0473
2025-02-16T14:00:00+00:00,54042.19,54074.74,53835.70,53935.96,134.7552
2025-02-16T15:00:00+00:00,53935.96,53969.89,53870.86,53927.40,215.5597
2025-02-16T16:00:00+00:00,53927.40,54233.50,53901.52,54159.33,146.6106
2025-02-16T17:00:00+00:00,54159.33,54232.44,54116.62,54153.41,119.6567
2025-02-16T18:00:00+00:00,54153.41,54286.11,54103.34,54240.73,179.4795
2025-02-16T19:00:00+00:00,54240.73,54275.92,54078.43,54183.65,157.4286
2025-02-16T20:00:00+00:00,54183.65,54386.94,54073.49,54322.30,125.4414
2025-02-16T21:00:00+00:00,54322.30,54408.98,53993.27,54048.39,110.4289
2025-02-16T22:00:00+00:00,54048.39,54320.26,54042.19,54222.28,158.9843
2025-02-16T23:00:00+00:00,54222.28,54265.30,54092.56,54115.20,134.3894
2025-02-17T00:00:00+00:00,54115.20,54307.16,54037.09,54166.14,151.2906
2025-02-17T01:00:00+00:00,54166.14,54444.56,54160.98,54373.32,210.7532
2025-02-17T02:00:00+00:00,54373.32,54728.36,54358.29,54539.78,54.5638
2025-02-17T03:00:00+00:00,54539.78,54634.19,54504.08,54588.01,88.4866
2025-02-17T04:00:00+00:00,54588.01,54664.54,54530.46,54634.86,112.1845
2025-02-17T05:00:00+00:00,54634.86,54754.18,54564.10,54699.61,56.4871
2025-02-17T06:00:00+00:00,54699.61,54789.44,54599.27,54764.63,96.0096
2025-02-17T07:00:00+00:00,54764.63,54850.28,54532.23,54658.78,145.0085
2025-02-17T08:00:00+00:00,54658.78,54680.17,54425.20,54486.01,180.1905
2025-02-17T09:00:00+00:00,54486.01,54681.91,54472.68,54552.41,156.5704
2025-02-17T10:00:00+00:00,54552.41,54582.84,54545.42,54552.72,129.1224
2025-02-17T11:00:00+00:00,54552.72,54631.61,54530.60,54586.59,127.4308
2025-02-17T12:00:00+00:00,54586.59,54630.09,54515.99,54580.51,130.5737
2025-02-17T13:00:00+00:00,54580.51,54866.13,54546.47,54711.92,173.6245
2025-02-17T14:00:00+00:00,54711.92,54903.57,54625.64,54857.97,82.6404
2025-02-17T15:00:00+00:00,54857.97,54982.06,54703.86,54731.69,112.5924
2025-02-17T16:00:00+00:00,54731.69,54796.20,54393.79,54468.47,115.6532
2025-02-17T17:00:00+00:00,54468.47,54536.02,54154.60,54177.06,97.4446
2025-02-17T18:00:00+00:00,54177.06,54224.07,53980.10,54076.87,105.1492
2025-02-17T19:00:00+00:00,54076.87,54433.51,53992.19,54331.40,132.6283
2025-02-17T20:00:00+00:00,54331.40,54374.14,54069.50,54095.30,128.5651
2025-02-17T21:00:00+00:00,54095.30,54113.13,53783.22,53797.88,84.5484
2025-02-17T22:00:00+00:00,53797.88,53949.20,53783.39,53844.03,94.3474
2025-02-17T23:00:00+00:00,53844.03,54355.04,53786.23,54218.76,136.8937
2025-02-18T00:00:00+00:00,54218.76,54363.96,54108.75,54125.19,153.3555
2025-02-18T01:00:00+00:00,54125.19,54217.89,53968.09,53999.61,167.4149
2025-02-18T02:00:00+00:00,53999.61,53999.80,53658.44,53758.90,199.5111
2025-02-18T03:00:00+00:00,53758.90,53965.89,53747.39,53965.87,96.5623
2025-02-18T04:00:00+00:00,53965.87,54183.08,53958.07,54139.08,40.5758
2025-02-18T05:00:00+00:00,54139.08,54251.71,53897.29,53901.02,129.3987
2025-02-18T06:00:00+00:00,53901.02,53903.11,53425.31,53555.05,62.6836
2025-02-18T07:00:00+00:00,53555.05,53565.17,53149.67,53182.73,112.8031
2025-02-18T08:00:00+00:00,53182.73,53267.17,52910.52,52987.15,146.0029
2025-02-18T09:00:00+00:00,52987.15,53038.17,52912.90,52979.81,144.0518
2025-02-18T10:00:00+00:00,52979.81,52985.35,52853.36,52911.23,122.2996
2025-02-18T11:00:00+00:00,52911.23,53014.43,52852.83,52856.79,151.6337
2025-02-18T12:00:00+00:00,52856.79,52860.91,52649.41,52758.83,68.8064
2025-02-18T13:00:00+00:00,52758.83,52901.56,52739.61,52821.23,55.5880
2025-02-18T14:00:00+00:00,52821.23,52918.22,52745.29,52762.35,196.5997
2025-02-18T15:00:00+00:00,52762.35,52818.15,52698.06,52808.70,106.1271
2025-02-18T16:00:00+00:00,52808.70,52872.70,52781.03,52860.25,63.4025
2025-02-18T17:00:00+00:00,52860.25,53025.62,52718.39,52970.66,14.6279
2025-02-18T18:00:00+00:00,52970.66,53063.62,52829.84,52831.14,147.6249
2025-02-18T19:00:00+00:00,52831.14,52972.69,52791.44,52917.33,98.0059
2025-02-18T20:00:00+00:00,52917.33,53013.90,52881.52,52975.92,134.3368
2025-02-18T21:00:00+00:00,52975.92,53044.92,52870.85,52900.26,162.8031
2025-02-18T22:00:00+00:00,52900.26,52963.24,52352.78,52503.87,129.3089
2025-02-18T23:00:00+00:00,52503.87,52511.34,52371.49,52400.93,108.7862
2025-02-19T00:00:00+00:00,52400.93,52452.20,52351.49,52430.75,21.3683
2025-02-19T01:00:00+00:00,52430.75,52464.31,52257.83,52309.96,137.8810
2025-02-19T02:00:00+00:00,52309.96,52368.27,52180.80,52252.98,186.3627
2025-02-19T03:00:00+00:00,52252.98,52256.11,52177.78,52237.01,68.6275
2025-02-19T04:00:00+00:00,52237.01,52307.03,52046.59,52102.16,101.5211
2025-02-19T05:00:00+00:00,52102.16,52123.79,51895.56,51982.24,101.2950
2025-02-19T06:00:00+00:00,51982.24,52133.91,51910.15,51946.52,151.2123
2025-02-19T07:00:00+00:00,51946.52,52199.68,51867.38,52110.81,88.7587
2025-02-19T08:00:00+00:00,52110.81,52237.88,51848.84,51909.04,108.6029
2025-02-19T09:00:00+00:00,51909.04,51968.94,51819.59,51940.82,77.8869
2025-02-19T10:00:00+00:00,51940.82,52085.80,51868.48,52076.57,126.9768
2025-02-19T11:00:00+00:00,52076.57,52176.97,51814.57,51859.58,160.9057
2025-02-19T12:00:00+00:00,51859.58,52098.50,51804.20,52060.22,126.1998
2025-02-19T13:00:00+00:00,52060.22,52115.98,51886.92,51897.76,90.7073
2025-02-19T14:00:00+00:00,51897.76,51942.60,51702.42,51791.85,188.0830
2025-02-19T15:00:00+00:00,51791.85,51803.95,51613.80,51670.74,185.5271
2025-02-19T16:00:00+00:00,51670.74,51877.97,51630.50,51797.58,124.5716
2025-02-19T17:00:00+00:00,51797.58,52100.67,51770.59,52059.40,143.9447
2025-02-19T18:00:00+00:00,52059.40,52191.07,52049.03,52173.72,57.5099
2025-02-19T19:00:00+00:00,52173.72,52575.93,52039.49,52494.40,92.6013
2025-02-19T20:00:00+00:00,52494.40,52874.59,52456.65,52797.61,131.5470
2025-02-19T21:00:00+00:00,52797.61,52922.92,52772.67,52793.78,132.6356
2025-02-19T22:00:00+00:00,52793.78,53054.96,52651.26,52978.75,58.1873
2025-02-19T23:00:00+00:00,52978.75,53036.27,52969.27,53031.15,126.9090
2025-02-20T00:00:00+00:00,53031.15,53117.83,52944.25,52973.01,136.4277
2025-02-20T01:00:00+00:00,52973.01,53143.83,52894.39,53064.63,27.5835
2025-02-20T02:00:00+00:00,53064.63,53200.56,52723.38,52781.18,136.9433
2025-02-20T03:00:00+00:00,52781.18,52827.26,52575.64,52778.78,100.3564
2025-02-20T04:00:00+00:00,52778.78,52816.58,52736.38,52751.89,141.7952
2025-02-20T05:00:00+00:00,52751.89,52835.22,52526.16,52598.49,138.7939
2025-02-20T06:00:00+00:00,52598.49,52613.44,52477.42,52581.10,147.2253
2025-02-20T07:00:00+00:00,52581.10,52612.76,52364.71,52427.38,84.2241
2025-02-20T08:00:00+00:00,52427.38,52481.35,52228.68,52345.31,93.3916
2025-02-20T09:00:00+00:00,52345.31,52559.83,52320.94,52518.60,140.3632
2025-02-20T10:00:00+00:00,52518.60,52583.21,52226.25,52339.25,123.0812
2025-02-20T11:00:00+00:00,52339.25,52455.25,52226.97,52381.57,123.5219
2025-02-20T12:00:00+00:00,52381.57,52429.62,52089.51,52181.02,93.5463
2025-02-20T13:00:00+00:00,52181.02,52267.15,51709.84,51847.36,95.6149
2025-02-20T14:00:00+00:00,51847.36,51883.29,51710.62,51745.72,143.1622
2025-02-20T15:00:00+00:00,51745.72,52034.97,51718.37,51972.13,48.8943
2025-02-20T16:00:00+00:00,51972.13,52215.24,51928.46,52209.70,182.2362
2025-02-20T17:00:00+00:00,52209.70,52295.53,52125.82,52193.10,187.2759
2025-02-20T18:00:00+00:00,52193.10,52196.65,52044.80,52067.81,113.2463
2025-02-20T19:00:00+00:00,52067.81,52350.51,52005.18,52305.68,175.5257
2025-02-20T20:00:00+00:00,52305.68,52366.54,51942.81,51999.19,99.1554
2025-02-20T21:00:00+00:00,51999.19,52070.95,51994.27,52060.10,102.6282
2025-02-20T22:00:00+00:00,52060.10,52090.36,52000.76,52047.32,89.7494
2025-02-20T23:00:00+00:00,52047.32,52094.89,52018.40,52029.53,63.5800
2025-02-21T00:00:00+00:00,52029.53,52220.56,52021.89,52178.51,93.6393
2025-02-21T01:00:00+00:00,52178.51,52220.18,52010.54,52107.06,186.3278
2025-02-21T02:00:00+00:00,52107.06,52698.95,52034.10,52621.32,144.1362
2025-02-21T03:00:00+00:00,52621.32,52816.46,52500.02,52716.94,142.6885
2025-02-21T04:00:00+00:00,52716.94,52806.96,52370.83,52401.97,124.4217
2025-02-21T05:00:00+00:00,52401.97,52437.15,52392.54,52401.48,109.0108
2025-02-21T06:00:00+00:00,52401.48,52602.91,52399.47,52597.12,99.8281
2025-02-21T07:00:00+00:00,52597.12,52643.61,52496.39,52497.04,194.4731
2025-02-21T08:00:00+00:00,52497.04,52687.64,52391.91,52672.69,161.5544
2025-02-21T09:00:00+00:00,52672.69,52715.85,52603.32,52705.44,130.9404
2025-02-21T10:00:00+00:00,52705.44,52805.70,52574.33,52655.50,198.4540
2025-02-21T11:00:00+00:00,52655.50,52720.84,52642.87,52689.36,102.4154
2025-02-21T12:00:00+00:00,52689.36,52830.89,52669.83,52762.28,141.4901
2025-02-21T13:00:00+00:00,52762.28,52955.25,52751.55,52924.56,91.4131
2025-02-21T14:00:00+00:00,52924.56,53043.80,52851.76,53020.32,90.4382
2025-02-21T15:00:00+00:00,53020.32,53308.85,52966.87,53288.99,84.8462
2025-02-21T16:00:00+00:00,53288.99,53449.80,53173.60,53394.94,172.2974
2025-02-21T17:00:00+00:00,53394.94,53569.20,53393.40,53477.93,91.9500
2025-02-21T18:00:00+00:00,53477.93,53505.20,53046.78,53187.30,99.5640
2025-02-21T19:00:00+00:00,53187.30,53398.56,53125.97,53316.41,107.4030
2025-02-21T20:00:00+00:00,53316.41,53389.56,53243.12,53359.33,129.6582
2025-02-21T21:00:00+00:00,53359.33,53420.25,53239.93,53342.18,98.4330
2025-02-21T22:00:00+00:00,53342.18,53362.46,53215.44,53261.62,95.8682
2025-02-21T23:00:00+00:00,53261.62,53744.68,53207.92,53699.11,161.7959
2025-02-22T00:00:00+00:00,53699.11,53867.72,53645.65,53854.53,110.7954
2025-02-22T01:00:00+00:00,53854.53,53969.92,53816.92,53962.07,143.9843
2025-02-22T02:00:00+00:00,53962.07,54022.62,53725.90,53818.98,101.5575
2025-02-22T03:00:00+00:00,53818.98,53939.06,53509.58,53563.16,83.6431
2025-02-22T04:00:00+00:00,53563.16,53791.57,53507.19,53718.61,162.9219
2025-02-22T05:00:00+00:00,53718.61,53880.30,53580.21,53586.49,228.3757
2025-02-22T06:00:00+00:00,53586.49,53610.83,53545.25,53607.27,112.0986
2025-02-22T07:00:00+00:00,53607.27,53608.79,53477.14,53526.71,70.1501
2025-02-22T08:00:00+00:00,53526.71,53661.18,53282.97,53379.31,118.0180
2025-02-22T09:00:00+00:00,53379.31,53383.03,53312.78,53377.12,133.8439
2025-02-22T10:00:00+00:00,53377.12,53524.01,53369.36,53513.27,118.7765
2025-02-22T11:00:00+00:00,53513.27,53583.25,53113.51,53214.26,81.2221
2025-02-22T12:00:00+00:00,53214.26,53324.90,53162.36,53321.36,189.2401
2025-02-22T13:00:00+00:00,53321.36,53708.18,53306.93,53619.21,202.9534
2025-02-22T14:00:00+00:00,53619.21,53624.77,53413.73,53477.68,112.4590
2025-02-22T15:00:00+00:00,53477.68,53500.34,53370.71,53458.26,22.3117
2025-02-22T16:00:00+00:00,53458.26,53730.61,53453.62,53662.37,143.4471
2025-02-22T17:00:00+00:00,53662.37,53733.81,53309.96,53506.47,84.2231
2025-02-22T18:00:00+00:00,53506.47,53734.22,53484.77,53730.59,101.5208
2025-02-22T19:00:00+00:00,53730.59,53811.29,53612.53,53700.02,187.4945
2025-02-22T20:00:00+00:00,53700.02,53735.62,53677.19,53697.18,140.0687
2025-02-22T21:00:00+00:00,53697.18,53758.31,53410.79,53451.41,160.9314
2025-02-22T22:00:00+00:00,53451.41,53488.48,53199.56,53267.88,147.1236
2025-02-22T23:00:00+00:00,53267.88,53325.02,53226.33,53322.92,134.7322
2025-02-23T00:00:00+00:00,53322.92,53375.61,53301.59,53328.03,94.4157
2025-02-23T01:00:00+00:00,53328.03,53520.50,53284.02,53480.32,144.4841
2025-02-23T02:00:00+00:00,53480.32,53536.42,53421.66,53491.11,54.4891
2025-02-23T03:00:00+00:00,53491.11,53513.37,53232.42,53309.67,95.8690
2025-02-23T04:00:00+00:00,53309.67,53403.59,53296.12,53392.37,136.0347
2025-02-23T05:00:00+00:00,53392.37,53446.49,53127.87,53155.34,165.7224
2025-02-23T06:00:00+00:00,53155.34,53356.80,53124.65,53338.22,149.2042
2025-02-23T07:00:00+00:00,53338.22,53463.63,52966.61,52984.89,80.2574
2025-02-23T08:00:00+00:00,52984.89,53013.39,52896.30,52996.64,174.9579
2025-02-23T09:00:00+00:00,52996.64,53026.39,52833.08,52848.61,111.1774
2025-02-23T10:00:00+00:00,52848.61,52851.10,52442.24,52525.28,160.5482
2025-02-23T11:00:00+00:00,52525.28,52599.00,52364.35,52410.42,172.8193
2025-02-23T12:00:00+00:00,52410.42,52448.08,51838.16,51951.09,167.9230
2025-02-23T13:00:00+00:00,51951.09,52136.94,51917.80,52135.94,136.8549
2025-02-23T14:00:00+00:00,52135.94,52556.10,52079.48,52505.73,119.6050
2025-02-23T15:00:00+00:00,52505.73,52599.15,52410.32,52421.22,160.8818
2025-02-23T16:00:00+00:00,52421.22,52483.06,52245.18,52258.56,133.6858
2025-02-23T17:00:00+00:00,52258.56,52309.72,51273.98,51298.73,112.1546
2025-02-23T18:00:00+00:00,51298.73,51299.76,50875.15,50906.48,176.9026
2025-02-23T19:00:00+00:00,50906.48,50909.55,50278.82,50315.48,211.0155
2025-02-23T20:00:00+00:00,50315.48,50478.11,50271.67,50415.14,156.6755
2025-02-23T21:00:00+00:00,50415.14,50767.35,50389.38,50701.05,71.2834
2025-02-23T22:00:00+00:00,50701.05,50759.84,50677.39,50757.09,50.8412
2025-02-23T23:00:00+00:00,50757.09,50960.40,50681.08,50925.31,138.5318
2025-02-24T00:00:00+00:00,50925.31,50981.02,50822.37,50841.96,84.9872
2025-02-24T01:00:00+00:00,50841.96,50889.71,50683.84,50748.60,115.1260
2025-02-24T02:00:00+00:00,50748.60,50847.01,50730.38,50846.41,41.8912
2025-02-24T03:00:00+00:00,50846.41,50873.26,50627.97,50695.02,75.2452
2025-02-24T04:00:00+00:00,50695.02,50922.18,50692.57,50882.60,117.9984
2025-02-24T05:00:00+00:00,50882.60,51137.23,50738.24,51122.17,26.0210
2025-02-24T06:00:00+00:00,51122.17,51244.27,50779.55,50806.96,42.9803
2025-02-24T07:00:00+00:00,50806.96,50891.69,49996.92,50087.11,44.5214
2025-02-24T08:00:00+00:00,50087.11,50103.09,49801.75,49870.01,115.6032
2025-02-24T09:00:00+00:00,49870.01,49919.39,49604.80,49684.03,117.4891
2025-02-24T10:00:00+00:00,49684.03,49737.86,49613.45,49690.50,120.1406
2025-02-24T11:00:00+00:00,49690.50,49733.53,49242.66,49271.40,166.2807
2025-02-24T12:00:00+00:00,49271.40,49371.45,49125.64,49155.14,54.2166
2025-02-24T13:00:00+00:00,49155.14,49160.01,48836.24,48898.88,99.4460
2025-02-24T14:00:00+00:00,48898.88,48933.22,48617.70,48692.63,157.2755
2025-02-24T15:00:00+00:00,48692.63,48859.67,48687.84,48798.59,93.5152
2025-02-24T16:00:00+00:00,48798.59,48814.95,48482.17,48501.23,156.4094
2025-02-24T17:00:00+00:00,48501.23,48595.82,48470.05,48481.29,149.1521
2025-02-24T18:00:00+00:00,48481.29,48621.25,48444.32,48538.29,70.1948
2025-02-24T19:00:00+00:00,48538.29,48581.88,48372.53,48423.52,135.1188
2025-02-24T20:00:00+00:00,48423.52,49147.72,48338.01,49117.29,111.7633
2025-02-24T21:00:00+00:00,49117.29,49626.01,49110.36,49603.56,156.9530
2025-02-24T22:00:00+00:00,49603.56,50047.93,49597.99,49980.54,74.8908
2025-02-24T23:00:00+00:00,49980.54,50015.36,49689.58,49783.54,126.0695
2025-02-25T00:00:00+00:00,49783.54,50279.91,49740.25,50208.34,89.2064
2025-02-25T01:00:00+00:00,50208.34,50233.19,49905.37,49943.02,116.8906
2025-02-25T02:00:00+00:00,49943.02,50082.11,49839.50,50041.29,84.1799
2025-02-25T03:00:00+00:00,50041.29,50143.56,49670.14,49718.86,94.2321
2025-02-25T04:00:00+00:00,49718.86,49962.49,49697.64,49866.17,135.2909
2025-02-25T05:00:00+00:00,49866.17,50132.11,49801.82,50095.01,153.3090
2025-02-25T06:00:00+00:00,50095.01,50107.17,50012.72,50057.93,145.8899
2025-02-25T07:00:00+00:00,50057.93,50315.84,50054.12,50311.79,85.0945
2025-02-25T08:00:00+00:00,50311.79,50388.16,50091.04,50095.65,128.5169
2025-02-25T09:00:00+00:00,50095.65,50169.09,49860.68,49871.55,146.7303
2025-02-25T10:00:00+00:00,49871.55,50343.72,49863.24,50239.52,173.8318
2025-02-25T11:00:00+00:00,50239.52,50263.55,49915.50,49967.31,129.0447
2025-02-25T12:00:00+00:00,49967.31,50031.43,49651.30,49681.70,119.7127
2025-02-25T13:00:00+00:00,49681.70,49756.65,49632.69,49706.54,140.0474
2025-02-25T14:00:00+00:00,49706.54,49809.90,49662.47,49792.81,118.4665
2025-02-25T15:00:00+00:00,49792.81,49931.59,49743.18,49896.52,100.7141
2025-02-25T16:00:00+00:00,49896.52,50406.09,49878.94,50380.61,91.5805
2025-02-25T17:00:00+00:00,50380.61,50470.01,50360.46,50401.86,119.9091
2025-02-25T18:00:00+00:00,50401.86,50431.57,50133.82,50207.75,71.9519
2025-02-25T19:00:00+00:00,50207.75,50444.26,50125.72,50380.47,167.6723
2025-02-25T20:00:00+00:00,50380.47,50559.65,50379.37,50530.91,77.9033
2025-02-25T21:00:00+00:00,50530.91,50628.97,50490.19,50627.80,127.5634
2025-02-25T22:00:00+00:00,50627.80,50727.31,50578.78,50726.95,141.7644
2025-02-25T23:00:00+00:00,50726.95,50756.74,50338.09,50361.07,181.3535
2025-02-26T00:00:00+00:00,50361.07,50378.36,49440.22,49474.71,162.7916
2025-02-26T01:00:00+00:00,49474.71,49476.97,49128.04,49154.06,99.9975
2025-02-26T02:00:00+00:00,49154.06,49357.82,49112.37,49319.09,168.4741
2025-02-26T03:00:00+00:00,49319.09,49337.84,48935.04,49061.60,171.4552
2025-02-26T04:00:00+00:00,49061.60,49082.83,48888.24,48928.34,79.9723
2025-02-26T05:00:00+00:00,48928.34,48974.64,48741.50,48771.42,90.9186
2025-02-26T06:00:00+00:00,48771.42,48844.20,48062.52,48100.08,152.1162
2025-02-26T07:00:00+00:00,48100.08,48362.51,48068.05,48289.83,83.5913
2025-02-26T08:00:00+00:00,48289.83,48313.34,48065.09,48080.94,78.1649
2025-02-26T09:00:00+00:00,48080.94,48233.74,48079.49,48184.95,111.3886
2025-02-26T10:00:00+00:00,48184.95,48435.02,48149.15,48290.30,66.3179
2025-02-26T11:00:00+00:00,48290.30,48291.53,47917.45,47928.93,144.3258
2025-02-26T12:00:00+00:00,47928.93,47998.93,47620.22,47624.72,178.4473
2025-02-26T13:00:00+00:00,47624.72,47909.35,47592.47,47849.62,163.0754
2025-02-26T14:00:00+00:00,47849.62,47916.46,47630.24,47674.03,155.2947
2025-02-26T15:00:00+00:00,47674.03,47694.61,47495.26,47526.23,177.2206
2025-02-26T16:00:00+00:00,47526.23,47548.83,47100.81,47114.57,69.8442
2025-02-26T17:00:00+00:00,47114.57,47194.93,47079.28,47134.72,75.6911
2025-02-26T18:00:00+00:00,47134.72,47188.52,46965.22,47107.00,154.6651
2025-02-26T19:00:00+00:00,47107.00,47328.25,47046.00,47254.10,155.1359
2025-02-26T20:00:00+00:00,47254.10,47895.32,47163.99,47867.59,109.7222
2025-02-26T21:00:00+00:00,47867.59,47977.99,47725.39,47772.89,188.3217
2025-02-26T22:00:00+00:00,47772.89,47774.21,47641.24,47688.80,93.5975
2025-02-26T23:00:00+00:00,47688.80,47943.23,47577.21,47866.41,104.7278
2025-02-27T00:00:00+00:00,47866.41,48129.51,47859.42,48011.58,128.7937
2025-02-27T01:00:00+00:00,48011.58,48029.81,47850.52,47922.84,145.5060
2025-02-27T02:00:00+00:00,47922.84,48035.74,47910.55,48012.35,152.1859
2025-02-27T03:00:00+00:00,48012.35,48587.99,47892.85,48527.14,32.7263
2025-02-27T04:00:00+00:00,48527.14,48565.24,47984.96,48010.39,210.6757
2025-02-27T05:00:00+00:00,48010.39,48237.85,48006.86,48150.80,138.3499
2025-02-27T06:00:00+00:00,48150.80,48476.88,48063.28,48443.45,69.3616
2025-02-27T07:00:00+00:00,48443.45,48760.10,48343.96,48689.05,136.7552
2025-02-27T08:00:00+00:00,48689.05,48699.62,48423.49,48468.98,112.1975
2025-02-27T09:00:00+00:00,48468.98,48578.64,48416.07,48417.31,182.6394
2025-02-27T10:00:00+00:00,48417.31,48442.45,48189.72,48219.05,218.1901
2025-02-27T11:00:00+00:00,48219.05,48269.95,47938.28,47951.63,120.9259
2025-02-27T12:00:00+00:00,47951.63,48046.76,47890.24,47928.68,94.5771
2025-02-27T13:00:00+00:00,47928.68,48013.12,47919.27,47961.64,62.7720
2025-02-27T14:00:00+00:00,47961.64,48000.71,47563.93,47636.49,194.8004
2025-02-27T15:00:00+00:00,47636.49,47648.46,47259.94,47268.62,95.1526
2025-02-27T16:00:00+00:00,47268.62,47320.79,47180.33,47189.97,104.5450
2025-02-27T17:00:00+00:00,47189.97,47269.36,47036.96,47091.59,125.2937
2025-02-27T18:00:00+00:00,47091.59,47110.37,46881.09,46884.30,121.9461
2025-02-27T19:00:00+00:00,46884.30,46957.39,46849.66,46916.30,76.6810
2025-02-27T20:00:00+00:00,46916.30,46963.32,46497.98,46566.26,170.1538
2025-02-27T21:00:00+00:00,46566.26,46673.77,46369.23,46388.22,62.3343
2025-02-27T22:00:00+00:00,46388.22,46529.29,46324.50,46474.48,33.3975
2025-02-27T23:00:00+00:00,46474.48,46513.77,46417.84,46489.93,146.0902
2025-02-28T00:00:00+00:00,46489.93,46606.05,46452.96,46574.21,91.5246
2025-02-28T01:00:00+00:00,46574.21,46675.65,46542.15,46647.00,108.8535
2025-02-28T02:00:00+00:00,46647.00,46657.86,46209.88,46270.94,138.5210
2025-02-28T03:00:00+00:00,46270.94,46279.65,46231.52,46265.00,109.6393
2025-02-28T04:00:00+00:00,46265.00,46715.95,46202.57,46693.14,99.8523
2025-02-28T05:00:00+00:00,46693.14,46854.90,46661.81,46759.11,181.4441
2025-02-28T06:00:00+00:00,46759.11,46894.08,46678.43,46848.31,165.2122
2025-02-28T07:00:00+00:00,46848.31,46982.93,46833.28,46978.97,149.5777
2025-02-28T08:00:00+00:00,46978.97,47233.90,46910.62,47139.94,140.1703
2025-02-28T09:00:00+00:00,47139.94,47279.60,47128.03,47257.04,150.5613
2025-02-28T10:00:00+00:00,47257.04,47373.31,47256.59,47334.91,121.6947
2025-02-28T11:00:00+00:00,47334.91,47497.34,47329.53,47477.37,203.0160
2025-02-28T12:00:00+00:00,47477.37,47526.71,47017.30,47035.49,106.0732
2025-02-28T13:00:00+00:00,47035.49,47097.42,46989.79,47001.95,121.5262
2025-02-28T14:00:00+00:00,47001.95,47061.08,46980.26,47009.27,157.5485
2025-02-28T15:00:00+00:00,47009.27,47065.98,46764.50,46774.08,162.0496
2025-02-28T16:00:00+00:00,46774.08,46843.29,46365.85,46366.86,60.8865
2025-02-28T17:00:00+00:00,46366.86,46401.67,46037.54,46039.66,88.9913
2025-02-28T18:00:00+00:00,46039.66,46396.35,46023.28,46289.84,96.1386
2025-02-28T19:00:00+00:00,46289.84,46453.70,46175.23,46441.91,95.7800
2025-02-28T20:00:00+00:00,46441.91,46743.42,46379.58,46741.42,162.1722
2025-02-28T21:00:00+00:00,46741.42,46984.13,46698.07,46948.73,122.7299
2025-02-28T22:00:00+00:00,46948.73,46951.16,46714.70,46751.22,190.0750
2025-02-28T23:00:00+00:00,46751.22,46972.34,46665.18,46929.78,50.9383
2025-03-01T00:00:00+00:00,46929.78,47116.68,46882.58,47072.57,121.5401
2025-03-01T01:00:00+00:00,47072.57,47133.48,46666.93,46707.29,117.3883
2025-03-01T02:00:00+00:00,46707.29,46762.40,46692.67,46755.07,126.6515
2025-03-01T03:00:00+00:00,46755.07,46851.01,46569.42,46581.98,98.9477
2025-03-01T04:00:00+00:00,46581.98,46929.44,46534.88,46885.48,120.0601
2025-03-01T05:00:00+00:00,46885.48,47090.77,46863.66,46967.25,67.8618
2025-03-01T06:00:00+00:00,46967.25,47037.29,46610.03,46632.18,108.7395
2025-03-01T07:00:00+00:00,46632.18,46646.69,46259.69,46284.46,127.5571
2025-03-01T08:00:00+00:00,46284.46,46519.06,46264.77,46494.45,164.5086
2025-03-01T09:00:00+00:00,46494.45,46547.35,46327.11,46397.57,114.9006
2025-03-01T10:00:00+00:00,46397.57,46615.64,46372.40,46551.54,95.5525
2025-03-01T11:00:00+00:00,46551.54,46677.06,46492.58,46662.27,156.0324
2025-03-01T12:00:00+00:00,46662.27,46720.51,46369.38,46384.36,140.9772
2025-03-01T13:00:00+00:00,46384.36,46489.48,46268.79,46276.09,126.1125
2025-03-01T14:00:00+00:00,46276.09,46615.22,46225.35,46577.34,60.5447
2025-03-01T15:00:00+00:00,46577.34,46831.79,46575.24,46799.69,102.4737
2025-03-01T16:00:00+00:00,46799.69,46910.24,46696.13,46855.77,118.1600
2025-03-01T17:00:00+00:00,46855.77,46972.14,46848.50,46922.40,104.5510
2025-03-01T18:00:00+00:00,46922.40,47229.39,46855.62,47218.03,64.8708
2025-03-01T19:00:00+00:00,47218.03,47243.14,46778.18,46820.16,135.1745
2025-03-01T20:00:00+00:00,46820.16,47096.48,46778.43,47084.64,103.1825
2025-03-01T21:00:00+00:00,47084.64,47422.51,47014.69,47406.23,113.6189
2025-03-01T22:00:00+00:00,47406.23,47446.62,47212.50,47238.27,127.9902
2025-03-01T23:00:00+00:00,47238.27,47270.61,46849.63,46873.15,195.5054
2025-03-02T00:00:00+00:00,46873.15,47179.95,46855.13,47115.28,171.6920
2025-03-02T01:00:00+00:00,47115.28,47400.01,47082.69,47391.60,166.0184
2025-03-02T02:00:00+00:00,47391.60,47443.45,47083.06,47139.66,147.8799
2025-03-02T03:00:00+00:00,47139.66,47185.40,46917.40,46960.69,190.0906
2025-03-02T04:00:00+00:00,46960.69,47007.44,46863.82,46865.82,209.5433
2025-03-02T05:00:00+00:00,46865.82,46872.02,46422.42,46456.17,103.7939
2025-03-02T06:00:00+00:00,46456.17,46481.22,46035.20,46138.09,94.8332
2025-03-02T07:00:00+00:00,46138.09,46181.53,46110.40,46153.27,114.8285
2025-03-02T08:00:00+00:00,46153.27,46162.29,46134.81,46138.79,183.3072
2025-03-02T09:00:00+00:00,46138.79,46203.95,45785.57,45835.74,103.7053
2025-03-02T10:00:00+00:00,45835.74,46058.05,45804.98,45986.97,189.3156
2025-03-02T11:00:00+00:00,45986.97,46185.80,45930.34,46113.12,113.5212
2025-03-02T12:00:00+00:00,46113.12,46719.82,46047.60,46634.14,159.1501
2025-03-02T13:00:00+00:00,46634.14,46818.61,46492.54,46740.28,79.6244
2025-03-02T14:00:00+00:00,46740.28,46820.42,46570.56,46615.95,144.6353
2025-03-02T15:00:00+00:00,46615.95,46635.52,46413.78,46464.24,118.2036
2025-03-02T16:00:00+00:00,46464.24,46469.51,46286.76,46360.25,150.7417
2025-03-02T17:00:00+00:00,46360.25,46676.51,46335.67,46643.58,154.3585
2025-03-02T18:00:00+00:00,46643.58,46843.14,46594.90,46727.13,130.1163
2025-03-02T19:00:00+00:00,46727.13,46822.94,46019.62,46046.80,104.7760
2025-03-02T20:00:00+00:00,46046.80,46056.60,45750.77,45849.35,165.5990
2025-03-02T21:00:00+00:00,45849.35,45861.15,45465.00,45508.98,84.3735
2025-03-02T22:00:00+00:00,45508.98,45745.83,45409.94,45691.41,111.4863
2025-03-02T23:00:00+00:00,45691.41,45890.17,45659.03,45881.75,134.4058
2025-03-03T00:00:00+00:00,45881.75,46502.67,45870.16,46436.37,165.0304
2025-03-03T01:00:00+00:00,46436.37,46465.09,46031.83,46037.39,103.6958
2025-03-03T02:00:00+00:00,46037.39,46288.42,46032.96,46269.45,174.5788
2025-03-03T03:00:00+00:00,46269.45,46283.14,45943.75,45955.73,105.9267
2025-03-03T04:00:00+00:00,45955.73,45967.88,45675.77,45742.69,139.7718
2025-03-03T05:00:00+00:00,45742.69,46249.39,45735.96,46228.17,67.7465
2025-03-03T06:00:00+00:00,46228.17,46281.50,45893.70,45941.19,90.3883
2025-03-03T07:00:00+00:00,45941.19,46121.74,45892.61,46077.36,93.6800
2025-03-03T08:00:00+00:00,46077.36,46104.35,45818.83,45952.50,182.5270
2025-03-03T09:00:00+00:00,45952.50,46091.02,45922.30,46011.59,157.6003
2025-03-03T10:00:00+00:00,46011.59,46101.28,46004.54,46058.39,109.6252
2025-03-03T11:00:00+00:00,46058.39,46058.78,45656.76,45697.56,128.2726
2025-03-03T12:00:00+00:00,45697.56,45828.76,45636.57,45639.38,152.9508
2025-03-03T13:00:00+00:00,45639.38,45667.77,45247.59,45305.54,135.0089
2025-03-03T14:00:00+00:00,45305.54,45355.21,44703.14,44715.66,97.9894
2025-03-03T15:00:00+00:00,44715.66,45077.26,44678.72,45019.06,64.7695
2025-03-03T16:00:00+00:00,45019.06,45069.93,45001.78,45034.11,98.5751
2025-03-03T17:00:00+00:00,45034.11,45109.60,44768.26,44784.75,122.3900
2025-03-03T18:00:00+00:00,44784.75,45095.15,44730.15,45010.74,136.4598
2025-03-03T19:00:00+00:00,45010.74,45046.47,44944.40,45040.92,76.9801
2025-03-03T20:00:00+00:00,45040.92,45041.53,44891.38,44894.70,142.6820
2025-03-03T21:00:00+00:00,44894.70,45144.02,44854.22,45126.78,168.7678
2025-03-03T22:00:00+00:00,45126.78,45136.17,45009.47,45014.93,117.3053
2025-03-03T23:00:00+00:00,45014.93,45468.36,44980.22,45446.06,132.8645
2025-03-04T00:00:00+00:00,45446.06,45478.68,45387.53,45477.62,55.4449
2025-03-04T01:00:00+00:00,45477.62,45694.88,45424.88,45645.58,122.6907
2025-03-04T02:00:00+00:00,45645.58,45862.19,45590.18,45831.02,213.5154
2025-03-04T03:00:00+00:00,45831.02,45871.69,45541.03,45603.28,108.9321
2025-03-04T04:00:00+00:00,45603.28,45607.60,45379.90,45445.18,154.8579
2025-03-04T05:00:00+00:00,45445.18,45445.90,45111.11,45123.27,120.7386
2025-03-04T06:00:00+00:00,45123.27,45183.85,45045.70,45056.77,43.8588
2025-03-04T07:00:00+00:00,45056.77,45126.30,44838.28,44902.15,146.5759
2025-03-04T08:00:00+00:00,44902.15,44905.66,44747.38,44860.83,134.5941
2025-03-04T09:00:00+00:00,44860.83,44909.49,44589.41,44649.44,155.0870
2025-03-04T10:00:00+00:00,44649.44,44660.08,44534.40,44548.09,148.4161
2025-03-04T11:00:00+00:00,44548.09,44688.77,44475.44,44640.69,74.3246
2025-03-04T12:00:00+00:00,44640.69,44688.65,44400.89,44456.95,82.8731
2025-03-04T13:00:00+00:00,44456.95,44471.45,44289.88,44294.51,87.1280
2025-03-04T14:00:00+00:00,44294.51,44338.88,44275.16,44329.58,178.4406
2025-03-04T15:00:00+00:00,44329.58,44616.41,44302.25,44549.08,56.0842
2025-03-04T16:00:00+00:00,44549.08,44666.42,44517.46,44538.76,147.8418
2025-03-04T17:00:00+00:00,44538.76,44640.00,44450.17,44452.50,57.3792
2025-03-04T18:00:00+00:00,44452.50,44886.52,44430.31,44874.66,106.4177
2025-03-04T19:00:00+00:00,44874.66,45106.97,44828.00,45013.03,146.5090
2025-03-04T20:00:00+00:00,45013.03,45571.98,44979.48,45483.94,156.8565
2025-03-04T21:00:00+00:00,45483.94,45958.42,45471.23,45841.63,158.3530
2025-03-04T22:00:00+00:00,45841.63,45858.72,45300.28,45326.55,127.6045
2025-03-04T23:00:00+00:00,45326.55,45328.56,45259.00,45301.06,68.9947
2025-03-05T00:00:00+00:00,45301.06,45349.38,45217.01,45264.88,137.8914
2025-03-05T01:00:00+00:00,45264.88,45569.60,45157.00,45540.76,141.6243
2025-03-05T02:00:00+00:00,45540.76,45740.47,45540.40,45691.99,74.7712
2025-03-05T03:00:00+00:00,45691.99,45756.14,45667.92,45732.36,105.9631
2025-03-05T04:00:00+00:00,45732.36,45843.17,45378.44,45492.06,150.5258
2025-03-05T05:00:00+00:00,45492.06,45608.63,45405.55,45429.82,160.0763
2025-03-05T06:00:00+00:00,45429.82,45443.24,44760.63,44908.16,106.7632
2025-03-05T07:00:00+00:00,44908.16,45020.33,44893.53,44995.23,82.5623
2025-03-05T08:00:00+00:00,44995.23,45276.27,44902.65,45211.78,144.2373
2025-03-05T09:00:00+00:00,45211.78,45232.92,45004.38,45043.56,95.5475
2025-03-05T10:00:00+00:00,45043.56,45320.74,44934.63,45252.45,131.3599
2025-03-05T11:00:00+00:00,45252.45,45334.53,45204.52,45290.18,122.4006
2025-03-05T12:00:00+00:00,45290.18,45412.13,45180.18,45222.97,55.7385
2025-03-05T13:00:00+00:00,45222.97,45237.70,44861.68,44907.29,143.3473
2025-03-05T14:00:00+00:00,44907.29,44987.48,44901.59,44954.21,119.0971
2025-03-05T15:00:00+00:00,44954.21,45182.09,44912.45,45152.36,152.2398
2025-03-05T16:00:00+00:00,45152.36,45777.60,45133.38,45734.83,106.8317
2025-03-05T17:00:00+00:00,45734.83,45757.03,45506.38,45556.19,98.5950
2025-03-05T18:00:00+00:00,45556.19,45605.53,45283.78,45352.52,180.4288
2025-03-05T19:00:00+00:00,45352.52,45407.37,45313.08,45393.18,137.2704
2025-03-05T20:00:00+00:00,45393.18,45616.92,45360.19,45577.54,129.8352
2025-03-05T21:00:00+00:00,45577.54,45960.50,45552.28,45891.38,173.6878
2025-03-05T22:00:00+00:00,45891.38,45991.11,45836.27,45976.31,137.6236
2025-03-05T23:00:00+00:00,45976.31,46004.63,45623.24,45654.68,138.7894
2025-03-06T00:00:00+00:00,45654.68,45729.40,45468.24,45503.69,119.1774
2025-03-06T01:00:00+00:00,45503.69,46038.28,45431.31,46033.90,32.3963
2025-03-06T02:00:00+00:00,46033.90,46099.89,45701.10,45783.57,98.4852
2025-03-06T03:00:00+00:00,45783.57,46016.01,45752.14,45988.18,155.1410
2025-03-06T04:00:00+00:00,45988.18,46160.60,45966.16,46125.23,92.1701
2025-03-06T05:00:00+00:00,46125.23,46492.05,46060.79,46422.37,91.6458
2025-03-06T06:00:00+00:00,46422.37,46446.08,46263.89,46265.52,168.1009
2025-03-06T07:00:00+00:00,46265.52,46676.09,46252.26,46667.33,90.4021
2025-03-06T08:00:00+00:00,46667.33,46682.16,46234.28,46314.90,63.8893
2025-03-06T09:00:00+00:00,46314.90,46319.86,46142.61,46232.16,119.2110
2025-03-06T10:00:00+00:00,46232.16,46311.72,45999.09,46064.79,152.3330
2025-03-06T11:00:00+00:00,46064.79,46272.76,46049.22,46270.45,157.8729
2025-03-06T12:00:00+00:00,46270.45,46342.36,45959.69,46016.14,133.0544
2025-03-06T13:00:00+00:00,46016.14,46041.48,45822.64,45832.41,139.4398
2025-03-06T14:00:00+00:00,45832.41,45925.34,45723.81,45798.24,98.0134
2025-03-06T15:00:00+00:00,45798.24,45831.53,45409.78,45414.65,177.0477
2025-03-06T16:00:00+00:00,45414.65,45422.22,44527.25,44552.52,155.6518
2025-03-06T17:00:00+00:00,44552.52,44955.02,44491.32,44954.72,131.8925
2025-03-06T18:00:00+00:00,44954.72,44960.24,44520.14,44527.18,108.4417
2025-03-06T19:00:00+00:00,44527.18,44547.83,44450.38,44463.86,166.8869
2025-03-06T20:00:00+00:00,44463.86,44573.10,44242.36,44260.23,129.6226
2025-03-06T21:00:00+00:00,44260.23,44292.74,44204.53,44210.75,137.9788
2025-03-06T22:00:00+00:00,44210.75,44419.50,44209.89,44366.08,83.1180
2025-03-06T23:00:00+00:00,44366.08,44520.27,44341.40,44483.52,130.0051
2025-03-07T00:00:00+00:00,44483.52,44683.13,44448.63,44660.55,89.8944
2025-03-07T01:00:00+00:00,44660.55,44711.65,44549.92,44591.90,117.9447
2025-03-07T02:00:00+00:00,44591.90,44598.25,44396.11,44406.29,24.7206
2025-03-07T03:00:00+00:00,44406.29,44793.24,44350.14,44740.44,168.3108
2025-03-07T04:00:00+00:00,44740.44,44965.87,44698.53,44881.33,134.5442
2025-03-07T05:00:00+00:00,44881.33,44914.05,44701.54,44710.01,193.5176
2025-03-07T06:00:00+00:00,44710.01,44727.87,44396.09,44430.26,97.0891
2025-03-07T07:00:00+00:00,44430.26,44811.69,44361.81,44806.78,144.7795
2025-03-07T08:00:00+00:00,44806.78,44852.38,44522.56,44556.42,108.5479
2025-03-07T09:00:00+00:00,44556.42,44696.35,44499.91,44623.04,103.9387
2025-03-07T10:00:00+00:00,44623.04,44688.04,44316.62,44336.06,113.0243
2025-03-07T11:00:00+00:00,44336.06,44588.28,44335.04,44535.93,67.6496
2025-03-07T12:00:00+00:00,44535.93,44606.46,44333.98,44371.52,83.4600
2025-03-07T13:00:00+00:00,44371.52,44401.98,43957.23,43986.76,105.1561
2025-03-07T14:00:00+00:00,43986.76,44257.91,43950.85,44251.40,98.1370
2025-03-07T15:00:00+00:00,44251.40,44371.41,44230.19,44290.70,179.9479
2025-03-07T16:00:00+00:00,44290.70,44619.94,44266.98,44551.66,67.9637
2025-03-07T17:00:00+00:00,44551.66,44680.90,44517.63,44644.76,122.3226
2025-03-07T18:00:00+00:00,44644.76,45367.99,44635.61,45279.65,126.0883
2025-03-07T19:00:00+00:00,45279.65,45395.24,45062.32,45072.98,142.1132
2025-03-07T20:00:00+00:00,45072.98,45095.81,44801.10,44851.36,159.0768
2025-03-07T21:00:00+00:00,44851.36,45053.25,44847.83,45042.78,79.7631
2025-03-07T22:00:00+00:00,45042.78,45089.24,44753.61,44824.93,78.3414
2025-03-07T23:00:00+00:00,44824.93,44934.06,44487.64,44531.09,169.7726
2025-03-08T00:00:00+00:00,44531.09,44940.13,44524.40,44924.46,149.4412
2025-03-08T01:00:00+00:00,44924.46,45076.49,44920.45,44981.66,157.4897
2025-03-08T02:00:00+00:00,44981.66,45058.93,44887.37,44900.25,168.0127
2025-03-08T03:00:00+00:00,44900.25,45017.55,44849.35,45009.16,163.6975
2025-03-08T04:00:00+00:00,45009.16,45062.99,44780.85,44801.39,128.5228
2025-03-08T05:00:00+00:00,44801.39,45080.15,44758.15,45051.14,156.9939
2025-03-08T06:00:00+00:00,45051.14,45068.38,44984.80,45054.01,147.6905
2025-03-08T07:00:00+00:00,45054.01,45088.13,44890.25,45009.38,121.6450
2025-03-08T08:00:00+00:00,45009.38,45051.08,44970.80,44985.42,93.7604
2025-03-08T09:00:00+00:00,44985.42,45026.07,44935.38,44956.84,167.0304
2025-03-08T10:00:00+00:00,44956.84,45263.02,44849.76,45203.00,123.8947
2025-03-08T11:00:00+00:00,45203.00,45216.37,45085.88,45105.81,96.0578
2025-03-08T12:00:00+00:00,45105.81,45112.64,44721.04,44768.37,131.2708
2025-03-08T13:00:00+00:00,44768.37,44976.54,44704.19,44950.95,125.3950
2025-03-08T14:00:00+00:00,44950.95,45516.50,44906.82,45429.03,85.5452
2025-03-08T15:00:00+00:00,45429.03,45597.37,45405.29,45554.70,170.9306
2025-03-08T16:00:00+00:00,45554.70,45573.83,45371.90,45466.74,130.3846
2025-03-08T17:00:00+00:00,45466.74,45650.62,45403.79,45559.81,126.8221
2025-03-08T18:00:00+00:00,45559.81,45562.47,45201.37,45346.29,119.2435
2025-03-08T19:00:00+00:00,45346.29,45402.37,45164.02,45201.81,114.9944
2025-03-08T20:00:00+00:00,45201.81,45250.78,45171.87,45192.66,141.9997
2025-03-08T21:00:00+00:00,45192.66,45220.70,44784.35,44798.36,133.3243
2025-03-08T22:00:00+00:00,44798.36,45074.01,44776.40,45032.93,174.6176
2025-03-08T23:00:00+00:00,45032.93,45161.15,45026.68,45104.45,157.3492
2025-03-09T00:00:00+00:00,45104.45,45369.47,45091.50,45275.49,144.1129
2025-03-09T01:00:00+00:00,45275.49,45362.46,45244.92,45314.55,108.3276
2025-03-09T02:00:00+00:00,45314.55,45334.05,45236.39,45268.74,78.1219
2025-03-09T03:00:00+00:00,45268.74,45296.55,45222.17,45283.14,155.9032
2025-03-09T04:00:00+00:00,45283.14,45292.71,44584.72,44606.49,95.1292
2025-03-09T05:00:00+00:00,44606.49,44840.86,44546.37,44813.03,101.3597
2025-03-09T06:00:00+00:00,44813.03,44872.33,44714.18,44742.58,197.8069
2025-03-09T07:00:00+00:00,44742.58,44755.34,44661.17,44714.02,75.8159
2025-03-09T08:00:00+00:00,44714.02,44718.26,44541.51,44587.32,95.4481
2025-03-09T09:00:00+00:00,44587.32,44647.42,44473.21,44535.76,116.9876
2025-03-09T10:00:00+00:00,44535.76,44588.29,44274.22,44312.04,91.7877
2025-03-09T11:00:00+00:00,44312.04,44531.02,44270.16,44461.90,182.7817
2025-03-09T12:00:00+00:00,44461.90,44523.78,44114.62,44237.40,118.9239
2025-03-09T13:00:00+00:00,44237.40,44259.43,44136.55,44227.60,181.7002
2025-03-09T14:00:00+00:00,44227.60,44245.79,44149.20,44188.06,81.1261
2025-03-09T15:00:00+00:00,44188.06,44311.93,44172.91,44253.37,134.3843
2025-03-09T16:00:00+00:00,44253.37,44302.56,44221.24,44264.56,128.3746
2025-03-09T17:00:00+00:00,44264.56,44424.34,44211.59,44390.99,78.2583
2025-03-09T18:00:00+00:00,44390.99,44481.94,44316.65,44456.09,157.4344
2025-03-09T19:00:00+00:00,44456.09,44478.09,44381.47,44406.35,80.4359
2025-03-09T20:00:00+00:00,44406.35,44409.27,44333.55,44367.80,111.6282
2025-03-09T21:00:00+00:00,44367.80,44467.48,44215.71,44222.25,78.1483
2025-03-09T22:00:00+00:00,44222.25,44444.68,44189.76,44385.27,162.8305
2025-03-09T23:00:00+00:00,44385.27,44573.85,44337.06,44549.57,169.7457
2025-03-10T00:00:00+00:00,44549.57,44663.16,44479.46,44650.66,123.3767
2025-03-10T01:00:00+00:00,44650.66,44659.13,44575.41,44611.55,170.3687
2025-03-10T02:00:00+00:00,44611.55,44718.33,44547.42,44702.10,115.1470
2025-03-10T03:00:00+00:00,44702.10,44798.22,44680.48,44764.81,173.4033
2025-03-10T04:00:00+00:00,44764.81,44782.12,44607.00,44654.28,151.7455
2025-03-10T05:00:00+00:00,44654.28,44709.17,44586.97,44685.02,132.8645
2025-03-10T06:00:00+00:00,44685.02,44724.49,44657.91,44710.31,42.7423
2025-03-10T07:00:00+00:00,44710.31,44814.69,44541.51,44574.39,105.0799
2025-03-10T08:00:00+00:00,44574.39,44625.38,44453.75,44503.51,48.4636
2025-03-10T09:00:00+00:00,44503.51,44655.46,44478.04,44622.29,138.1875
2025-03-10T10:00:00+00:00,44622.29,44794.93,44589.35,44706.41,148.7606
2025-03-10T11:00:00+00:00,44706.41,44869.21,44680.08,44792.62,34.3918
2025-03-10T12:00:00+00:00,44792.62,44942.36,44774.18,44931.08,183.7510
2025-03-10T13:00:00+00:00,44931.08,44955.10,44734.02,44764.00,29.7323
2025-03-10T14:00:00+00:00,44764.00,44798.86,44761.76,44770.58,116.2637
2025-03-10T15:00:00+00:00,44770.58,44805.00,44595.43,44636.99,33.7774
2025-03-10T16:00:00+00:00,44636.99,44667.12,44491.13,44514.15,203.8611
2025-03-10T17:00:00+00:00,44514.15,44708.74,44465.66,44669.11,67.6295
2025-03-10T18:00:00+00:00,44669.11,44684.82,44318.69,44321.55,106.4603
2025-03-10T19:00:00+00:00,44321.55,44347.08,44321.22,44339.59,214.8344
2025-03-10T20:00:00+00:00,44339.59,44466.51,44307.59,44410.55,84.6340
2025-03-10T21:00:00+00:00,44410.55,44443.04,44327.84,44371.05,83.5550
2025-03-10T22:00:00+00:00,44371.05,44713.28,44358.19,44592.57,208.6923
2025-03-10T23:00:00+00:00,44592.57,44645.83,44527.04,44533.79,88.0637
2025-03-11T00:00:00+00:00,44533.79,44569.03,44450.62,44505.90,87.5495
2025-03-11T01:00:00+00:00,44505.90,44543.49,44244.46,44249.55,96.6116
2025-03-11T02:00:00+00:00,44249.55,44338.07,44159.66,44296.88,31.2422
2025-03-11T03:00:00+00:00,44296.88,44410.17,44201.99,44368.23,143.4212
2025-03-11T04:00:00+00:00,44368.23,44394.39,44275.83,44317.27,102.9206
2025-03-11T05:00:00+00:00,44317.27,44562.00,44304.46,44417.44,102.3603
2025-03-11T06:00:00+00:00,44417.44,44930.22,44390.62,44829.69,77.4556
2025-03-11T07:00:00+00:00,44829.69,44846.47,44673.78,44769.81,30.0057
2025-03-11T08:00:00+00:00,44769.81,44824.79,44728.67,44782.93,62.1174
2025-03-11T09:00:00+00:00,44782.93,45043.47,44761.25,44916.48,131.4460
2025-03-11T10:00:00+00:00,44916.48,44977.16,44742.50,44870.52,53.5061
2025-03-11T11:00:00+00:00,44870.52,45062.38,44833.75,44977.71,65.5565
2025-03-11T12:00:00+00:00,44977.71,45217.95,44905.29,45187.89,97.4374
2025-03-11T13:00:00+00:00,45187.89,45193.03,45062.41,45161.72,88.5520
2025-03-11T14:00:00+00:00,45161.72,45366.14,45138.20,45330.02,101.4140
2025-03-11T15:00:00+00:00,45330.02,45334.81,45139.18,45159.95,79.7235
2025-03-11T16:00:00+00:00,45159.95,45264.80,45067.59,45227.08,117.1903
2025-03-11T17:00:00+00:00,45227.08,45283.71,45024.36,45038.22,71.2839
2025-03-11T18:00:00+00:00,45038.22,45124.83,44880.74,44981.52,97.7521
2025-03-11T19:00:00+00:00,44981.52,45033.78,44794.59,44813.88,149.6239
2025-03-11T20:00:00+00:00,44813.88,44838.93,44734.18,44738.25,104.4289
2025-03-11T21:00:00+00:00,44738.25,44785.69,44581.37,44608.97,90.9507
2025-03-11T22:00:00+00:00,44608.97,44683.44,44496.11,44586.50,44.9056
2025-03-11T23:00:00+00:00,44586.50,44591.04,44374.85,44475.18,81.2900
2025-03-12T00:00:00+00:00,44475.18,44479.52,44400.48,44443.69,156.4859
2025-03-12T01:00:00+00:00,44443.69,44758.04,44382.24,44658.89,146.5625
2025-03-12T02:00:00+00:00,44658.89,44769.10,44592.31,44724.44,150.8673
2025-03-12T03:00:00+00:00,44724.44,44750.77,44692.66,44740.30,130.3817
2025-03-12T04:00:00+00:00,44740.30,44833.92,44563.73,44657.08,44.0811
2025-03-12T05:00:00+00:00,44657.08,44658.36,44518.36,44578.60,84.6723
2025-03-12T06:00:00+00:00,44578.60,44590.41,44444.46,44470.69,159.9990
2025-03-12T07:00:00+00:00,44470.69,44482.03,44382.06,44391.46,141.4005
2025-03-12T08:00:00+00:00,44391.46,44426.74,44283.02,44347.17,172.4619
2025-03-12T09:00:00+00:00,44347.17,44360.47,44083.99,44168.64,138.7373
2025-03-12T10:00:00+00:00,44168.64,44401.47,44098.39,44351.72,102.2650
2025-03-12T11:00:00+00:00,44351.72,44518.86,44328.11,44467.84,106.4178
2025-03-12T12:00:00+00:00,44467.84,44561.79,44317.95,44341.93,123.1515
2025-03-12T13:00:00+00:00,44341.93,44588.58,44228.18,44474.96,166.9706
2025-03-12T14:00:00+00:00,44474.96,44492.95,44471.67,44472.13,89.0299
2025-03-12T15:00:00+00:00,44472.13,44594.24,44401.82,44559.31,47.0593
2025-03-12T16:00:00+00:00,44559.31,44580.14,44328.39,44372.03,130.2368
2025-03-12T17:00:00+00:00,44372.03,44395.83,44349.26,44356.36,133.4320
2025-03-12T18:00:00+00:00,44356.36,44419.89,44296.70,44316.88,86.6747
2025-03-12T19:00:00+00:00,44316.88,44340.50,44121.84,44149.26,127.8125
2025-03-12T20:00:00+00:00,44149.26,44436.08,44092.87,44390.24,76.5616
2025-03-12T21:00:00+00:00,44390.24,44437.37,44194.37,44312.19,143.8996
2025-03-12T22:00:00+00:00,44312.19,44428.29,44201.67,44251.30,201.2224
2025-03-12T23:00:00+00:00,44251.30,44258.10,44181.93,44182.34,181.3812
2025-03-13T00:00:00+00:00,44182.34,44336.00,44111.01,44319.52,68.4053
2025-03-13T01:00:00+00:00,44319.52,44417.88,44306.38,44417.59,184.3547
2025-03-13T02:00:00+00:00,44417.59,44547.80,44338.79,44425.43,178.3675
2025-03-13T03:00:00+00:00,44425.43,44663.91,44368.96,44579.63,68.4680
2025-03-13T04:00:00+00:00,44579.63,44644.39,44265.70,44267.56,117.3905
2025-03-13T05:00:00+00:00,44267.56,44350.58,44240.18,44317.52,167.8481
2025-03-13T06:00:00+00:00,44317.52,44499.04,44261.95,44380.75,130.2977
2025-03-13T07:00:00+00:00,44380.75,44564.47,44331.18,44511.24,160.2647
2025-03-13T08:00:00+00:00,44511.24,44551.88,44398.77,44447.74,69.6907
2025-03-13T09:00:00+00:00,44447.74,44668.18,44383.87,44652.57,104.8016
2025-03-13T10:00:00+00:00,44652.57,44808.55,44627.12,44805.10,85.4723
2025-03-13T11:00:00+00:00,44805.10,44810.28,44656.72,44776.11,124.6804
2025-03-13T12:00:00+00:00,44776.11,44780.59,44687.76,44719.39,138.0795
2025-03-13T13:00:00+00:00,44719.39,44783.46,44547.74,44610.38,137.9439
2025-03-13T14:00:00+00:00,44610.38,44887.61,44552.72,44784.58,97.2956
2025-03-13T15:00:00+00:00,44784.58,44799.77,44543.53,44634.20,25.8242
2025-03-13T16:00:00+00:00,44634.20,44718.88,44579.49,44663.17,145.7328
2025-03-13T17:00:00+00:00,44663.17,44736.46,43872.06,43939.43,33.8903
2025-03-13T18:00:00+00:00,43939.43,43978.53,43897.72,43941.78,125.6857
2025-03-13T19:00:00+00:00,43941.78,44236.61,43917.11,44214.01,177.8714
2025-03-13T20:00:00+00:00,44214.01,44240.80,43824.82,43851.24,183.0006
2025-03-13T21:00:00+00:00,43851.24,43928.53,43607.70,43665.25,129.0639
2025-03-13T22:00:00+00:00,43665.25,43679.86,43547.10,43617.89,132.7352
2025-03-13T23:00:00+00:00,43617.89,43886.06,43543.54,43790.13,66.9698
2025-03-14T00:00:00+00:00,43790.13,43937.99,43771.33,43882.21,149.4117
2025-03-14T01:00:00+00:00,43882.21,44033.91,43787.87,43792.38,123.8835
2025-03-14T02:00:00+00:00,43792.38,43831.19,43593.63,43614.52,109.7552
2025-03-14T03:00:00+00:00,43614.52,43755.78,43575.25,43716.17,101.5746
2025-03-14T04:00:00+00:00,43716.17,43746.85,43561.74,43629.99,109.5833
2025-03-14T05:00:00+00:00,43629.99,43659.46,43547.97,43642.66,103.6823
2025-03-14T06:00:00+00:00,43642.66,44236.62,43602.44,44223.99,144.4839
2025-03-14T07:00:00+00:00,44223.99,44521.85,44184.89,44521.33,112.8271
2025-03-14T08:00:00+00:00,44521.33,45148.60,44515.40,45127.67,172.1088
2025-03-14T09:00:00+00:00,45127.67,45182.28,44749.13,44868.47,81.8513
2025-03-14T10:00:00+00:00,44868.47,45014.60,44864.00,44985.57,114.0478
2025-03-14T11:00:00+00:00,44985.57,45050.61,44391.73,44393.19,159.2515
2025-03-14T12:00:00+00:00,44393.19,44412.44,44171.74,44191.67,64.8173
2025-03-14T13:00:00+00:00,44191.67,44721.38,44117.90,44653.63,147.8286
2025-03-14T14:00:00+00:00,44653.63,44677.94,44371.33,44535.93,186.7153
2025-03-14T15:00:00+00:00,44535.93,44652.12,44496.82,44595.69,19.2995
2025-03-14T16:00:00+00:00,44595.69,44889.40,44585.60,44859.78,168.7706
2025-03-14T17:00:00+00:00,44859.78,45271.38,44809.75,45261.10,53.6104
2025-03-14T18:00:00+00:00,45261.10,45298.74,44916.44,44937.34,99.3115
2025-03-14T19:00:00+00:00,44937.34,44953.25,44868.71,44943.92,108.9268
2025-03-14T20:00:00+00:00,44943.92,45379.41,44911.89,45281.81,130.5152
2025-03-14T21:00:00+00:00,45281.81,45320.15,44937.57,44941.29,122.3187
2025-03-14T22:00:00+00:00,44941.29,45313.28,44913.28,45266.20,143.6409
2025-03-14T23:00:00+00:00,45266.20,45526.98,45241.45,45425.57,104.2247
2025-03-15T00:00:00+00:00,45425.57,45853.17,45383.37,45850.16,98.8242
2025-03-15T01:00:00+00:00,45850.16,46115.29,45844.25,46108.46,174.0926
2025-03-15T02:00:00+00:00,46108.46,46269.02,46032.55,46264.41,148.9816
2025-03-15T03:00:00+00:00,46264.41,46410.53,46113.80,46385.77,164.6014
2025-03-15T04:00:00+00:00,46385.77,46429.08,46211.49,46244.12,124.6991
2025-03-15T05:00:00+00:00,46244.12,46293.75,45815.63,45859.67,184.7820
2025-03-15T06:00:00+00:00,45859.67,45901.94,45817.51,45878.60,89.5127
2025-03-15T07:00:00+00:00,45878.60,45972.23,45876.66,45959.44,61.4677
2025-03-15T08:00:00+00:00,45959.44,45980.47,45757.40,45828.10,77.4292
2025-03-15T09:00:00+00:00,45828.10,45838.75,45460.19,45489.61,70.5685
2025-03-15T10:00:00+00:00,45489.61,45505.84,45235.66,45302.55,132.4469
2025-03-15T11:00:00+00:00,45302.55,46081.00,45257.09,45972.62,108.5313
2025-03-15T12:00:00+00:00,45972.62,46083.54,45969.60,46006.78,90.8938
2025-03-15T13:00:00+00:00,46006.78,46201.14,45491.91,45592.34,180.5799
2025-03-15T14:00:00+00:00,45592.34,45623.18,45169.53,45193.98,100.9462
2025-03-15T15:00:00+00:00,45193.98,45322.79,44679.47,44721.55,134.6327
2025-03-15T16:00:00+00:00,44721.55,44734.61,44168.11,44251.58,53.5614
2025-03-15T17:00:00+00:00,44251.58,44254.14,44200.49,44213.55,125.7327
2025-03-15T18:00:00+00:00,44213.55,44218.72,44052.20,44126.13,111.8006
2025-03-15T19:00:00+00:00,44126.13,44349.14,44011.12,44249.24,173.4138
2025-03-15T20:00:00+00:00,44249.24,44306.79,43946.98,43986.80,112.8719
2025-03-15T21:00:00+00:00,43986.80,43991.46,43960.30,43960.43,156.1783
2025-03-15T22:00:00+00:00,43960.43,44201.21,43917.12,44159.08,128.6706
2025-03-15T23:00:00+00:00,44159.08,44220.32,43685.29,43755.96,165.0059
2025-03-16T00:00:00+00:00,43755.96,43796.57,43428.78,43478.09,141.4307
2025-03-16T01:00:00+00:00,43478.09,44038.59,43404.03,44031.53,88.8214
2025-03-16T02:00:00+00:00,44031.53,44059.31,43858.74,43955.75,137.5701
2025-03-16T03:00:00+00:00,43955.75,44021.66,43736.02,43751.92,150.1163
2025-03-16T04:00:00+00:00,43751.92,44036.67,43704.38,44005.63,125.5259
2025-03-16T05:00:00+00:00,44005.63,44021.69,43804.57,43917.31,109.1275
2025-03-16T06:00:00+00:00,43917.31,43921.77,43873.92,43896.18,130.6406
2025-03-16T07:00:00+00:00,43896.18,43990.98,43770.04,43792.83,52.3002
2025-03-16T08:00:00+00:00,43792.83,43799.39,43708.52,43793.45,163.3566
2025-03-16T09:00:00+00:00,43793.45,43969.74,43783.45,43913.95,199.5172
2025-03-16T10:00:00+00:00,43913.95,44085.28,43763.67,44053.12,122.3636
2025-03-16T11:00:00+00:00,44053.12,44099.33,43609.58,43631.56,70.9833
2025-03-16T12:00:00+00:00,43631.56,44058.81,43510.79,44051.33,75.5018
2025-03-16T13:00:00+00:00,44051.33,44447.47,44044.37,44403.68,156.0447
2025-03-16T14:00:00+00:00,44403.68,44537.32,43887.11,43939.45,136.8086
2025-03-16T15:00:00+00:00,43939.45,44673.26,43857.44,44540.16,122.5149
2025-03-16T16:00:00+00:00,44540.16,44551.67,44028.09,44056.35,156.3549
2025-03-16T17:00:00+00:00,44056.35,44138.64,43976.48,44011.07,98.6848
2025-03-16T18:00:00+00:00,44011.07,44300.92,43962.60,44230.16,102.8054
2025-03-16T19:00:00+00:00,44230.16,44238.84,44064.90,44102.36,140.7953
2025-03-16T20:00:00+00:00,44102.36,44142.97,44084.61,44131.26,57.5480
2025-03-16T21:00:00+00:00,44131.26,44155.17,43948.81,43966.07,47.3684
2025-03-16T22:00:00+00:00,43966.07,43991.87,43748.11,43796.49,105.1703
2025-03-16T23:00:00+00:00,43796.49,43826.09,43699.06,43748.11,78.5174
2025-03-17T00:00:00+00:00,43748.11,43877.85,43742.53,43864.57,168.5428
2025-03-17T01:00:00+00:00,43864.57,44058.20,43806.12,44041.93,109.5716
2025-03-17T02:00:00+00:00,44041.93,44341.02,43996.41,44303.48,80.6484
2025-03-17T03:00:00+00:00,44303.48,44377.97,44154.30,44328.40,121.4327
2025-03-17T04:00:00+00:00,44328.40,44360.55,44299.62,44333.83,139.3355
2025-03-17T05:00:00+00:00,44333.83,44357.45,44164.32,44225.79,126.8448
2025-03-17T06:00:00+00:00,44225.79,44401.69,44199.24,44400.10,139.2862
2025-03-17T07:00:00+00:00,44400.10,44576.37,44398.25,44575.72,156.3862
2025-03-17T08:00:00+00:00,44575.72,44601.58,44322.80,44327.49,128.0301
2025-03-17T09:00:00+00:00,44327.49,44598.12,44323.49,44523.47,121.1344
2025-03-17T10:00:00+00:00,44523.47,44666.74,44488.55,44552.50,128.2006
2025-03-17T11:00:00+00:00,44552.50,44863.46,44507.14,44761.02,153.7588
2025-03-17T12:00:00+00:00,44761.02,44771.09,44573.97,44605.33,171.3234
2025-03-17T13:00:00+00:00,44605.33,44672.12,44362.23,44400.02,94.2720
2025-03-17T14:00:00+00:00,44400.02,44416.61,44344.29,44412.58,52.7843
2025-03-17T15:00:00+00:00,44412.58,44481.07,44408.61,44469.16,96.6189
2025-03-17T16:00:00+00:00,44469.16,44498.51,44273.90,44336.59,64.0013
2025-03-17T17:00:00+00:00,44336.59,44480.32,44298.59,44434.94,108.8595
2025-03-17T18:00:00+00:00,44434.94,44470.78,44042.23,44047.54,160.0189
2025-03-17T19:00:00+00:00,44047.54,44453.94,44036.08,44397.94,140.8124
2025-03-17T20:00:00+00:00,44397.94,44472.95,44258.11,44300.32,83.9721
2025-03-17T21:00:00+00:00,44300.32,44609.37,44283.87,44538.30,168.9058
2025-03-17T22:00:00+00:00,44538.30,44638.39,44525.40,44603.57,133.7719
2025-03-17T23:00:00+00:00,44603.57,44693.79,44230.84,44243.50,106.7554
2025-03-18T00:00:00+00:00,44243.50,44350.97,44231.38,44281.20,119.2732
2025-03-18T01:00:00+00:00,44281.20,44573.81,44263.70,44535.38,111.2775
2025-03-18T02:00:00+00:00,44535.38,44574.60,44476.89,44532.48,94.8707
2025-03-18T03:00:00+00:00,44532.48,44641.58,44110.76,44154.81,146.5934
2025-03-18T04:00:00+00:00,44154.81,44180.17,43543.68,43633.12,115.6819
2025-03-18T05:00:00+00:00,43633.12,43653.13,43114.13,43198.90,43.7681
2025-03-18T06:00:00+00:00,43198.90,43615.34,43184.83,43599.12,171.7113
2025-03-18T07:00:00+00:00,43599.12,43613.19,43385.18,43392.41,93.2702
2025-03-18T08:00:00+00:00,43392.41,43450.86,43213.55,43286.47,148.7745
2025-03-18T09:00:00+00:00,43286.47,43441.59,43039.65,43132.50,120.5049
2025-03-18T10:00:00+00:00,43132.50,43209.19,42946.08,43068.78,123.6775
2025-03-18T11:00:00+00:00,43068.78,43084.66,42751.77,42808.91,128.3004
2025-03-18T12:00:00+00:00,42808.91,42817.84,42516.61,42562.99,149.2557
2025-03-18T13:00:00+00:00,42562.99,42688.26,42518.63,42674.78,133.7590
2025-03-18T14:00:00+00:00,42674.78,42674.81,42309.42,42330.22,134.8081
2025-03-18T15:00:00+00:00,42330.22,42631.15,42289.65,42623.59,114.9360
2025-03-18T16:00:00+00:00,42623.59,42659.60,42457.08,42459.89,74.4154
2025-03-18T17:00:00+00:00,42459.89,42464.88,42414.32,42437.59,141.1231
2025-03-18T18:00:00+00:00,42437.59,42475.32,42134.24,42233.17,189.5182
2025-03-18T19:00:00+00:00,42233.17,42257.90,41825.59,41895.75,107.9500
2025-03-18T20:00:00+00:00,41895.75,41948.64,41468.82,41475.64,130.3407
2025-03-18T21:00:00+00:00,41475.64,41759.74,41459.56,41743.44,113.6707
2025-03-18T22:00:00+00:00,41743.44,41791.88,41681.18,41706.64,95.4407
2025-03-18T23:00:00+00:00,41706.64,41910.19,41689.66,41886.48,204.6319
2025-03-19T00:00:00+00:00,41886.48,41930.69,41745.58,41891.32,130.2231
2025-03-19T01:00:00+00:00,41891.32,42014.17,41885.68,41991.17,105.8385
2025-03-19T02:00:00+00:00,41991.17,42036.33,41563.03,41583.59,51.9316
2025-03-19T03:00:00+00:00,41583.59,42013.67,41526.57,41942.64,178.4162
2025-03-19T04:00:00+00:00,41942.64,41961.41,41353.44,41391.42,125.2644
2025-03-19T05:00:00+00:00,41391.42,41579.83,41363.14,41532.45,128.3716
2025-03-19T06:00:00+00:00,41532.45,41779.34,41513.85,41732.98,103.6665
2025-03-19T07:00:00+00:00,41732.98,41739.93,41394.07,41424.36,140.6072
2025-03-19T08:00:00+00:00,41424.36,41784.70,41356.29,41746.81,117.9113
2025-03-19T09:00:00+00:00,41746.81,42212.27,41733.47,42116.13,113.7996
2025-03-19T10:00:00+00:00,42116.13,42213.59,42114.43,42191.69,142.6743
2025-03-19T11:00:00+00:00,42191.69,42196.80,41773.71,41828.51,132.1492
2025-03-19T12:00:00+00:00,41828.51,42114.21,41786.55,42052.05,112.9719
2025-03-19T13:00:00+00:00,42052.05,42425.79,41922.94,42321.87,66.7289
2025-03-19T14:00:00+00:00,42321.87,42542.12,42284.67,42520.87,130.5306
2025-03-19T15:00:00+00:00,42520.87,42631.50,42430.51,42469.51,157.3405
2025-03-19T16:00:00+00:00,42469.51,42984.62,42446.68,42962.70,126.7222
2025-03-19T17:00:00+00:00,42962.70,42979.57,42625.73,42633.03,95.9777
2025-03-19T18:00:00+00:00,42633.03,42778.41,42397.14,42466.98,125.0462
2025-03-19T19:00:00+00:00,42466.98,42836.54,42364.01,42788.45,163.1166
2025-03-19T20:00:00+00:00,42788.45,42950.06,42786.19,42846.18,133.3790
2025-03-19T21:00:00+00:00,42846.18,42914.39,42741.01,42903.83,189.8749
2025-03-19T22:00:00+00:00,42903.83,42968.51,42563.41,42623.60,131.2908
2025-03-19T23:00:00+00:00,42623.60,42629.29,42432.57,42481.15,100.0897
2025-03-20T00:00:00+00:00,42481.15,42566.04,42217.67,42226.92,102.1028
2025-03-20T01:00:00+00:00,42226.92,42272.96,42220.84,42262.67,177.7096
2025-03-20T02:00:00+00:00,42262.67,42914.32,42245.45,42887.64,105.4879
2025-03-20T03:00:00+00:00,42887.64,43055.51,42720.29,42971.13,143.5314
2025-03-20T04:00:00+00:00,42971.13,42986.21,42830.13,42835.89,141.5996
2025-03-20T05:00:00+00:00,42835.89,42881.89,42524.96,42529.55,116.5237
2025-03-20T06:00:00+00:00,42529.55,43191.89,42526.50,43183.34,152.2420
2025-03-20T07:00:00+00:00,43183.34,43256.11,43153.94,43237.38,38.8386
2025-03-20T08:00:00+00:00,43237.38,43264.48,42808.44,42878.68,123.0215
2025-03-20T09:00:00+00:00,42878.68,42936.59,42490.10,42515.05,118.8756
2025-03-20T10:00:00+00:00,42515.05,42622.07,42493.76,42548.87,130.1087
2025-03-20T11:00:00+00:00,42548.87,42639.96,42470.68,42516.59,110.1765
2025-03-20T12:00:00+00:00,42516.59,42829.92,42511.89,42814.65,172.5124
2025-03-20T13:00:00+00:00,42814.65,42975.15,42752.84,42936.20,141.9915
2025-03-20T14:00:00+00:00,42936.20,43278.43,42907.67,43272.48,168.9714
2025-03-20T15:00:00+00:00,43272.48,43325.48,43112.39,43114.80,113.1319
2025-03-20T16:00:00+00:00,43114.80,43116.94,42782.76,42860.23,77.7746
2025-03-20T17:00:00+00:00,42860.23,42875.04,42465.92,42475.36,150.8548
2025-03-20T18:00:00+00:00,42475.36,42479.33,42117.62,42131.96,188.1293
2025-03-20T19:00:00+00:00,42131.96,42132.10,41863.32,41865.51,197.1479
2025-03-20T20:00:00+00:00,41865.51,42389.28,41865.27,42320.11,136.3724
2025-03-20T21:00:00+00:00,42320.11,42328.48,42204.65,42251.99,73.6514
2025-03-20T22:00:00+00:00,42251.99,42298.75,42068.11,42080.31,99.4328
2025-03-20T23:00:00+00:00,42080.31,42146.91,41729.27,41757.31,72.8750
2025-03-21T00:00:00+00:00,41757.31,41889.00,41756.79,41867.77,131.1046
2025-03-21T01:00:00+00:00,41867.77,41918.24,41573.09,41629.55,97.7030
2025-03-21T02:00:00+00:00,41629.55,41872.97,41589.20,41845.26,117.4223
2025-03-21T03:00:00+00:00,41845.26,41871.52,41237.48,41240.71,121.2022
2025-03-21T04:00:00+00:00,41240.71,41266.84,41070.24,41112.24,87.5611
2025-03-21T05:00:00+00:00,41112.24,41129.42,40523.86,40525.48,103.9565
2025-03-21T06:00:00+00:00,40525.48,40882.41,40467.45,40867.83,87.7809
2025-03-21T07:00:00+00:00,40867.83,40867.87,40684.31,40773.01,143.7105
2025-03-21T08:00:00+00:00,40773.01,40781.80,40610.37,40685.49,182.1146
2025-03-21T09:00:00+00:00,40685.49,40693.65,40486.69,40516.45,33.3734
2025-03-21T10:00:00+00:00,40516.45,40772.49,40509.12,40719.75,104.9689
2025-03-21T11:00:00+00:00,40719.75,40740.02,40242.81,40257.44,139.7175
2025-03-21T12:00:00+00:00,40257.44,40536.60,40239.95,40479.91,121.6802
2025-03-21T13:00:00+00:00,40479.91,40522.32,39815.28,39887.54,65.8895
2025-03-21T14:00:00+00:00,39887.54,40145.82,39869.65,40107.12,153.6694
2025-03-21T15:00:00+00:00,40107.12,40281.45,40039.70,40237.98,137.7396
2025-03-21T16:00:00+00:00,40237.98,40321.27,39890.42,39892.57,105.2478
2025-03-21T17:00:00+00:00,39892.57,40112.30,39841.27,40068.16,102.8281
2025-03-21T18:00:00+00:00,40068.16,40404.37,40003.98,40367.42,222.9417
2025-03-21T19:00:00+00:00,40367.42,40392.91,39790.16,39832.61,122.6613
2025-03-21T20:00:00+00:00,39832.61,39896.67,39570.87,39607.84,128.9680
2025-03-21T21:00:00+00:00,39607.84,39643.95,39246.11,39249.84,144.2317
2025-03-21T22:00:00+00:00,39249.84,39256.77,38845.21,38879.13,133.9501
2025-03-21T23:00:00+00:00,38879.13,39039.46,38873.67,39032.90,87.1563
2025-03-22T00:00:00+00:00,39032.90,39265.42,38977.52,39237.52,70.3310
2025-03-22T01:00:00+00:00,39237.52,39582.51,39198.35,39560.49,89.3918
2025-03-22T02:00:00+00:00,39560.49,39610.08,39355.83,39385.61,177.3008
2025-03-22T03:00:00+00:00,39385.61,39527.95,39349.11,39498.39,79.3666
2025-03-22T04:00:00+00:00,39498.39,39503.60,39052.64,39098.78,122.8622
2025-03-22T05:00:00+00:00,39098.78,39101.99,39016.34,39024.25,130.1158
2025-03-22T06:00:00+00:00,39024.25,39510.88,39008.63,39508.11,101.6838
2025-03-22T07:00:00+00:00,39508.11,39629.71,39484.92,39599.11,66.3513
2025-03-22T08:00:00+00:00,39599.11,39646.99,39252.79,39262.54,196.3834
2025-03-22T09:00:00+00:00,39262.54,39283.47,38833.74,38852.84,95.0874
2025-03-22T10:00:00+00:00,38852.84,38876.35,38554.86,38638.66,158.9926
2025-03-22T11:00:00+00:00,38638.66,38660.54,38496.88,38511.35,125.1331
2025-03-22T12:00:00+00:00,38511.35,38581.15,38447.57,38569.71,143.5287
2025-03-22T13:00:00+00:00,38569.71,38752.78,38560.52,38682.40,124.1997
2025-03-22T14:00:00+00:00,38682.40,38733.00,38521.18,38554.82,167.0064
2025-03-22T15:00:00+00:00,38554.82,38590.45,38540.25,38570.26,169.2596
2025-03-22T16:00:00+00:00,38570.26,38699.17,38564.97,38663.21,220.2547
2025-03-22T17:00:00+00:00,38663.21,38879.30,38651.46,38805.47,67.7296
2025-03-22T18:00:00+00:00,38805.47,38881.71,38794.07,38811.28,95.0728
2025-03-22T19:00:00+00:00,38811.28,38914.72,38755.28,38911.30,172.3971
2025-03-22T20:00:00+00:00,38911.30,38955.30,38794.77,38814.46,189.2681
2025-03-22T21:00:00+00:00,38814.46,38840.74,38591.13,38638.23,98.2599
2025-03-22T22:00:00+00:00,38638.23,38776.69,38479.91,38708.04,120.6703
2025-03-22T23:00:00+00:00,38708.04,38865.12,38697.33,38859.71,154.7933
2025-03-23T00:00:00+00:00,38859.71,38864.61,38655.78,38719.31,179.6724
2025-03-23T01:00:00+00:00,38719.31,38796.99,38508.84,38537.37,149.0697
2025-03-23T02:00:00+00:00,38537.37,38634.75,38452.86,38586.72,45.2466
2025-03-23T03:00:00+00:00,38586.72,38681.21,38574.93,38623.91,109.8130
2025-03-23T04:00:00+00:00,38623.91,38632.82,38417.92,38434.26,164.5915
2025-03-23T05:00:00+00:00,38434.26,38437.87,38325.05,38397.46,135.8992
2025-03-23T06:00:00+00:00,38397.46,38411.00,38290.65,38334.47,119.1819
2025-03-23T07:00:00+00:00,38334.47,38419.56,38290.37,38406.21,88.3769
2025-03-23T08:00:00+00:00,38406.21,38520.77,38366.12,38467.62,70.5832
2025-03-23T09:00:00+00:00,38467.62,38546.04,38448.45,38545.97,117.8779
2025-03-23T10:00:00+00:00,38545.97,38553.60,38433.36,38517.44,168.5367
2025-03-23T11:00:00+00:00,38517.44,38686.54,38459.63,38629.94,113.8041
2025-03-23T12:00:00+00:00,38629.94,38757.11,38589.81,38713.67,149.1168
2025-03-23T13:00:00+00:00,38713.67,38753.87,38660.65,38689.59,46.6697
2025-03-23T14:00:00+00:00,38689.59,38839.74,38666.40,38818.76,54.2047
2025-03-23T15:00:00+00:00,38818.76,38900.57,38794.08,38886.33,151.2420
2025-03-23T16:00:00+00:00,38886.33,38946.90,38789.61,38920.75,87.0630
2025-03-23T17:00:00+00:00,38920.75,39009.08,38848.54,38952.52,179.3830
2025-03-23T18:00:00+00:00,38952.52,38955.92,38770.68,38786.69,145.9223
2025-03-23T19:00:00+00:00,38786.69,38808.57,38599.03,38692.65,49.0148
2025-03-23T20:00:00+00:00,38692.65,38710.99,38564.26,38606.93,125.2452
2025-03-23T21:00:00+00:00,38606.93,38669.86,38422.90,38423.70,91.8142
2025-03-23T22:00:00+00:00,38423.70,38605.84,38397.68,38536.30,82.5134
2025-03-23T23:00:00+00:00,38536.30,38609.23,38477.17,38477.87,104.2721
2025-03-24T00:00:00+00:00,38477.87,38622.44,38425.28,38598.46,70.3534
2025-03-24T01:00:00+00:00,38598.46,38619.17,38385.19,38415.63,84.0168
2025-03-24T02:00:00+00:00,38415.63,38477.51,38374.04,38468.11,139.1640
2025-03-24T03:00:00+00:00,38468.11,38737.58,38413.74,38699.07,237.8397
2025-03-24T04:00:00+00:00,38699.07,38723.41,38688.02,38722.86,109.9202
2025-03-24T05:00:00+00:00,38722.86,38809.52,38636.89,38786.65,195.3125
2025-03-24T06:00:00+00:00,38786.65,38794.34,38635.63,38719.15,153.1898
2025-03-24T07:00:00+00:00,38719.15,38801.42,38710.75,38759.31,151.8282
2025-03-24T08:00:00+00:00,38759.31,38782.65,38674.47,38734.69,92.0411
2025-03-24T09:00:00+00:00,38734.69,38736.01,38647.10,38656.62,162.5190
2025-03-24T10:00:00+00:00,38656.62,38695.70,38453.01,38484.34,69.6289
2025-03-24T11:00:00+00:00,38484.34,38532.87,38470.87,38528.17,100.8420
2025-03-24T12:00:00+00:00,38528.17,38548.78,38468.15,38533.11,198.4601
2025-03-24T13:00:00+00:00,38533.11,38609.20,38493.55,38542.10,154.5893
2025-03-24T14:00:00+00:00,38542.10,38568.39,38536.89,38554.69,142.3573
2025-03-24T15:00:00+00:00,38554.69,38563.59,38189.12,38230.81,111.0025
2025-03-24T16:00:00+00:00,38230.81,38234.43,38059.65,38130.48,113.4154
2025-03-24T17:00:00+00:00,38130.48,38317.64,38087.58,38301.24,108.4974
2025-03-24T18:00:00+00:00,38301.24,38392.15,38137.41,38241.95,147.3795
2025-03-24T19:00:00+00:00,38241.95,38332.44,38233.94,38265.88,28.9900
2025-03-24T20:00:00+00:00,38265.88,38449.23,38242.01,38426.47,115.6342
2025-03-24T21:00:00+00:00,38426.47,38751.34,38380.74,38642.15,119.6920
2025-03-24T22:00:00+00:00,38642.15,38711.75,38619.98,38683.19,116.9284
2025-03-24T23:00:00+00:00,38683.19,38701.64,38546.72,38567.88,157.7705
2025-03-25T00:00:00+00:00,38567.88,38716.48,38535.97,38625.84,117.8651
2025-03-25T01:00:00+00:00,38625.84,38677.69,38566.57,38671.32,170.2707
2025-03-25T02:00:00+00:00,38671.32,38698.06,38511.18,38560.37,132.6577
2025-03-25T03:00:00+00:00,38560.37,38594.10,38415.77,38458.03,141.9674
2025-03-25T04:00:00+00:00,38458.03,38481.59,38299.92,38342.42,131.4179
2025-03-25T05:00:00+00:00,38342.42,38342.59,38157.73,38189.54,110.9763
2025-03-25T06:00:00+00:00,38189.54,38190.21,38129.39,38148.46,136.1213
2025-03-25T07:00:00+00:00,38148.46,38150.03,38065.06,38128.62,125.9835
2025-03-25T08:00:00+00:00,38128.62,38181.92,37887.29,37899.79,162.1154
2025-03-25T09:00:00+00:00,37899.79,38037.48,37873.60,37983.59,228.7256
2025-03-25T10:00:00+00:00,37983.59,38054.69,37960.20,37992.63,117.0578
2025-03-25T11:00:00+00:00,37992.63,38154.79,37955.73,38140.76,142.2319
2025-03-25T12:00:00+00:00,38140.76,38264.17,38138.18,38160.05,112.1450
2025-03-25T13:00:00+00:00,38160.05,38217.42,38004.86,38041.27,147.6168
2025-03-25T14:00:00+00:00,38041.27,38096.26,38022.40,38069.39,53.4327
2025-03-25T15:00:00+00:00,38069.39,38091.96,37875.64,37919.20,146.5539
2025-03-25T16:00:00+00:00,37919.20,37964.06,37735.60,37810.52,109.6661
2025-03-25T17:00:00+00:00,37810.52,37868.14,37723.91,37756.93,155.1082
2025-03-25T18:00:00+00:00,37756.93,37799.94,37726.65,37775.73,126.2181
2025-03-25T19:00:00+00:00,37775.73,37856.63,37530.99,37533.42,162.3599
2025-03-25T20:00:00+00:00,37533.42,37642.86,37488.13,37596.28,124.4466
2025-03-25T21:00:00+00:00,37596.28,37716.33,37508.74,37682.60,135.5745
2025-03-25T22:00:00+00:00,37682.60,37760.26,37672.20,37681.61,157.0779
2025-03-25T23:00:00+00:00,37681.61,37739.49,37629.06,37703.14,200.7394
2025-03-26T00:00:00+00:00,37703.14,37815.30,37685.54,37792.09,113.1831
2025-03-26T01:00:00+00:00,37792.09,37948.95,37757.20,37896.14,103.5088
2025-03-26T02:00:00+00:00,37896.14,37921.33,37800.32,37858.43,120.4823
2025-03-26T03:00:00+00:00,37858.43,37905.40,37854.97,37886.46,116.1429
2025-03-26T04:00:00+00:00,37886.46,37934.25,37665.68,37719.54,138.0183
2025-03-26T05:00:00+00:00,37719.54,37793.17,37710.02,37775.11,72.6866
2025-03-26T06:00:00+00:00,37775.11,37785.17,37733.40,37734.43,98.1573
2025-03-26T07:00:00+00:00,37734.43,37736.77,37627.26,37703.51,111.9552
2025-03-26T08:00:00+00:00,37703.51,37710.15,37408.66,37463.27,127.4825
2025-03-26T09:00:00+00:00,37463.27,37682.75,37461.72,37648.58,136.7527
2025-03-26T10:00:00+00:00,37648.58,37673.63,37551.55,37631.81,131.0674
2025-03-26T11:00:00+00:00,37631.81,37819.01,37620.79,37813.85,65.1018
2025-03-26T12:00:00+00:00,37813.85,37968.37,37805.63,37937.98,101.2683
2025-03-26T13:00:00+00:00,37937.98,38126.84,37909.99,38095.37,130.1415
2025-03-26T14:00:00+00:00,38095.37,38165.73,38070.84,38080.07,154.7635
2025-03-26T15:00:00+00:00,38080.07,38080.88,37999.04,38019.85,127.7472
2025-03-26T16:00:00+00:00,38019.85,38099.14,37971.97,38045.49,141.5304
2025-03-26T17:00:00+00:00,38045.49,38135.44,38032.07,38122.16,100.7842
2025-03-26T18:00:00+00:00,38122.16,38157.24,38114.67,38134.26,85.5347
2025-03-26T19:00:00+00:00,38134.26,38179.25,38061.30,38176.65,189.8556
2025-03-26T20:00:00+00:00,38176.65,38209.64,38096.98,38106.60,157.3125
2025-03-26T21:00:00+00:00,38106.60,38374.49,38049.52,38364.94,101.5153
2025-03-26T22:00:00+00:00,38364.94,38461.06,38351.65,38451.21,193.6201
2025-03-26T23:00:00+00:00,38451.21,38505.78,38436.77,38482.75,92.0752
2025-03-27T00:00:00+00:00,38482.75,38496.78,38423.96,38494.17,116.3707
2025-03-27T01:00:00+00:00,38494.17,38698.84,38437.35,38550.11,193.8255
2025-03-27T02:00:00+00:00,38550.11,38601.01,38481.31,38508.65,159.0674
2025-03-27T03:00:00+00:00,38508.65,38560.76,38247.81,38368.13,123.4134
2025-03-27T04:00:00+00:00,38368.13,38444.73,38274.81,38348.05,109.1560
2025-03-27T05:00:00+00:00,38348.05,38503.07,38297.75,38441.77,110.0096
2025-03-27T06:00:00+00:00,38441.77,38506.51,38394.70,38451.68,106.0677
2025-03-27T07:00:00+00:00,38451.68,38564.34,38427.06,38516.78,143.9279
2025-03-27T08:00:00+00:00,38516.78,38636.18,38433.99,38606.12,130.5882
2025-03-27T09:00:00+00:00,38606.12,38617.79,38575.54,38605.09,114.4470
2025-03-27T10:00:00+00:00,38605.09,38673.78,38282.83,38385.10,70.3689
2025-03-27T11:00:00+00:00,38385.10,38410.04,38234.83,38353.89,103.7869
2025-03-27T12:00:00+00:00,38353.89,38391.41,38141.37,38251.35,97.4044
2025-03-27T13:00:00+00:00,38251.35,38252.11,38164.34,38184.01,148.1632
2025-03-27T14:00:00+00:00,38184.01,38359.08,38160.64,38328.45,164.8478
2025-03-27T15:00:00+00:00,38328.45,38431.23,38289.07,38411.99,135.3453
2025-03-27T16:00:00+00:00,38411.99,38513.79,38386.78,38499.57,127.4160
2025-03-27T17:00:00+00:00,38499.57,38558.98,38432.71,38453.17,132.0543
2025-03-27T18:00:00+00:00,38453.17,38457.85,38263.66,38330.49,109.9316
2025-03-27T19:00:00+00:00,38330.49,38440.50,38310.86,38435.76,122.1532
2025-03-27T20:00:00+00:00,38435.76,38482.80,38343.08,38416.98,155.2504
2025-03-27T21:00:00+00:00,38416.98,38441.04,38245.59,38263.31,55.8558
2025-03-27T22:00:00+00:00,38263.31,38347.84,38150.62,38210.93,83.8754
2025-03-27T23:00:00+00:00,38210.93,38262.77,38207.70,38257.75,199.6982
2025-03-28T00:00:00+00:00,38257.75,38380.39,38241.06,38289.47,80.5577
2025-03-28T01:00:00+00:00,38289.47,38329.90,38273.28,38311.76,112.7375
2025-03-28T02:00:00+00:00,38311.76,38319.77,38240.18,38258.14,93.6987
2025-03-28T03:00:00+00:00,38258.14,38300.28,38253.47,38257.98,42.5466
2025-03-28T04:00:00+00:00,38257.98,38320.01,38204.13,38259.90,136.9761
2025-03-28T05:00:00+00:00,38259.90,38264.48,38058.49,38104.42,267.0553
2025-03-28T06:00:00+00:00,38104.42,38179.09,37886.30,37980.74,106.2546
2025-03-28T07:00:00+00:00,37980.74,38007.13,37940.59,37984.12,36.8341
2025-03-28T08:00:00+00:00,37984.12,38045.79,37714.97,37737.81,94.8936
2025-03-28T09:00:00+00:00,37737.81,37791.16,37566.09,37614.04,174.8182
2025-03-28T10:00:00+00:00,37614.04,37854.58,37512.13,37796.84,76.7441
2025-03-28T11:00:00+00:00,37796.84,37818.21,37743.10,37769.14,64.7475
2025-03-28T12:00:00+00:00,37769.14,37781.79,37630.53,37682.37,87.3007
2025-03-28T13:00:00+00:00,37682.37,37685.00,37652.21,37656.32,183.3447
2025-03-28T14:00:00+00:00,37656.32,37884.37,37617.64,37875.25,113.1763
2025-03-28T15:00:00+00:00,37875.25,37927.24,37826.00,37843.68,97.7609
2025-03-28T16:00:00+00:00,37843.68,38001.87,37812.18,37997.03,77.5319
2025-03-28T17:00:00+00:00,37997.03,38098.20,37893.88,38013.57,116.1217
2025-03-28T18:00:00+00:00,38013.57,38182.37,37947.39,38128.52,60.2723
2025-03-28T19:00:00+00:00,38128.52,38163.41,37967.70,38001.18,122.3852
2025-03-28T20:00:00+00:00,38001.18,38015.38,37917.20,37959.02,147.3245
2025-03-28T21:00:00+00:00,37959.02,38067.57,37900.85,38037.63,173.1014
2025-03-28T22:00:00+00:00,38037.63,38095.54,37921.51,37993.50,153.6419
2025-03-28T23:00:00+00:00,37993.50,38032.07,37947.64,37993.91,124.9044
2025-03-29T00:00:00+00:00,37993.91,38113.67,37927.72,38103.92,117.5344
2025-03-29T01:00:00+00:00,38103.92,38158.75,38071.22,38133.16,168.7109
2025-03-29T02:00:00+00:00,38133.16,38215.35,38071.13,38210.17,83.5957
2025-03-29T03:00:00+00:00,38210.17,38221.64,38107.83,38124.93,191.8073
2025-03-29T04:00:00+00:00,38124.93,38136.89,37971.45,38014.93,57.5487
2025-03-29T05:00:00+00:00,38014.93,38142.27,37994.45,38096.85,60.7615
2025-03-29T06:00:00+00:00,38096.85,38364.12,38048.18,38326.51,109.0604
2025-03-29T07:00:00+00:00,38326.51,38341.76,38279.65,38341.50,132.4236
2025-03-29T08:00:00+00:00,38341.50,38388.76,38329.98,38337.22,148.1185
2025-03-29T09:00:00+00:00,38337.22,38474.37,38335.97,38461.66,155.5005
2025-03-29T10:00:00+00:00,38461.66,38473.59,38296.84,38329.02,183.6347
2025-03-29T11:00:00+00:00,38329.02,38412.75,38249.88,38271.82,118.2938
2025-03-29T12:00:00+00:00,38271.82,38432.19,38210.46,38374.44,129.8998
2025-03-29T13:00:00+00:00,38374.44,38390.88,38270.05,38273.29,79.7253
2025-03-29T14:00:00+00:00,38273.29,38307.63,38105.59,38168.17,187.0177
2025-03-29T15:00:00+00:00,38168.17,38205.05,38126.91,38193.03,202.0370
2025-03-29T16:00:00+00:00,38193.03,38239.05,38109.80,38125.25,63.9769
2025-03-29T17:00:00+00:00,38125.25,38180.16,38088.48,38140.58,122.4702
2025-03-29T18:00:00+00:00,38140.58,38206.44,38124.49,38179.08,55.4679
2025-03-29T19:00:00+00:00,38179.08,38269.73,38176.89,38249.20,122.2952
2025-03-29T20:00:00+00:00,38249.20,38272.84,38246.79,38266.80,137.3236
2025-03-29T21:00:00+00:00,38266.80,38423.67,38261.33,38374.94,65.6845
2025-03-29T22:00:00+00:00,38374.94,38437.21,38242.22,38253.33,190.6710
2025-03-29T23:00:00+00:00,38253.33,38322.73,38253.29,38320.28,136.6955
2025-03-30T00:00:00+00:00,38320.28,38488.08,38299.14,38428.03,197.0000
2025-03-30T01:00:00+00:00,38428.03,38806.48,38405.39,38772.56,133.0497
2025-03-30T02:00:00+00:00,38772.56,38957.89,38717.07,38929.63,149.8578
2025-03-30T03:00:00+00:00,38929.63,39015.16,38819.01,38857.36,121.3432
2025-03-30T04:00:00+00:00,38857.36,39055.73,38800.08,39005.63,132.8942
2025-03-30T05:00:00+00:00,39005.63,39194.45,38960.92,39139.84,113.7138
2025-03-30T06:00:00+00:00,39139.84,39218.30,39053.89,39060.61,102.1438
2025-03-30T07:00:00+00:00,39060.61,39260.76,38996.96,39203.06,85.8011
2025-03-30T08:00:00+00:00,39203.06,39331.67,39193.75,39282.44,117.1204
2025-03-30T09:00:00+00:00,39282.44,39335.89,39245.81,39279.28,154.5272
2025-03-30T10:00:00+00:00,39279.28,39460.53,39190.30,39388.05,88.2362
2025-03-30T11:00:00+00:00,39388.05,39508.27,39310.68,39472.57,112.9108
2025-03-30T12:00:00+00:00,39472.57,39511.44,39085.73,39115.25,115.1546
2025-03-30T13:00:00+00:00,39115.25,39116.00,39031.19,39035.21,111.8529
2025-03-30T14:00:00+00:00,39035.21,39232.21,39020.03,39166.84,179.8680
2025-03-30T15:00:00+00:00,39166.84,39245.14,39138.66,39189.39,135.3461
2025-03-30T16:00:00+00:00,39189.39,39220.26,38787.55,38802.86,75.9409
2025-03-30T17:00:00+00:00,38802.86,39196.01,38773.81,39146.23,125.8200
2025-03-30T18:00:00+00:00,39146.23,39305.07,39110.01,39272.01,161.2639
2025-03-30T19:00:00+00:00,39272.01,39303.34,39063.33,39073.18,100.2628
2025-03-30T20:00:00+00:00,39073.18,39084.10,38977.20,39010.68,108.0105
2025-03-30T21:00:00+00:00,39010.68,39178.53,38922.21,39099.25,66.8152
2025-03-30T22:00:00+00:00,39099.25,39297.19,39000.96,39297.06,181.3129
2025-03-30T23:00:00+00:00,39297.06,39323.83,39257.27,39308.62,112.0066
2025-03-31T00:00:00+00:00,39308.62,39493.43,39305.30,39471.42,104.6004
2025-03-31T01:00:00+00:00,39471.42,39770.15,39384.88,39677.45,73.3923
2025-03-31T02:00:00+00:00,39677.45,39737.58,39434.56,39490.23,107.3540
2025-03-31T03:00:00+00:00,39490.23,39591.57,39471.83,39563.69,105.1299
2025-03-31T04:00:00+00:00,39563.69,39669.27,39253.56,39272.88,156.6204
2025-03-31T05:00:00+00:00,39272.88,39355.57,39258.20,39273.37,127.7570
2025-03-31T06:00:00+00:00,39273.37,39719.83,39216.95,39646.26,235.0736
2025-03-31T07:00:00+00:00,39646.26,39665.19,39517.66,39521.38,169.3624
2025-03-31T08:00:00+00:00,39521.38,39628.55,39461.03,39599.45,134.3920
2025-03-31T09:00:00+00:00,39599.45,39682.15,39533.95,39551.61,68.7228
2025-03-31T10:00:00+00:00,39551.61,39845.89,39541.11,39815.73,118.0210
2025-03-31T11:00:00+00:00,39815.73,39837.84,39621.77,39732.19,111.9366
2025-03-31T12:00:00+00:00,39732.19,39774.09,39659.00,39763.43,133.4099
2025-03-31T13:00:00+00:00,39763.43,39821.03,39673.39,39718.19,134.7412
2025-03-31T14:00:00+00:00,39718.19,39820.86,39648.81,39798.37,166.4736
2025-03-31T15:00:00+00:00,39798.37,39816.05,39680.96,39686.79,124.6886
2025-03-31T16:00:00+00:00,39686.79,40046.45,39685.46,40018.48,149.9675
2025-03-31T17:00:00+00:00,40018.48,40068.77,39543.88,39583.60,206.7327
2025-03-31T18:00:00+00:00,39583.60,39979.93,39562.10,39913.23,118.1788
2025-03-31T19:00:00+00:00,39913.23,40008.72,39636.74,39654.20,118.2958
2025-03-31T20:00:00+00:00,39654.20,39710.29,39355.19,39385.27,125.6147
2025-03-31T21:00:00+00:00,39385.27,39419.41,39311.56,39314.37,126.1140
2025-03-31T22:00:00+00:00,39314.37,39546.38,39265.86,39542.81,114.6732
2025-03-31T23:00:00+00:00,39542.81,39761.18,39536.40,39756.59,146.1261
2025-04-01T00:00:00+00:00,39756.59,39825.64,39527.84,39621.36,64.4344
2025-04-01T01:00:00+00:00,39621.36,39936.92,39615.30,39916.03,172.7203
2025-04-01T02:00:00+00:00,39916.03,40145.83,39856.11,40038.22,128.0166
2025-04-01T03:00:00+00:00,40038.22,40045.88,39706.58,39757.01,43.7584
2025-04-01T04:00:00+00:00,39757.01,39984.77,39655.92,39943.14,123.6552
2025-04-01T05:00:00+00:00,39943.14,40174.84,39847.25,40083.79,178.2246
2025-04-01T06:00:00+00:00,40083.79,40169.76,40025.31,40091.51,185.9490
2025-04-01T07:00:00+00:00,40091.51,40100.06,39891.08,39917.59,116.9659
2025-04-01T08:00:00+00:00,39917.59,40088.17,39837.83,40049.84,99.8969
2025-04-01T09:00:00+00:00,40049.84,40119.30,39874.47,39911.79,139.8713
2025-04-01T10:00:00+00:00,39911.79,40085.46,39851.51,40077.94,89.9157
2025-04-01T11:00:00+00:00,40077.94,40555.90,40009.01,40495.85,94.0518
2025-04-01T12:00:00+00:00,40495.85,40681.27,40479.83,40644.47,93.1020
2025-04-01T13:00:00+00:00,40644.47,40663.77,40512.93,40552.09,184.4010
2025-04-01T14:00:00+00:00,40552.09,40576.52,40170.89,40235.28,162.2964
2025-04-01T15:00:00+00:00,40235.28,40300.14,40065.77,40112.29,146.6260
2025-04-01T16:00:00+00:00,40112.29,40382.97,40101.41,40290.04,97.3784
2025-04-01T17:00:00+00:00,40290.04,40387.25,40204.56,40345.06,204.6556
2025-04-01T18:00:00+00:00,40345.06,40574.15,40313.44,40542.99,66.5778
2025-04-01T19:00:00+00:00,40542.99,40836.78,40477.02,40790.34,82.6104
2025-04-01T20:00:00+00:00,40790.34,40796.88,40733.90,40748.98,85.4809
2025-04-01T21:00:00+00:00,40748.98,40791.61,40515.46,40563.17,103.8183
2025-04-01T22:00:00+00:00,40563.17,40613.62,40524.81,40567.54,184.3844
2025-04-01T23:00:00+00:00,40567.54,40675.93,40532.22,40634.21,100.1621
2025-04-02T00:00:00+00:00,40634.21,40755.50,40615.48,40753.48,88.9332
2025-04-02T01:00:00+00:00,40753.48,40935.45,40749.39,40875.27,91.0938
2025-04-02T02:00:00+00:00,40875.27,41097.68,40847.95,41018.80,133.0106
2025-04-02T03:00:00+00:00,41018.80,41036.63,40813.70,40851.04,77.7369
2025-04-02T04:00:00+00:00,40851.04,40989.43,40829.82,40974.74,23.0687
2025-04-02T05:00:00+00:00,40974.74,41034.11,40943.78,41023.83,156.6066
2025-04-02T06:00:00+00:00,41023.83,41151.68,40850.02,40868.03,163.3521
2025-04-02T07:00:00+00:00,40868.03,41308.90,40862.98,41276.45,133.1917
2025-04-02T08:00:00+00:00,41276.45,41816.92,41173.70,41769.78,123.4451
2025-04-02T09:00:00+00:00,41769.78,42074.11,41764.90,42030.84,128.9402
2025-04-02T10:00:00+00:00,42030.84,42227.59,41991.06,42213.31,209.0691
2025-04-02T11:00:00+00:00,42213.31,42220.76,41437.19,41477.67,103.7299
2025-04-02T12:00:00+00:00,41477.67,41526.82,41401.67,41481.86,106.3424
2025-04-02T13:00:00+00:00,41481.86,41846.51,41445.26,41817.32,118.7679
2025-04-02T14:00:00+00:00,41817.32,42051.05,41779.78,42033.47,163.1378
2025-04-02T15:00:00+00:00,42033.47,42088.47,41983.83,42008.41,122.1402
2025-04-02T16:00:00+00:00,42008.41,42022.46,41812.42,41859.52,167.5891
2025-04-02T17:00:00+00:00,41859.52,41963.51,41857.26,41900.02,183.9560
2025-04-02T18:00:00+00:00,41900.02,42002.67,41853.95,41957.46,135.9906
2025-04-02T19:00:00+00:00,41957.46,42100.18,41948.09,42025.67,144.5929
2025-04-02T20:00:00+00:00,42025.67,42068.73,42008.10,42039.87,124.5411
2025-04-02T21:00:00+00:00,42039.87,42110.37,41972.36,41994.46,23.0079
2025-04-02T22:00:00+00:00,41994.46,41996.20,41845.08,41917.41,113.1756
2025-04-02T23:00:00+00:00,41917.41,41941.45,41861.81,41884.90,118.6828
2025-04-03T00:00:00+00:00,41884.90,41997.86,41865.87,41933.62,111.8948
2025-04-03T01:00:00+00:00,41933.62,42176.16,41857.05,42140.10,195.3734
2025-04-03T02:00:00+00:00,42140.10,42214.18,42075.56,42173.94,212.9679
2025-04-03T03:00:00+00:00,42173.94,42183.35,41898.40,41967.12,125.7325
2025-04-03T04:00:00+00:00,41967.12,42098.75,41924.29,42049.10,109.0160
2025-04-03T05:00:00+00:00,42049.10,42217.41,42042.67,42127.53,99.3292
2025-04-03T06:00:00+00:00,42127.53,42267.23,42113.12,42214.86,137.5387
2025-04-03T07:00:00+00:00,42214.86,42276.15,42136.90,42223.99,115.2690
2025-04-03T08:00:00+00:00,42223.99,42262.74,42211.33,42245.91,176.7713
2025-04-03T09:00:00+00:00,42245.91,42319.65,42034.53,42132.69,137.3401
2025-04-03T10:00:00+00:00,42132.69,42167.25,41852.54,41870.00,151.7933
2025-04-03T11:00:00+00:00,41870.00,41897.91,41832.93,41889.78,169.8108
2025-04-03T12:00:00+00:00,41889.78,41948.18,41658.16,41658.86,80.9428
2025-04-03T13:00:00+00:00,41658.86,41696.72,41497.93,41517.84,145.1380
2025-04-03T14:00:00+00:00,41517.84,41665.83,41481.30,41649.85,109.4358
2025-04-03T15:00:00+00:00,41649.85,41719.66,41423.48,41432.07,147.2268
2025-04-03T16:00:00+00:00,41432.07,41626.06,41363.25,41595.89,146.7196
2025-04-03T17:00:00+00:00,41595.89,41749.35,41592.13,41739.29,142.4285
2025-04-03T18:00:00+00:00,41739.29,41954.91,41727.65,41933.13,140.9970
2025-04-03T19:00:00+00:00,41933.13,42006.98,41846.24,41914.64,152.0844
2025-04-03T20:00:00+00:00,41914.64,41924.80,41718.41,41772.49,158.8169
2025-04-03T21:00:00+00:00,41772.49,42054.35,41728.20,42046.65,90.2791
2025-04-03T22:00:00+00:00,42046.65,42281.38,42018.86,42223.43,4.6950
2025-04-03T23:00:00+00:00,42223.43,42474.24,42213.08,42437.87,155.9384
2025-04-04T00:00:00+00:00,42437.87,42486.70,42372.75,42414.78,89.8799
2025-04-04T01:00:00+00:00,42414.78,42513.80,42389.54,42507.14,108.5427
2025-04-04T02:00:00+00:00,42507.14,42536.92,42337.41,42380.83,153.7417
2025-04-04T03:00:00+00:00,42380.83,42622.40,42216.68,42565.24,97.9744
2025-04-04T04:00:00+00:00,42565.24,42589.99,42511.20,42580.97,139.0067
2025-04-04T05:00:00+00:00,42580.97,42741.00,42502.98,42712.05,135.4220
2025-04-04T06:00:00+00:00,42712.05,42730.37,42674.44,42712.48,31.7643
2025-04-04T07:00:00+00:00,42712.48,42717.65,42584.92,42626.13,125.2617
2025-04-04T08:00:00+00:00,42626.13,42780.74,42611.21,42766.00,120.8613
2025-04-04T09:00:00+00:00,42766.00,43093.56,42759.15,43029.36,139.3210
2025-04-04T10:00:00+00:00,43029.36,43163.00,42864.68,42882.15,151.3726
2025-04-04T11:00:00+00:00,42882.15,43238.24,42862.88,43193.50,172.0692
2025-04-04T12:00:00+00:00,43193.50,43388.81,43121.71,43295.74,165.1003
2025-04-04T13:00:00+00:00,43295.74,43517.10,43246.66,43438.59,96.3617
2025-04-04T14:00:00+00:00,43438.59,43544.87,43418.92,43516.95,97.1154
2025-04-04T15:00:00+00:00,43516.95,43715.42,43498.17,43692.39,46.0916
2025-04-04T16:00:00+00:00,43692.39,43731.47,43578.66,43592.58,101.6405
2025-04-04T17:00:00+00:00,43592.58,43989.66,43560.68,43970.56,114.5398
2025-04-04T18:00:00+00:00,43970.56,44008.57,43896.66,43901.82,98.0743
2025-04-04T19:00:00+00:00,43901.82,44186.55,43881.35,44172.97,181.6548
2025-04-04T20:00:00+00:00,44172.97,44222.53,44159.75,44215.73,85.9734
2025-04-04T21:00:00+00:00,44215.73,44321.69,44141.89,44292.43,95.8148
2025-04-04T22:00:00+00:00,44292.43,44362.98,44251.43,44331.53,136.8848
2025-04-04T23:00:00+00:00,44331.53,44365.57,44016.75,44064.27,92.8679
2025-04-05T00:00:00+00:00,44064.27,44082.66,43927.41,43968.90,53.1751
2025-04-05T01:00:00+00:00,43968.90,44345.73,43967.92,44342.77,101.9734
2025-04-05T02:00:00+00:00,44342.77,44828.74,44288.62,44796.51,88.6277
2025-04-05T03:00:00+00:00,44796.51,44882.75,44674.63,44838.81,110.7387
2025-04-05T04:00:00+00:00,44838.81,44953.62,44803.48,44917.65,152.1119
2025-04-05T05:00:00+00:00,44917.65,45205.50,44891.60,45189.32,103.1376
2025-04-05T06:00:00+00:00,45189.32,45198.07,45050.08,45099.10,80.0477
2025-04-05T07:00:00+00:00,45099.10,45133.46,44517.89,44540.52,50.7174
2025-04-05T08:00:00+00:00,44540.52,44567.19,44337.73,44344.28,184.5956
2025-04-05T09:00:00+00:00,44344.28,44518.96,44273.17,44489.82,135.2417
2025-04-05T10:00:00+00:00,44489.82,44630.89,44456.35,44553.70,168.8897
2025-04-05T11:00:00+00:00,44553.70,44829.22,44513.52,44732.99,77.2357
2025-04-05T12:00:00+00:00,44732.99,44790.05,44727.17,44764.77,155.1905
2025-04-05T13:00:00+00:00,44764.77,44891.62,44749.46,44888.76,188.3028
2025-04-05T14:00:00+00:00,44888.76,44942.18,44746.13,44791.22,148.7326
2025-04-05T15:00:00+00:00,44791.22,44997.95,44775.75,44983.01,90.0542
2025-04-05T16:00:00+00:00,44983.01,45148.35,44960.50,45133.56,177.9063
2025-04-05T17:00:00+00:00,45133.56,45227.60,45116.41,45207.42,75.0567
2025-04-05T18:00:00+00:00,45207.42,45251.51,44674.51,44739.18,175.5595
2025-04-05T19:00:00+00:00,44739.18,45152.70,44736.75,45098.29,100.4671
2025-04-05T20:00:00+00:00,45098.29,45110.33,44864.53,44873.41,62.9067
2025-04-05T21:00:00+00:00,44873.41,45295.95,44860.92,45283.24,89.8628
2025-04-05T22:00:00+00:00,45283.24,45395.49,45269.77,45390.19,67.6339
2025-04-05T23:00:00+00:00,45390.19,45978.00,45361.44,45967.25,174.4407
2025-04-06T00:00:00+00:00,45967.25,46174.31,45891.61,46105.02,149.5213
2025-04-06T01:00:00+00:00,46105.02,46153.39,45776.71,45802.98,83.6005
2025-04-06T02:00:00+00:00,45802.98,45812.74,45558.57,45604.23,104.3793
2025-04-06T03:00:00+00:00,45604.23,45715.88,45558.16,45659.94,187.6450
2025-04-06T04:00:00+00:00,45659.94,46251.16,45634.70,46099.01,46.1548
2025-04-06T05:00:00+00:00,46099.01,46103.76,45968.32,45977.17,138.8817
2025-04-06T06:00:00+00:00,45977.17,46113.07,45932.00,46067.91,194.1333
2025-04-06T07:00:00+00:00,46067.91,46123.93,45987.64,46007.75,127.1612
2025-04-06T08:00:00+00:00,46007.75,46096.50,45835.60,45880.19,113.7662
2025-04-06T09:00:00+00:00,45880.19,45909.78,45593.67,45677.42,168.3905
2025-04-06T10:00:00+00:00,45677.42,45722.25,45621.03,45625.85,144.0173
2025-04-06T11:00:00+00:00,45625.85,45883.37,45596.64,45851.00,30.6885
2025-04-06T12:00:00+00:00,45851.00,46292.12,45724.99,46209.25,141.2397
2025-04-06T13:00:00+00:00,46209.25,46507.05,46182.91,46495.92,164.4561
2025-04-06T14:00:00+00:00,46495.92,47254.30,46406.72,47187.19,90.2566
2025-04-06T15:00:00+00:00,47187.19,47507.19,47136.36,47461.11,112.9669
2025-04-06T16:00:00+00:00,47461.11,47559.69,47232.78,47252.00,111.3347
2025-04-06T17:00:00+00:00,47252.00,47663.72,47228.32,47617.17,98.2262
2025-04-06T18:00:00+00:00,47617.17,47952.00,47613.95,47902.80,176.8196
2025-04-06T19:00:00+00:00,47902.80,47971.64,47599.84,47607.28,149.4893
2025-04-06T20:00:00+00:00,47607.28,47655.44,47399.91,47490.52,70.1622
2025-04-06T21:00:00+00:00,47490.52,47585.84,47453.69,47530.68,128.1206
2025-04-06T22:00:00+00:00,47530.68,47565.31,46771.78,46819.03,142.7387
2025-04-06T23:00:00+00:00,46819.03,47071.25,46798.41,46968.76,164.8466
2025-04-07T00:00:00+00:00,46968.76,47372.62,46867.89,47344.67,114.6843
2025-04-07T01:00:00+00:00,47344.67,47436.98,47224.40,47227.85,151.3067
2025-04-07T02:00:00+00:00,47227.85,47238.23,47037.91,47121.19,96.3227
2025-04-07T03:00:00+00:00,47121.19,47123.39,46757.54,46820.69,144.7766
2025-04-07T04:00:00+00:00,46820.69,46848.49,46738.79,46808.21,156.4768
2025-04-07T05:00:00+00:00,46808.21,46826.90,46152.94,46286.91,180.9805
2025-04-07T06:00:00+00:00,46286.91,46460.02,46214.99,46424.82,108.9006
2025-04-07T07:00:00+00:00,46424.82,46456.33,45874.74,45902.99,50.0005
2025-04-07T08:00:00+00:00,45902.99,45968.29,45794.78,45864.92,106.7082
2025-04-07T09:00:00+00:00,45864.92,46343.82,45834.25,46333.57,128.5467
2025-04-07T10:00:00+00:00,46333.57,46574.54,46328.05,46518.27,55.4761
2025-04-07T11:00:00+00:00,46518.27,46604.48,45995.45,46042.16,133.3902
2025-04-07T12:00:00+00:00,46042.16,46280.09,46039.64,46212.53,130.4098
2025-04-07T13:00:00+00:00,46212.53,46318.64,46153.34,46292.66,109.9692
2025-04-07T14:00:00+00:00,46292.66,46294.58,46176.02,46217.76,115.6013
2025-04-07T15:00:00+00:00,46217.76,46275.25,46185.03,46264.95,153.8920
2025-04-07T16:00:00+00:00,46264.95,46441.17,46218.21,46387.36,176.8228
2025-04-07T17:00:00+00:00,46387.36,46564.65,46257.54,46529.93,166.1892
2025-04-07T18:00:00+00:00,46529.93,46887.76,46527.28,46846.69,75.0937
2025-04-07T19:00:00+00:00,46846.69,46956.96,46824.09,46936.86,35.2991
2025-04-07T20:00:00+00:00,46936.86,47407.67,46874.72,47341.11,139.6299
2025-04-07T21:00:00+00:00,47341.11,47514.62,47340.64,47469.31,131.0950
2025-04-07T22:00:00+00:00,47469.31,47510.69,47425.07,47480.62,106.2295
2025-04-07T23:00:00+00:00,47480.62,47604.13,46962.40,46984.20,81.2299
2025-04-08T00:00:00+00:00,46984.20,47196.43,46949.27,47163.24,215.2280
2025-04-08T01:00:00+00:00,47163.24,47235.84,46460.48,46462.67,133.3704
2025-04-08T02:00:00+00:00,46462.67,46532.00,46444.90,46518.96,68.7239
2025-04-08T03:00:00+00:00,46518.96,46622.39,46230.71,46374.66,170.3627
2025-04-08T04:00:00+00:00,46374.66,46422.29,45670.18,45718.48,104.5726
2025-04-08T05:00:00+00:00,45718.48,45801.08,45520.47,45527.12,113.8260
2025-04-08T06:00:00+00:00,45527.12,45612.74,45311.32,45319.76,137.7830
2025-04-08T07:00:00+00:00,45319.76,45626.93,45236.85,45598.73,169.0300
2025-04-08T08:00:00+00:00,45598.73,45690.05,44785.82,44791.52,78.9150
2025-04-08T09:00:00+00:00,44791.52,44928.41,44707.96,44876.64,71.4329
2025-04-08T10:00:00+00:00,44876.64,45060.91,44797.88,45030.84,129.6647
2025-04-08T11:00:00+00:00,45030.84,45102.90,44817.56,44849.83,51.9003
2025-04-08T12:00:00+00:00,44849.83,44920.70,44375.13,44466.25,189.3898
2025-04-08T13:00:00+00:00,44466.25,44486.82,44338.16,44375.54,170.9273
2025-04-08T14:00:00+00:00,44375.54,44493.12,44117.36,44128.41,166.3822
2025-04-08T15:00:00+00:00,44128.41,44131.25,43432.92,43469.48,200.6218
2025-04-08T16:00:00+00:00,43469.48,43536.22,43280.74,43382.59,93.4526
2025-04-08T17:00:00+00:00,43382.59,43447.98,43315.74,43351.08,128.6814
2025-04-08T18:00:00+00:00,43351.08,43372.14,43215.20,43244.99,92.0788
2025-04-08T19:00:00+00:00,43244.99,43307.71,42801.77,42847.82,65.1241
2025-04-08T20:00:00+00:00,42847.82,42868.79,42401.02,42516.94,112.7333
2025-04-08T21:00:00+00:00,42516.94,42529.89,42393.83,42406.51,113.9167
2025-04-08T22:00:00+00:00,42406.51,42703.78,42378.36,42653.36,184.1787
2025-04-08T23:00:00+00:00,42653.36,42681.72,42411.13,42563.77,43.4172
2025-04-09T00:00:00+00:00,42563.77,42684.59,42115.69,42133.78,78.0372
2025-04-09T01:00:00+00:00,42133.78,42480.54,42126.76,42373.40,105.2299
2025-04-09T02:00:00+00:00,42373.40,42430.39,42047.46,42067.74,139.0225
2025-04-09T03:00:00+00:00,42067.74,42075.30,41881.69,41904.36,123.9226
2025-04-09T04:00:00+00:00,41904.36,41938.80,41827.60,41849.59,113.5206
2025-04-09T05:00:00+00:00,41849.59,41902.56,41553.41,41575.53,174.3166
2025-04-09T06:00:00+00:00,41575.53,41596.52,41195.44,41217.78,162.7943
2025-04-09T07:00:00+00:00,41217.78,41424.51,41216.02,41365.44,157.0453
2025-04-09T08:00:00+00:00,41365.44,41407.23,41306.43,41395.94,127.5929
2025-04-09T09:00:00+00:00,41395.94,41397.48,41275.76,41350.59,168.6232
2025-04-09T10:00:00+00:00,41350.59,41362.07,41108.28,41123.73,124.9334
2025-04-09T11:00:00+00:00,41123.73,41545.09,41121.74,41499.37,94.5498
2025-04-09T12:00:00+00:00,41499.37,41517.50,41404.44,41429.40,165.1887
2025-04-09T13:00:00+00:00,41429.40,41488.42,41303.34,41405.38,4.5159
2025-04-09T14:00:00+00:00,41405.38,41411.46,41259.75,41308.95,165.6857
2025-04-09T15:00:00+00:00,41308.95,41720.92,41293.17,41642.73,125.5153
2025-04-09T16:00:00+00:00,41642.73,41870.14,41579.43,41868.79,102.7181
2025-04-09T17:00:00+00:00,41868.79,42037.44,41812.96,42006.56,169.0405
2025-04-09T18:00:00+00:00,42006.56,42131.49,41982.93,42055.35,161.3587
2025-04-09T19:00:00+00:00,42055.35,42176.61,42014.71,42160.80,165.9834
2025-04-09T20:00:00+00:00,42160.80,42188.89,42140.46,42188.55,79.5130
2025-04-09T21:00:00+00:00,42188.55,42206.08,41626.36,41682.03,151.6044
2025-04-09T22:00:00+00:00,41682.03,41758.65,41470.04,41481.47,80.5566
2025-04-09T23:00:00+00:00,41481.47,41766.36,41461.97,41696.87,71.9261
2025-04-10T00:00:00+00:00,41696.87,41818.89,41648.78,41651.42,182.1485
2025-04-10T01:00:00+00:00,41651.42,41727.72,41615.86,41690.86,101.1480
2025-04-10T02:00:00+00:00,41690.86,41997.86,41588.45,41979.70,106.8732
2025-04-10T03:00:00+00:00,41979.70,42046.13,41914.98,41998.60,134.8055
2025-04-10T04:00:00+00:00,41998.60,42107.18,41970.25,42057.91,104.4110
2025-04-10T05:00:00+00:00,42057.91,42061.59,41868.51,41888.39,150.1424
2025-04-10T06:00:00+00:00,41888.39,42190.40,41851.65,42171.06,93.4830
2025-04-10T07:00:00+00:00,42171.06,42296.21,42162.37,42235.37,105.5650
2025-04-10T08:00:00+00:00,42235.37,42244.57,42127.75,42180.63,186.7362
2025-04-10T09:00:00+00:00,42180.63,42427.12,42126.29,42375.62,162.5787
2025-04-10T10:00:00+00:00,42375.62,42746.28,42246.68,42676.68,98.2469
2025-04-10T11:00:00+00:00,42676.68,42767.35,42031.22,42034.44,88.8193
2025-04-10T12:00:00+00:00,42034.44,42088.58,41846.99,41859.94,105.9134
2025-04-10T13:00:00+00:00,41859.94,42168.28,41817.11,42120.71,98.4384
2025-04-10T14:00:00+00:00,42120.71,42155.64,41889.87,41901.51,78.7452
2025-04-10T15:00:00+00:00,41901.51,42001.64,41747.80,41756.15,125.0480
2025-04-10T16:00:00+00:00,41756.15,41891.98,41736.13,41880.09,83.5152
2025-04-10T17:00:00+00:00,41880.09,41887.89,41795.76,41857.01,144.4823
2025-04-10T18:00:00+00:00,41857.01,41866.17,41832.92,41863.61,201.2731
2025-04-10T19:00:00+00:00,41863.61,41902.29,41791.52,41834.32,144.6808
2025-04-10T20:00:00+00:00,41834.32,41874.05,41715.76,41752.15,158.3910
2025-04-10T21:00:00+00:00,41752.15,41805.04,41743.54,41744.38,73.5953
2025-04-10T22:00:00+00:00,41744.38,41949.09,41711.50,41933.05,108.5941
2025-04-10T23:00:00+00:00,41933.05,41974.85,41637.57,41658.49,140.1296
2025-04-11T00:00:00+00:00,41658.49,41707.40,41639.91,41694.37,111.0732
2025-04-11T01:00:00+00:00,41694.37,41715.26,41310.44,41369.10,151.2099
2025-04-11T02:00:00+00:00,41369.10,41531.10,41338.28,41501.90,130.8456
2025-04-11T03:00:00+00:00,41501.90,41762.63,41500.63,41715.82,81.2793
2025-04-11T04:00:00+00:00,41715.82,41784.35,41414.91,41515.17,84.3546
2025-04-11T05:00:00+00:00,41515.17,41646.44,41476.01,41607.69,39.7177
2025-04-11T06:00:00+00:00,41607.69,41625.96,41094.24,41148.73,157.2939
2025-04-11T07:00:00+00:00,41148.73,41215.45,40929.42,40938.68,145.5980
2025-04-11T08:00:00+00:00,40938.68,41016.90,40837.44,40862.85,35.1041
2025-04-11T09:00:00+00:00,40862.85,40872.15,40743.40,40756.97,92.2795
2025-04-11T10:00:00+00:00,40756.97,40812.50,40660.29,40671.74,124.4349
2025-04-11T11:00:00+00:00,40671.74,40782.25,40574.10,40702.00,141.6766
2025-04-11T12:00:00+00:00,40702.00,40835.73,40698.57,40779.10,120.6993
2025-04-11T13:00:00+00:00,40779.10,40814.35,40412.28,40505.07,147.8931
2025-04-11T14:00:00+00:00,40505.07,40717.34,40498.78,40665.38,159.8851
2025-04-11T15:00:00+00:00,40665.38,40674.07,40405.75,40439.93,173.2172
2025-04-11T16:00:00+00:00,40439.93,40454.12,40319.16,40341.79,117.8045
2025-04-11T17:00:00+00:00,40341.79,40385.46,40304.76,40346.66,155.9395
2025-04-11T18:00:00+00:00,40346.66,40422.93,40286.14,40410.12,95.8425
2025-04-11T19:00:00+00:00,40410.12,40455.51,40275.87,40371.04,149.3536
2025-04-11T20:00:00+00:00,40371.04,40443.89,40329.66,40389.26,136.8083
2025-04-11T21:00:00+00:00,40389.26,40513.64,40335.76,40466.29,157.1811
2025-04-11T22:00:00+00:00,40466.29,40795.36,40456.94,40777.57,103.0179
2025-04-11T23:00:00+00:00,40777.57,40825.47,40326.53,40331.13,170.0127
2025-04-12T00:00:00+00:00,40331.13,40381.74,40094.95,40129.19,144.2564
2025-04-12T01:00:00+00:00,40129.19,40464.27,40085.71,40430.29,120.7043
2025-04-12T02:00:00+00:00,40430.29,40439.94,40144.75,40175.67,92.6018
2025-04-12T03:00:00+00:00,40175.67,40202.89,40046.76,40083.55,112.6664
2025-04-12T04:00:00+00:00,40083.55,40276.14,40024.06,40252.33,105.8779
2025-04-12T05:00:00+00:00,40252.33,40303.71,39991.53,40058.59,95.1259
2025-04-12T06:00:00+00:00,40058.59,40226.02,40039.17,40170.36,106.1253
2025-04-12T07:00:00+00:00,40170.36,40371.86,40145.90,40311.62,93.6613
2025-04-12T08:00:00+00:00,40311.62,40356.44,40117.14,40222.91,118.4337
2025-04-12T09:00:00+00:00,40222.91,40553.00,40181.84,40494.91,131.7594
2025-04-12T10:00:00+00:00,40494.91,40718.34,40465.96,40713.51,72.4935
2025-04-12T11:00:00+00:00,40713.51,40758.19,40602.26,40614.47,156.5162
2025-04-12T12:00:00+00:00,40614.47,40652.25,40376.77,40413.51,154.6719
2025-04-12T13:00:00+00:00,40413.51,40648.24,40383.41,40640.31,98.4371
2025-04-12T14:00:00+00:00,40640.31,40684.45,40473.28,40498.68,121.2982
2025-04-12T15:00:00+00:00,40498.68,40517.38,40182.33,40210.00,96.9148
2025-04-12T16:00:00+00:00,40210.00,40560.06,40129.43,40526.20,129.6106
2025-04-12T17:00:00+00:00,40526.20,40530.96,40065.64,40119.68,138.4959
2025-04-12T18:00:00+00:00,40119.68,40160.16,40079.83,40083.60,163.3986
2025-04-12T19:00:00+00:00,40083.60,40453.67,40051.43,40452.27,132.4882
2025-04-12T20:00:00+00:00,40452.27,40667.62,40420.18,40604.12,256.2236
2025-04-12T21:00:00+00:00,40604.12,40609.72,40428.13,40430.77,61.7411
2025-04-12T22:00:00+00:00,40430.77,40675.96,40376.73,40657.90,102.5081
2025-04-12T23:00:00+00:00,40657.90,40721.35,40619.29,40708.71,137.1990
2025-04-13T00:00:00+00:00,40708.71,40793.11,40691.85,40727.85,111.5950
2025-04-13T01:00:00+00:00,40727.85,40730.29,40617.94,40640.44,157.8821
2025-04-13T02:00:00+00:00,40640.44,40662.06,40074.98,40161.34,138.6461
2025-04-13T03:00:00+00:00,40161.34,40173.22,39992.11,40009.88,100.4979
2025-04-13T04:00:00+00:00,40009.88,40043.31,39993.17,40033.67,175.7097
2025-04-13T05:00:00+00:00,40033.67,40034.00,39877.67,39941.04,214.4654
2025-04-13T06:00:00+00:00,39941.04,40150.26,39930.44,40103.76,136.4335
2025-04-13T07:00:00+00:00,40103.76,40225.66,40097.14,40136.43,101.8844
2025-04-13T08:00:00+00:00,40136.43,40512.87,40131.25,40456.73,83.3330
2025-04-13T09:00:00+00:00,40456.73,40490.38,40385.69,40393.78,190.4516
2025-04-13T10:00:00+00:00,40393.78,40405.64,40161.99,40219.54,160.7377
2025-04-13T11:00:00+00:00,40219.54,40296.38,40022.06,40052.98,132.6763
2025-04-13T12:00:00+00:00,40052.98,40316.60,40028.83,40269.21,145.2931
2025-04-13T13:00:00+00:00,40269.21,40276.51,40078.83,40164.51,183.3137
2025-04-13T14:00:00+00:00,40164.51,40313.73,40115.89,40297.63,103.5283
2025-04-13T15:00:00+00:00,40297.63,40378.25,40276.98,40286.42,103.3775
2025-04-13T16:00:00+00:00,40286.42,40392.06,39820.47,39901.01,140.5100
2025-04-13T17:00:00+00:00,39901.01,40260.82,39881.84,40250.67,168.6032
2025-04-13T18:00:00+00:00,40250.67,40257.64,39836.24,39875.53,184.2326
2025-04-13T19:00:00+00:00,39875.53,40045.45,39782.26,40031.18,155.2535
2025-04-13T20:00:00+00:00,40031.18,40117.00,40002.22,40068.54,96.5304
2025-04-13T21:00:00+00:00,40068.54,40323.54,39987.85,40298.67,203.9497
2025-04-13T22:00:00+00:00,40298.67,40365.10,40080.65,40108.41,145.0393
2025-04-13T23:00:00+00:00,40108.41,40135.08,39636.61,39748.98,106.8568
2025-04-14T00:00:00+00:00,39748.98,39882.36,39746.12,39827.87,207.0478
2025-04-14T01:00:00+00:00,39827.87,39836.51,39584.84,39628.66,102.5099
2025-04-14T02:00:00+00:00,39628.66,39717.39,39237.62,39290.56,119.2630
2025-04-14T03:00:00+00:00,39290.56,39965.69,39261.19,39928.85,101.7308
2025-04-14T04:00:00+00:00,39928.85,40107.65,39848.37,40060.50,113.5534
2025-04-14T05:00:00+00:00,40060.50,40545.51,40037.81,40453.70,118.7404
2025-04-14T06:00:00+00:00,40453.70,40455.48,40361.42,40361.67,99.5909
2025-04-14T07:00:00+00:00,40361.67,40395.75,40188.23,40196.95,82.4759
2025-04-14T08:00:00+00:00,40196.95,40260.08,40127.34,40148.51,101.6066
2025-04-14T09:00:00+00:00,40148.51,40196.56,40001.40,40015.42,78.2378
2025-04-14T10:00:00+00:00,40015.42,40042.85,39394.97,39398.00,128.7520
2025-04-14T11:00:00+00:00,39398.00,39418.48,39008.03,39082.28,106.9354
2025-04-14T12:00:00+00:00,39082.28,39098.43,38808.02,38820.24,144.6006
2025-04-14T13:00:00+00:00,38820.24,38847.58,38520.42,38541.72,142.0523
2025-04-14T14:00:00+00:00,38541.72,38581.71,38276.98,38320.16,126.6499
2025-04-14T15:00:00+00:00,38320.16,38364.77,38083.83,38115.19,111.5442
2025-04-14T16:00:00+00:00,38115.19,38146.28,37516.49,37547.83,69.5769
2025-04-14T17:00:00+00:00,37547.83,37558.19,37121.83,37162.94,46.9205
2025-04-14T18:00:00+00:00,37162.94,37195.42,37098.72,37148.98,53.2889
2025-04-14T19:00:00+00:00,37148.98,37202.75,37071.67,37072.08,112.4764
2025-04-14T20:00:00+00:00,37072.08,37132.17,37028.74,37059.32,190.2092
2025-04-14T21:00:00+00:00,37059.32,37189.21,37035.87,37140.81,134.1832
2025-04-14T22:00:00+00:00,37140.81,37260.43,37109.14,37225.51,138.6115
2025-04-14T23:00:00+00:00,37225.51,37293.74,37184.43,37203.36,159.6468
2025-04-15T00:00:00+00:00,37203.36,37240.82,37196.63,37200.59,91.6277
2025-04-15T01:00:00+00:00,37200.59,37461.81,37171.96,37456.93,160.6252
2025-04-15T02:00:00+00:00,37456.93,37460.66,37247.21,37269.03,198.2609
2025-04-15T03:00:00+00:00,37269.03,37657.42,37207.23,37602.00,100.9367
2025-04-15T04:00:00+00:00,37602.00,37679.57,37479.34,37488.80,138.0615
2025-04-15T05:00:00+00:00,37488.80,37551.07,37433.49,37496.77,123.5504
2025-04-15T06:00:00+00:00,37496.77,37617.43,37494.24,37573.29,130.3370
2025-04-15T07:00:00+00:00,37573.29,37618.82,37442.57,37472.90,235.2379
2025-04-15T08:00:00+00:00,37472.90,37498.75,37234.94,37259.60,123.4114
2025-04-15T09:00:00+00:00,37259.60,37415.73,37248.96,37392.03,18.2451
2025-04-15T10:00:00+00:00,37392.03,37411.92,37159.27,37162.32,136.0681
2025-04-15T11:00:00+00:00,37162.32,37313.15,37155.10,37248.30,162.0349
2025-04-15T12:00:00+00:00,37248.30,37368.16,37241.47,37356.56,160.9684
2025-04-15T13:00:00+00:00,37356.56,37411.66,37319.59,37321.13,130.2775
2025-04-15T14:00:00+00:00,37321.13,37332.30,36996.80,37056.48,140.1675
2025-04-15T15:00:00+00:00,37056.48,37244.55,37029.86,37187.27,165.0891
2025-04-15T16:00:00+00:00,37187.27,37236.80,37155.03,37229.50,101.0131
2025-04-15T17:00:00+00:00,37229.50,37232.40,37066.88,37150.83,141.8032
2025-04-15T18:00:00+00:00,37150.83,37162.66,36973.32,37029.02,149.4253
2025-04-15T19:00:00+00:00,37029.02,37433.83,37010.12,37417.43,145.7882
2025-04-15T20:00:00+00:00,37417.43,37574.08,37397.16,37532.17,139.2300
2025-04-15T21:00:00+00:00,37532.17,37587.65,37377.11,37445.22,146.6234
2025-04-15T22:00:00+00:00,37445.22,37469.00,37330.95,37351.12,99.6721
2025-04-15T23:00:00+00:00,37351.12,37366.65,37266.87,37311.43,75.8762
2025-04-16T00:00:00+00:00,37311.43,37399.50,37309.53,37378.39,89.4937
2025-04-16T01:00:00+00:00,37378.39,37378.47,37079.58,37082.43,102.4307
2025-04-16T02:00:00+00:00,37082.43,37122.33,36710.86,36711.08,134.5382
2025-04-16T03:00:00+00:00,36711.08,36718.57,36478.41,36490.29,75.9188
2025-04-16T04:00:00+00:00,36490.29,36554.61,36311.17,36367.20,150.6575
2025-04-16T05:00:00+00:00,36367.20,36396.69,36122.21,36149.05,87.7418
2025-04-16T06:00:00+00:00,36149.05,36415.09,36087.76,36387.25,37.3823
2025-04-16T07:00:00+00:00,36387.25,36425.11,36379.08,36421.59,104.8601
2025-04-16T08:00:00+00:00,36421.59,36546.37,36202.34,36263.95,174.3406
2025-04-16T09:00:00+00:00,36263.95,36313.81,36156.20,36186.59,103.1389
2025-04-16T10:00:00+00:00,36186.59,36256.16,35972.46,35990.66,131.7230
2025-04-16T11:00:00+00:00,35990.66,36018.81,35681.37,35707.66,140.2822
2025-04-16T12:00:00+00:00,35707.66,35777.97,35540.36,35556.78,109.3937
2025-04-16T13:00:00+00:00,35556.78,35751.14,35457.60,35731.34,66.9846
2025-04-16T14:00:00+00:00,35731.34,35784.72,35460.51,35514.62,98.7342
2025-04-16T15:00:00+00:00,35514.62,35554.37,35111.65,35156.48,119.8594
2025-04-16T16:00:00+00:00,35156.48,35198.37,34875.22,34890.40,153.5264
2025-04-16T17:00:00+00:00,34890.40,34937.95,34672.49,34758.93,119.3124
2025-04-16T18:00:00+00:00,34758.93,34781.58,34547.74,34549.27,187.9050
2025-04-16T19:00:00+00:00,34549.27,34567.20,34415.15,34430.43,59.1281
2025-04-16T20:00:00+00:00,34430.43,34490.58,34169.19,34202.68,78.7030
2025-04-16T21:00:00+00:00,34202.68,34372.78,34154.66,34358.79,95.4931
2025-04-16T22:00:00+00:00,34358.79,34429.50,33998.21,34044.18,123.6352
2025-04-16T23:00:00+00:00,34044.18,34245.54,34038.11,34237.09,117.2496
2025-04-17T00:00:00+00:00,34237.09,34250.91,34089.01,34154.53,109.2753
2025-04-17T01:00:00+00:00,34154.53,34470.74,34126.41,34448.25,144.5914
2025-04-17T02:00:00+00:00,34448.25,34496.56,34368.71,34382.79,65.9158
2025-04-17T03:00:00+00:00,34382.79,34385.23,34253.75,34281.78,85.2227
2025-04-17T04:00:00+00:00,34281.78,34284.41,34224.35,34276.76,89.0982
2025-04-17T05:00:00+00:00,34276.76,34292.98,33993.33,34015.09,142.5681
2025-04-17T06:00:00+00:00,34015.09,34026.37,33869.08,33906.83,162.1201
2025-04-17T07:00:00+00:00,33906.83,34511.19,33837.12,34472.57,138.5966
2025-04-17T08:00:00+00:00,34472.57,34581.64,34072.01,34089.53,147.7277
2025-04-17T09:00:00+00:00,34089.53,34129.21,33872.04,33876.28,145.4711
2025-04-17T10:00:00+00:00,33876.28,33908.88,33843.67,33895.68,135.3172
2025-04-17T11:00:00+00:00,33895.68,33908.92,33573.56,33605.19,131.2217
2025-04-17T12:00:00+00:00,33605.19,33852.40,33569.77,33845.68,87.5205
2025-04-17T13:00:00+00:00,33845.68,33875.84,33744.98,33746.15,87.4363
2025-04-17T14:00:00+00:00,33746.15,33781.69,33623.69,33674.31,158.2851
2025-04-17T15:00:00+00:00,33674.31,33858.79,33593.42,33847.08,84.2038
2025-04-17T16:00:00+00:00,33847.08,34018.55,33828.27,33978.09,69.0464
2025-04-17T17:00:00+00:00,33978.09,34069.56,33954.79,34052.66,133.6831
2025-04-17T18:00:00+00:00,34052.66,34058.98,33965.71,34012.48,128.9953
2025-04-17T19:00:00+00:00,34012.48,34018.95,33752.05,33871.09,152.4222
2025-04-17T20:00:00+00:00,33871.09,33874.19,33752.36,33764.42,187.2187
2025-04-17T21:00:00+00:00,33764.42,34037.09,33726.11,34005.90,203.6393
2025-04-17T22:00:00+00:00,34005.90,34206.49,33952.12,34130.17,213.0310
2025-04-17T23:00:00+00:00,34130.17,34253.12,34126.10,34191.84,93.6565
2025-04-18T00:00:00+00:00,34191.84,34328.67,34152.76,34315.26,112.9288
2025-04-18T01:00:00+00:00,34315.26,34674.42,34251.33,34594.77,157.4077
2025-04-18T02:00:00+00:00,34594.77,34630.39,34464.66,34488.80,132.5533
2025-04-18T03:00:00+00:00,34488.80,34679.23,34454.45,34660.59,155.9883
2025-04-18T04:00:00+00:00,34660.59,34694.96,34644.59,34689.79,149.3546
2025-04-18T05:00:00+00:00,34689.79,34921.90,34682.58,34901.74,74.4778
2025-04-18T06:00:00+00:00,34901.74,35151.62,34853.88,35145.00,124.3345
2025-04-18T07:00:00+00:00,35145.00,35196.74,34941.78,34956.55,109.9008
2025-04-18T08:00:00+00:00,34956.55,34977.65,34884.76,34894.61,125.3356
2025-04-18T09:00:00+00:00,34894.61,34899.64,34757.21,34784.64,107.1003
2025-04-18T10:00:00+00:00,34784.64,34785.21,34486.99,34587.41,134.7303
2025-04-18T11:00:00+00:00,34587.41,34641.83,34411.69,34464.85,74.7812
2025-04-18T12:00:00+00:00,34464.85,34603.81,34432.62,34572.35,99.1090
2025-04-18T13:00:00+00:00,34572.35,34611.18,34430.76,34432.35,61.7976
2025-04-18T14:00:00+00:00,34432.35,34485.17,34092.40,34104.44,153.9198
2025-04-18T15:00:00+00:00,34104.44,34133.66,33960.94,34028.65,128.0160
2025-04-18T16:00:00+00:00,34028.65,34068.54,33972.53,34032.59,111.1301
2025-04-18T17:00:00+00:00,34032.59,34101.26,34032.34,34082.20,157.7686
2025-04-18T18:00:00+00:00,34082.20,34168.62,34059.19,34128.75,112.5443
2025-04-18T19:00:00+00:00,34128.75,34202.65,33979.44,34042.24,82.2678
2025-04-18T20:00:00+00:00,34042.24,34072.62,33781.34,33783.33,129.7219
2025-04-18T21:00:00+00:00,33783.33,33802.61,33596.13,33601.04,75.1130
2025-04-18T22:00:00+00:00,33601.04,33618.30,33594.60,33594.99,177.9204
2025-04-18T23:00:00+00:00,33594.99,33599.99,33460.76,33498.64,125.9207
2025-04-19T00:00:00+00:00,33498.64,33870.01,33490.36,33868.32,92.9400
2025-04-19T01:00:00+00:00,33868.32,34012.83,33824.36,33987.10,60.5899
2025-04-19T02:00:00+00:00,33987.10,34117.82,33970.19,34020.74,176.1471
2025-04-19T03:00:00+00:00,34020.74,34120.78,33970.26,34109.70,171.6191
2025-04-19T04:00:00+00:00,34109.70,34116.33,33932.67,34004.52,118.8905
2025-04-19T05:00:00+00:00,34004.52,34086.20,33981.17,34017.11,129.6159
2025-04-19T06:00:00+00:00,34017.11,34239.11,34001.54,34227.69,123.0664
2025-04-19T07:00:00+00:00,34227.69,34316.40,34209.53,34308.72,72.5065
2025-04-19T08:00:00+00:00,34308.72,34351.46,34111.49,34123.39,86.5486
2025-04-19T09:00:00+00:00,34123.39,34133.61,33759.92,33789.93,100.3233
2025-04-19T10:00:00+00:00,33789.93,33815.07,33691.56,33695.14,122.8945
2025-04-19T11:00:00+00:00,33695.14,33726.63,33673.90,33682.07,135.0467
2025-04-19T12:00:00+00:00,33682.07,33714.04,33462.32,33467.70,161.2613
2025-04-19T13:00:00+00:00,33467.70,33692.05,33461.12,33614.29,130.8570
2025-04-19T14:00:00+00:00,33614.29,33724.07,33602.74,33690.32,147.0147
2025-04-19T15:00:00+00:00,33690.32,33753.58,33432.92,33437.15,71.5979
2025-04-19T16:00:00+00:00,33437.15,33441.10,33105.44,33117.93,147.4096
2025-04-19T17:00:00+00:00,33117.93,33170.77,33000.40,33014.60,139.6983
2025-04-19T18:00:00+00:00,33014.60,33063.88,32845.65,32847.03,182.3668
2025-04-19T19:00:00+00:00,32847.03,32853.43,32801.66,32852.27,165.2618
2025-04-19T20:00:00+00:00,32852.27,32871.38,32813.34,32843.05,193.8752
2025-04-19T21:00:00+00:00,32843.05,32918.35,32803.05,32881.21,107.1309
2025-04-19T22:00:00+00:00,32881.21,33073.55,32837.50,33044.53,103.7929
2025-04-19T23:00:00+00:00,33044.53,33044.93,32648.21,32670.71,143.6549
2025-04-20T00:00:00+00:00,32670.71,32815.16,32552.17,32775.76,65.1665
2025-04-20T01:00:00+00:00,32775.76,32890.85,32724.14,32824.21,145.4338
2025-04-20T02:00:00+00:00,32824.21,32869.66,32726.74,32736.92,143.2320
2025-04-20T03:00:00+00:00,32736.92,32794.37,32421.03,32467.69,122.6202
2025-04-20T04:00:00+00:00,32467.69,32545.08,32057.15,32110.25,181.7500
2025-04-20T05:00:00+00:00,32110.25,32131.63,31999.29,32044.91,144.4230
2025-04-20T06:00:00+00:00,32044.91,32142.26,32018.17,32131.78,117.6481
2025-04-20T07:00:00+00:00,32131.78,32182.57,32036.42,32167.96,162.0699
2025-04-20T08:00:00+00:00,32167.96,32249.05,32057.02,32096.15,118.8010
2025-04-20T09:00:00+00:00,32096.15,32131.43,31903.97,31907.99,146.2263
2025-04-20T10:00:00+00:00,31907.99,32014.13,31869.18,31999.41,130.8125
2025-04-20T11:00:00+00:00,31999.41,32043.35,31873.14,31903.69,153.3370
2025-04-20T12:00:00+00:00,31903.69,31928.67,31804.04,31823.15,103.0734
2025-04-20T13:00:00+00:00,31823.15,32052.80,31769.79,31969.70,93.8848
2025-04-20T14:00:00+00:00,31969.70,32275.53,31969.69,32209.77,85.2258
2025-04-20T15:00:00+00:00,32209.77,32250.88,32194.99,32198.45,60.5802
2025-04-20T16:00:00+00:00,32198.45,32230.14,32023.65,32048.71,54.5732
2025-04-20T17:00:00+00:00,32048.71,32052.61,31923.28,31932.79,151.9953
2025-04-20T18:00:00+00:00,31932.79,31945.90,31583.27,31687.54,163.2854
2025-04-20T19:00:00+00:00,31687.54,31747.92,31686.23,31732.18,72.7490
2025-04-20T20:00:00+00:00,31732.18,31859.94,31694.44,31843.55,113.3721
2025-04-20T21:00:00+00:00,31843.55,31955.47,31843.25,31890.98,123.4303
2025-04-20T22:00:00+00:00,31890.98,31950.53,31722.42,31751.78,102.5411
2025-04-20T23:00:00+00:00,31751.78,31809.54,31664.18,31806.29,104.0415
2025-04-21T00:00:00+00:00,31806.29,31850.54,31776.54,31848.56,195.5732
2025-04-21T01:00:00+00:00,31848.56,31864.55,31755.44,31808.34,181.2020
2025-04-21T02:00:00+00:00,31808.34,31826.61,31623.42,31648.81,126.3999
2025-04-21T03:00:00+00:00,31648.81,31690.63,31620.39,31679.92,149.6505
2025-04-21T04:00:00+00:00,31679.92,31868.44,31632.22,31824.95,91.5235
2025-04-21T05:00:00+00:00,31824.95,31960.67,31779.34,31960.29,72.6973
2025-04-21T06:00:00+00:00,31960.29,31998.16,31764.78,31793.86,77.7525
2025-04-21T07:00:00+00:00,31793.86,31800.81,31705.45,31717.41,147.1618
2025-04-21T08:00:00+00:00,31717.41,31753.21,31603.30,31603.89,161.3359
2025-04-21T09:00:00+00:00,31603.89,31638.10,31462.48,31494.10,135.3545
2025-04-21T10:00:00+00:00,31494.10,31561.12,31474.66,31542.57,81.4918
2025-04-21T11:00:00+00:00,31542.57,31608.55,31524.30,31564.10,119.8270
2025-04-21T12:00:00+00:00,31564.10,31578.20,31456.80,31457.76,138.0292
2025-04-21T13:00:00+00:00,31457.76,31480.05,31363.56,31394.65,92.4513
2025-04-21T14:00:00+00:00,31394.65,31487.30,31360.08,31472.01,81.9855
2025-04-21T15:00:00+00:00,31472.01,31494.26,31337.60,31386.93,148.0479
2025-04-21T16:00:00+00:00,31386.93,31402.04,31211.88,31252.05,108.9509
2025-04-21T17:00:00+00:00,31252.05,31276.60,31173.32,31178.92,123.0858
2025-04-21T18:00:00+00:00,31178.92,31208.33,31034.09,31082.87,149.2597
2025-04-21T19:00:00+00:00,31082.87,31093.13,30744.12,30794.69,128.9617
2025-04-21T20:00:00+00:00,30794.69,30936.90,30785.94,30841.35,184.0883
2025-04-21T21:00:00+00:00,30841.35,30963.99,30814.80,30953.50,155.3473
2025-04-21T22:00:00+00:00,30953.50,30968.16,30947.74,30954.50,130.6436
2025-04-21T23:00:00+00:00,30954.50,30977.87,30828.28,30874.18,123.7013
2025-04-22T00:00:00+00:00,30874.18,30895.65,30805.78,30821.21,156.1958
2025-04-22T01:00:00+00:00,30821.21,30912.52,30813.98,30898.13,136.1686
2025-04-22T02:00:00+00:00,30898.13,30981.56,30873.73,30937.11,141.8796
2025-04-22T03:00:00+00:00,30937.11,30937.82,30886.55,30894.96,146.9805
2025-04-22T04:00:00+00:00,30894.96,30960.25,30872.61,30888.94,108.0976
2025-04-22T05:00:00+00:00,30888.94,30929.12,30826.59,30918.04,112.1656
2025-04-22T06:00:00+00:00,30918.04,30943.38,30831.07,30859.69,106.6903
2025-04-22T07:00:00+00:00,30859.69,30910.03,30742.73,30823.21,146.5461
2025-04-22T08:00:00+00:00,30823.21,30882.83,30594.39,30645.16,113.7371
2025-04-22T09:00:00+00:00,30645.16,30662.64,30492.57,30526.29,173.9999
2025-04-22T10:00:00+00:00,30526.29,30659.04,30492.39,30656.88,168.2573
2025-04-22T11:00:00+00:00,30656.88,30681.27,30625.43,30669.25,135.6297
2025-04-22T12:00:00+00:00,30669.25,30711.40,30591.31,30605.96,104.8845
2025-04-22T13:00:00+00:00,30605.96,30882.36,30548.58,30803.54,17.7164
2025-04-22T14:00:00+00:00,30803.54,30818.56,30666.94,30712.86,137.3341
2025-04-22T15:00:00+00:00,30712.86,30812.75,30707.80,30804.86,92.3418
2025-04-22T16:00:00+00:00,30804.86,30858.97,30791.36,30853.12,173.5951
2025-04-22T17:00:00+00:00,30853.12,30887.50,30784.56,30799.68,167.7281
2025-04-22T18:00:00+00:00,30799.68,30861.84,30698.01,30703.19,79.9206
2025-04-22T19:00:00+00:00,30703.19,30815.98,30687.46,30811.00,93.0246
2025-04-22T20:00:00+00:00,30811.00,30868.87,30779.87,30844.59,81.4943
2025-04-22T21:00:00+00:00,30844.59,30874.98,30820.94,30834.26,88.6995
2025-04-22T22:00:00+00:00,30834.26,30897.50,30764.90,30860.00,65.4382
2025-04-22T23:00:00+00:00,30860.00,30991.10,30838.43,30920.66,141.6166
2025-04-23T00:00:00+00:00,30920.66,30921.06,30887.54,30911.28,107.4882
2025-04-23T01:00:00+00:00,30911.28,31031.30,30861.62,30997.40,172.8937
2025-04-23T02:00:00+00:00,30997.40,31015.86,30867.37,30895.92,93.4531
2025-04-23T03:00:00+00:00,30895.92,31016.31,30881.34,30999.68,134.4711
2025-04-23T04:00:00+00:00,30999.68,31018.81,30771.63,30860.85,173.5677
2025-04-23T05:00:00+00:00,30860.85,30922.09,30851.35,30868.30,107.4715
2025-04-23T06:00:00+00:00,30868.30,30960.60,30857.13,30884.74,115.2896
2025-04-23T07:00:00+00:00,30884.74,30918.17,30726.48,30762.65,182.1953
2025-04-23T08:00:00+00:00,30762.65,30786.96,30649.15,30686.73,196.8252
2025-04-23T09:00:00+00:00,30686.73,30770.26,30673.06,30766.70,69.8469
2025-04-23T10:00:00+00:00,30766.70,30788.94,30746.61,30753.78,190.4597
2025-04-23T11:00:00+00:00,30753.78,30795.92,30739.53,30790.50,111.5054
2025-04-23T12:00:00+00:00,30790.50,30835.45,30654.74,30710.34,180.9843
2025-04-23T13:00:00+00:00,30710.34,30765.76,30657.41,30663.51,165.3805
2025-04-23T14:00:00+00:00,30663.51,30710.01,30624.78,30704.27,149.6454
2025-04-23T15:00:00+00:00,30704.27,30751.76,30636.51,30647.86,100.6265
2025-04-23T16:00:00+00:00,30647.86,30676.87,30501.17,30501.57,107.9343
2025-04-23T17:00:00+00:00,30501.57,30541.99,30477.99,30482.20,151.2838
2025-04-23T18:00:00+00:00,30482.20,30495.13,30438.53,30460.60,150.3295
2025-04-23T19:00:00+00:00,30460.60,30537.52,30443.06,30510.81,92.8031
2025-04-23T20:00:00+00:00,30510.81,30606.39,30510.11,30578.01,149.8871
2025-04-23T21:00:00+00:00,30578.01,30650.35,30532.14,30639.55,145.6617
2025-04-23T22:00:00+00:00,30639.55,30657.03,30576.38,30592.81,155.3910
2025-04-23T23:00:00+00:00,30592.81,30661.81,30589.69,30617.84,92.0680
2025-04-24T00:00:00+00:00,30617.84,30635.12,30531.20,30554.40,179.8947
2025-04-24T01:00:00+00:00,30554.40,30577.56,30483.12,30559.14,141.8679
2025-04-24T02:00:00+00:00,30559.14,30583.52,30434.85,30455.60,109.3572
2025-04-24T03:00:00+00:00,30455.60,30545.77,30417.34,30543.24,81.7980
2025-04-24T04:00:00+00:00,30543.24,30583.26,30525.32,30579.23,39.8023
2025-04-24T05:00:00+00:00,30579.23,30786.95,30545.30,30776.87,26.4455
2025-04-24T06:00:00+00:00,30776.87,30821.27,30669.00,30746.46,104.5713
2025-04-24T07:00:00+00:00,30746.46,30749.16,30643.88,30668.11,125.1647
2025-04-24T08:00:00+00:00,30668.11,30683.44,30450.15,30494.10,166.1329
2025-04-24T09:00:00+00:00,30494.10,30507.25,30347.11,30369.39,77.4801
2025-04-24T10:00:00+00:00,30369.39,30416.38,30361.22,30390.99,109.7671
2025-04-24T11:00:00+00:00,30390.99,30455.37,30370.69,30414.04,138.2913
2025-04-24T12:00:00+00:00,30414.04,30485.05,30319.97,30482.34,165.6466
2025-04-24T13:00:00+00:00,30482.34,30627.01,30480.89,30589.63,188.1699
2025-04-24T14:00:00+00:00,30589.63,30717.79,30563.96,30717.21,153.5653
2025-04-24T15:00:00+00:00,30717.21,30756.84,30669.64,30682.10,145.5165
2025-04-24T16:00:00+00:00,30682.10,30693.54,30562.06,30576.73,102.8058
2025-04-24T17:00:00+00:00,30576.73,30583.53,30475.35,30499.95,166.0405
2025-04-24T18:00:00+00:00,30499.95,30504.70,30474.57,30501.54,148.4565
2025-04-24T19:00:00+00:00,30501.54,30547.72,30440.29,30455.55,121.3421
2025-04-24T20:00:00+00:00,30455.55,30539.51,30426.51,30524.31,140.7632
2025-04-24T21:00:00+00:00,30524.31,30591.11,30367.51,30376.57,147.1915
2025-04-24T22:00:00+00:00,30376.57,30549.63,30376.17,30480.46,135.7236
2025-04-24T23:00:00+00:00,30480.46,30567.77,30480.14,30546.92,103.8535
2025-04-25T00:00:00+00:00,30546.92,30612.74,30421.00,30447.30,180.8726
2025-04-25T01:00:00+00:00,30447.30,30454.54,30310.92,30316.96,104.8546
2025-04-25T02:00:00+00:00,30316.96,30554.94,30300.48,30522.57,217.7735
2025-04-25T03:00:00+00:00,30522.57,30535.86,30470.58,30481.49,98.0596
2025-04-25T04:00:00+00:00,30481.49,30590.93,30478.68,30563.31,94.5773
2025-04-25T05:00:00+00:00,30563.31,30643.81,30349.11,30452.90,115.5100
2025-04-25T06:00:00+00:00,30452.90,30533.59,30350.23,30395.03,121.1720
2025-04-25T07:00:00+00:00,30395.03,30405.84,30285.78,30290.10,52.7542
2025-04-25T08:00:00+00:00,30290.10,30339.18,30264.15,30336.90,168.6644
2025-04-25T09:00:00+00:00,30336.90,30355.51,30303.45,30354.16,210.4810
2025-04-25T10:00:00+00:00,30354.16,30380.21,30349.00,30377.05,102.5552
2025-04-25T11:00:00+00:00,30377.05,30419.12,30296.56,30410.73,91.8021
2025-04-25T12:00:00+00:00,30410.73,30660.57,30406.69,30636.57,159.3656
2025-04-25T13:00:00+00:00,30636.57,30651.76,30608.31,30632.88,87.0008
2025-04-25T14:00:00+00:00,30632.88,30655.02,30435.14,30460.06,146.8353
2025-04-25T15:00:00+00:00,30460.06,30480.26,30335.43,30377.18,148.7340
2025-04-25T16:00:00+00:00,30377.18,30383.43,30261.69,30334.77,146.8561
2025-04-25T17:00:00+00:00,30334.77,30362.45,30203.91,30204.80,127.2080
2025-04-25T18:00:00+00:00,30204.80,30250.92,30184.18,30226.79,118.1987
2025-04-25T19:00:00+00:00,30226.79,30297.35,30146.82,30221.49,127.9744
2025-04-25T20:00:00+00:00,30221.49,30256.12,30084.05,30104.15,196.8905
2025-04-25T21:00:00+00:00,30104.15,30214.47,30061.70,30157.02,126.0101
2025-04-25T22:00:00+00:00,30157.02,30226.62,30024.46,30043.26,154.4092
2025-04-25T23:00:00+00:00,30043.26,30048.84,29973.29,29995.15,172.7487
2025-04-26T00:00:00+00:00,29995.15,30010.16,29900.53,29975.54,153.7452
2025-04-26T01:00:00+00:00,29975.54,30116.48,29973.20,30063.42,85.3774
2025-04-26T02:00:00+00:00,30063.42,30097.03,30049.87,30058.42,131.5051
2025-04-26T03:00:00+00:00,30058.42,30132.66,29978.50,30014.57,126.2715
2025-04-26T04:00:00+00:00,30014.57,30072.37,29934.82,29965.60,177.9702
2025-04-26T05:00:00+00:00,29965.60,30032.41,29941.99,30015.13,133.3878
2025-04-26T06:00:00+00:00,30015.13,30238.00,29973.94,30191.44,99.2052
2025-04-26T07:00:00+00:00,30191.44,30227.34,30164.42,30201.12,108.2046
2025-04-26T08:00:00+00:00,30201.12,30331.08,30162.05,30292.27,116.8817
2025-04-26T09:00:00+00:00,30292.27,30300.40,30281.89,30284.99,118.9470
2025-04-26T10:00:00+00:00,30284.99,30432.27,30222.34,30361.63,161.2905
2025-04-26T11:00:00+00:00,30361.63,30453.67,30281.40,30312.28,159.2882
2025-04-26T12:00:00+00:00,30312.28,30371.71,30280.17,30347.92,168.0490
2025-04-26T13:00:00+00:00,30347.92,30439.52,30300.99,30403.03,180.5331
2025-04-26T14:00:00+00:00,30403.03,30412.67,30264.38,30287.22,103.5299
2025-04-26T15:00:00+00:00,30287.22,30366.65,30242.09,30307.47,133.5666
2025-04-26T16:00:00+00:00,30307.47,30591.83,30298.04,30537.30,58.1579
2025-04-26T17:00:00+00:00,30537.30,30571.75,30450.70,30481.96,141.7041
2025-04-26T18:00:00+00:00,30481.96,30518.01,30429.10,30445.83,121.9179
2025-04-26T19:00:00+00:00,30445.83,30475.24,30402.10,30467.33,104.9511
2025-04-26T20:00:00+00:00,30467.33,30557.64,30330.12,30338.91,114.8864
2025-04-26T21:00:00+00:00,30338.91,30375.31,30236.08,30318.30,124.4421
2025-04-26T22:00:00+00:00,30318.30,30334.12,30264.21,30291.42,80.8766
2025-04-26T23:00:00+00:00,30291.42,30311.33,30245.28,30299.33,117.7542
2025-04-27T00:00:00+00:00,30299.33,30535.15,30278.50,30443.91,123.7690
2025-04-27T01:00:00+00:00,30443.91,30480.00,30443.87,30470.94,95.9427
2025-04-27T02:00:00+00:00,30470.94,30522.74,30460.72,30520.10,67.6529
2025-04-27T03:00:00+00:00,30520.10,30710.30,30497.87,30665.16,36.8052
2025-04-27T04:00:00+00:00,30665.16,30687.95,30492.71,30555.38,81.3835
2025-04-27T05:00:00+00:00,30555.38,30766.07,30552.87,30722.26,56.5069
2025-04-27T06:00:00+00:00,30722.26,30755.15,30521.14,30536.24,88.9957
2025-04-27T07:00:00+00:00,30536.24,30547.77,30413.64,30464.18,122.4220
2025-04-27T08:00:00+00:00,30464.18,30496.05,30315.99,30320.09,99.4397
2025-04-27T09:00:00+00:00,30320.09,30366.31,30319.49,30353.96,105.5999
2025-04-27T10:00:00+00:00,30353.96,30430.30,30294.63,30427.76,77.9854
2025-04-27T11:00:00+00:00,30427.76,30514.85,30390.60,30503.16,90.1149
2025-04-27T12:00:00+00:00,30503.16,30520.99,30354.57,30393.23,118.5054
2025-04-27T13:00:00+00:00,30393.23,30456.22,30314.56,30334.18,96.8179
2025-04-27T14:00:00+00:00,30334.18,30347.48,30305.52,30344.43,127.3302
2025-04-27T15:00:00+00:00,30344.43,30444.92,30296.38,30396.19,122.0004
2025-04-27T16:00:00+00:00,30396.19,30443.92,30291.56,30300.34,110.6575
2025-04-27T17:00:00+00:00,30300.34,30366.37,30299.47,30360.45,104.8164
2025-04-27T18:00:00+00:00,30360.45,30384.77,30329.97,30369.31,129.3654
2025-04-27T19:00:00+00:00,30369.31,30439.52,30347.82,30437.62,112.4618
2025-04-27T20:00:00+00:00,30437.62,30459.52,30346.39,30377.28,131.6636
2025-04-27T21:00:00+00:00,30377.28,30393.36,30242.19,30249.99,97.2297
2025-04-27T22:00:00+00:00,30249.99,30368.83,30173.59,30363.45,103.0120
2025-04-27T23:00:00+00:00,30363.45,30374.40,30351.12,30360.24,167.5025
2025-04-28T00:00:00+00:00,30360.24,30475.20,30329.05,30449.90,114.5429
2025-04-28T01:00:00+00:00,30449.90,30491.48,30299.78,30306.70,167.6631
2025-04-28T02:00:00+00:00,30306.70,30316.98,30158.59,30212.07,97.1466
2025-04-28T03:00:00+00:00,30212.07,30246.36,30172.20,30183.87,158.0572
2025-04-28T04:00:00+00:00,30183.87,30243.86,30174.30,30237.24,103.3395
2025-04-28T05:00:00+00:00,30237.24,30240.10,30124.16,30186.38,109.4233
2025-04-28T06:00:00+00:00,30186.38,30364.43,30146.96,30352.12,98.6446
2025-04-28T07:00:00+00:00,30352.12,30413.05,30272.61,30385.14,155.9846
2025-04-28T08:00:00+00:00,30385.14,30469.98,30376.39,30423.34,185.4027
2025-04-28T09:00:00+00:00,30423.34,30651.00,30415.54,30586.92,136.4391
2025-04-28T10:00:00+00:00,30586.92,30759.33,30586.63,30759.15,127.7634
2025-04-28T11:00:00+00:00,30759.15,30828.68,30639.52,30665.74,10.6826
2025-04-28T12:00:00+00:00,30665.74,30672.27,30594.54,30615.37,99.4487
2025-04-28T13:00:00+00:00,30615.37,30768.66,30611.95,30707.74,90.7416
2025-04-28T14:00:00+00:00,30707.74,30715.90,30684.29,30708.01,170.3788
2025-04-28T15:00:00+00:00,30708.01,30717.22,30603.60,30673.83,127.6589
2025-04-28T16:00:00+00:00,30673.83,30729.79,30653.80,30712.11,146.3370
2025-04-28T17:00:00+00:00,30712.11,30851.89,30705.99,30769.19,89.7632
2025-04-28T18:00:00+00:00,30769.19,30794.28,30714.37,30736.86,101.9344
2025-04-28T19:00:00+00:00,30736.86,30836.49,30703.03,30805.25,200.8133
2025-04-28T20:00:00+00:00,30805.25,31026.86,30770.69,30989.33,87.2666
2025-04-28T21:00:00+00:00,30989.33,31013.96,30960.09,31010.95,71.7503
2025-04-28T22:00:00+00:00,31010.95,31017.75,30883.50,30969.62,213.0389
2025-04-28T23:00:00+00:00,30969.62,31074.97,30929.97,31055.37,194.6238
2025-04-29T00:00:00+00:00,31055.37,31069.84,30902.63,30961.29,121.9704
2025-04-29T01:00:00+00:00,30961.29,30973.56,30952.17,30973.44,123.1805
2025-04-29T02:00:00+00:00,30973.44,31015.64,30908.93,30978.74,166.8422
2025-04-29T03:00:00+00:00,30978.74,31110.73,30941.24,31109.96,92.8267
2025-04-29T04:00:00+00:00,31109.96,31129.48,31092.52,31098.20,68.9832
2025-04-29T05:00:00+00:00,31098.20,31141.35,31075.73,31135.15,138.7872
2025-04-29T06:00:00+00:00,31135.15,31143.79,31094.35,31121.70,86.4396
2025-04-29T07:00:00+00:00,31121.70,31215.54,30982.36,31006.60,136.2137
2025-04-29T08:00:00+00:00,31006.60,31089.49,30989.01,31018.50,144.7038
2025-04-29T09:00:00+00:00,31018.50,31056.93,30950.34,31014.92,97.6727
2025-04-29T10:00:00+00:00,31014.92,31201.10,31007.12,31178.31,139.2994
2025-04-29T11:00:00+00:00,31178.31,31198.58,30966.41,31046.80,156.0668
2025-04-29T12:00:00+00:00,31046.80,31161.36,30953.49,31143.33,50.1561
2025-04-29T13:00:00+00:00,31143.33,31175.64,31099.07,31106.23,89.3508
2025-04-29T14:00:00+00:00,31106.23,31122.90,30970.59,30971.28,190.8805
2025-04-29T15:00:00+00:00,30971.28,30985.03,30920.57,30927.87,109.9161
2025-04-29T16:00:00+00:00,30927.87,30931.59,30808.59,30820.90,44.6004
2025-04-29T17:00:00+00:00,30820.90,30947.60,30815.31,30873.08,164.5782
2025-04-29T18:00:00+00:00,30873.08,30894.23,30844.33,30878.64,158.9995
2025-04-29T19:00:00+00:00,30878.64,30885.32,30794.84,30840.66,65.7397
2025-04-29T20:00:00+00:00,30840.66,31119.65,30817.52,31072.60,173.5394
2025-04-29T21:00:00+00:00,31072.60,31162.29,31045.80,31156.48,56.0104
2025-04-29T22:00:00+00:00,31156.48,31356.42,31091.15,31303.28,107.5683
2025-04-29T23:00:00+00:00,31303.28,31366.24,31261.32,31330.12,174.2583
2025-04-30T00:00:00+00:00,31330.12,31409.59,31307.09,31330.94,221.2813
2025-04-30T01:00:00+00:00,31330.94,31374.10,31195.15,31289.48,119.2098
2025-04-30T02:00:00+00:00,31289.48,31304.20,31156.28,31161.57,207.1432
2025-04-30T03:00:00+00:00,31161.57,31268.99,31137.62,31259.98,158.7964
2025-04-30T04:00:00+00:00,31259.98,31271.08,31181.19,31200.26,149.7785
2025-04-30T05:00:00+00:00,31200.26,31204.33,31134.91,31136.39,155.3421
2025-04-30T06:00:00+00:00,31136.39,31245.47,31132.72,31185.59,49.6433
2025-04-30T07:00:00+00:00,31185.59,31199.01,31030.81,31064.80,115.3606
2025-04-30T08:00:00+00:00,31064.80,31153.28,31033.15,31112.03,141.6373
2025-04-30T09:00:00+00:00,31112.03,31169.03,31076.17,31168.17,145.9540
2025-04-30T10:00:00+00:00,31168.17,31226.78,31142.43,31170.46,104.8780
2025-04-30T11:00:00+00:00,31170.46,31197.23,31119.41,31138.39,153.0359
2025-04-30T12:00:00+00:00,31138.39,31166.45,31104.24,31120.23,172.2584
2025-04-30T13:00:00+00:00,31120.23,31147.47,31081.11,31119.97,132.3359
2025-04-30T14:00:00+00:00,31119.97,31165.60,31117.69,31145.06,110.7780
2025-04-30T15:00:00+00:00,31145.06,31290.16,31142.83,31206.65,138.0953
2025-04-30T16:00:00+00:00,31206.65,31248.40,30999.88,31016.95,94.2332
2025-04-30T17:00:00+00:00,31016.95,31051.18,30970.98,30983.26,168.8472
2025-04-30T18:00:00+00:00,30983.26,30996.51,30928.81,30944.61,63.5901
2025-04-30T19:00:00+00:00,30944.61,30981.62,30784.54,30807.11,103.5698
2025-04-30T20:00:00+00:00,30807.11,30903.68,30775.89,30794.72,83.0435
2025-04-30T21:00:00+00:00,30794.72,30875.58,30735.04,30836.45,102.8122
2025-04-30T22:00:00+00:00,30836.45,30882.85,30813.69,30831.82,160.7893
2025-04-30T23:00:00+00:00,30831.82,30891.01,30809.31,30814.54,148.9234
2025-05-01T00:00:00+00:00,30814.54,30842.43,30739.69,30758.56,181.3270
2025-05-01T01:00:00+00:00,30758.56,30787.42,30628.48,30679.88,119.3487
2025-05-01T02:00:00+00:00,30679.88,30714.51,30656.02,30656.39,183.8389
2025-05-01T03:00:00+00:00,30656.39,30815.97,30643.17,30744.30,84.0718
2025-05-01T04:00:00+00:00,30744.30,30761.79,30692.60,30699.68,170.4077
2025-05-01T05:00:00+00:00,30699.68,30762.59,30677.38,30689.32,92.8239
2025-05-01T06:00:00+00:00,30689.32,30758.01,30662.38,30744.37,149.2037
2025-05-01T07:00:00+00:00,30744.37,30851.73,30720.31,30834.03,99.2364
2025-05-01T08:00:00+00:00,30834.03,30889.46,30777.77,30816.08,151.1266
2025-05-01T09:00:00+00:00,30816.08,30899.44,30811.44,30887.61,120.6342
2025-05-01T10:00:00+00:00,30887.61,30901.51,30771.94,30773.34,87.7467
2025-05-01T11:00:00+00:00,30773.34,30788.13,30692.44,30783.09,92.1589
2025-05-01T12:00:00+00:00,30783.09,30786.51,30593.17,30663.53,117.4232
2025-05-01T13:00:00+00:00,30663.53,30690.50,30638.44,30686.69,4.8011
2025-05-01T14:00:00+00:00,30686.69,30734.67,30532.81,30618.74,17.6333
2025-05-01T15:00:00+00:00,30618.74,30679.86,30432.76,30459.16,142.6582
2025-05-01T16:00:00+00:00,30459.16,30489.63,30437.32,30455.81,101.1448
2025-05-01T17:00:00+00:00,30455.81,30512.51,30327.04,30411.39,135.3237
2025-05-01T18:00:00+00:00,30411.39,30446.51,30260.84,30274.77,204.8956
2025-05-01T19:00:00+00:00,30274.77,30306.09,30163.03,30164.58,69.3261
2025-05-01T20:00:00+00:00,30164.58,30175.85,30056.09,30056.73,96.2207
2025-05-01T21:00:00+00:00,30056.73,30102.88,29940.22,29941.05,140.9865
2025-05-01T22:00:00+00:00,29941.05,30061.31,29934.48,30049.59,154.4333
2025-05-01T23:00:00+00:00,30049.59,30205.56,30042.36,30196.76,137.4217
2025-05-02T00:00:00+00:00,30196.76,30211.86,30111.01,30149.87,98.1819
2025-05-02T01:00:00+00:00,30149.87,30207.73,30052.94,30097.91,202.3224
2025-05-02T02:00:00+00:00,30097.91,30302.90,30055.86,30263.93,94.2816
2025-05-02T03:00:00+00:00,30263.93,30327.14,30256.33,30301.30,126.3241
2025-05-02T04:00:00+00:00,30301.30,30421.79,30222.00,30385.74,88.8147
2025-05-02T05:00:00+00:00,30385.74,30545.97,30355.23,30461.79,186.3551
2025-05-02T06:00:00+00:00,30461.79,30587.09,30461.34,30568.94,171.4217
2025-05-02T07:00:00+00:00,30568.94,30639.35,30544.60,30614.04,117.1924
2025-05-02T08:00:00+00:00,30614.04,30739.02,30588.80,30671.65,157.4340
2025-05-02T09:00:00+00:00,30671.65,30687.55,30495.76,30552.87,130.3476
2025-05-02T10:00:00+00:00,30552.87,30556.01,30452.21,30470.13,154.9603
2025-05-02T11:00:00+00:00,30470.13,30516.42,30413.97,30436.07,198.9695
2025-05-02T12:00:00+00:00,30436.07,30440.99,30372.64,30388.99,81.2388
2025-05-02T13:00:00+00:00,30388.99,30578.93,30378.62,30550.13,71.4187
2025-05-02T14:00:00+00:00,30550.13,30588.93,30490.26,30556.14,117.7482
2025-05-02T15:00:00+00:00,30556.14,30706.66,30522.92,30673.58,129.2832
2025-05-02T16:00:00+00:00,30673.58,30698.48,30525.74,30580.76,169.1919
2025-05-02T17:00:00+00:00,30580.76,30586.39,30544.70,30574.24,79.5908
2025-05-02T18:00:00+00:00,30574.24,30627.97,30519.47,30597.69,164.5707
2025-05-02T19:00:00+00:00,30597.69,30687.81,30573.30,30676.47,198.1346
2025-05-02T20:00:00+00:00,30676.47,30884.97,30661.08,30875.25,165.0989
2025-05-02T21:00:00+00:00,30875.25,31015.95,30851.13,30969.03,81.2414
2025-05-02T22:00:00+00:00,30969.03,31145.14,30947.94,31104.94,140.1361
2025-05-02T23:00:00+00:00,31104.94,31143.55,31037.05,31060.19,189.1237
2025-05-03T00:00:00+00:00,31060.19,31126.09,31017.35,31103.53,64.0768
2025-05-03T01:00:00+00:00,31103.53,31141.93,31101.27,31105.02,88.0390
2025-05-03T02:00:00+00:00,31105.02,31119.42,31028.33,31089.77,121.7852
2025-05-03T03:00:00+00:00,31089.77,31135.65,31019.03,31058.91,78.7891
2025-05-03T04:00:00+00:00,31058.91,31075.09,30946.09,31014.90,169.6190
2025-05-03T05:00:00+00:00,31014.90,31145.47,30977.06,31132.94,118.9073
2025-05-03T06:00:00+00:00,31132.94,31213.67,31066.18,31183.84,64.9150
2025-05-03T07:00:00+00:00,31183.84,31184.79,31012.05,31063.49,108.0361
2025-05-03T08:00:00+00:00,31063.49,31122.60,31030.16,31102.04,177.9956
2025-05-03T09:00:00+00:00,31102.04,31110.86,31079.66,31087.02,105.3355
2025-05-03T10:00:00+00:00,31087.02,31135.90,31069.91,31122.38,139.8330
2025-05-03T11:00:00+00:00,31122.38,31137.35,31102.46,31117.01,85.9744
2025-05-03T12:00:00+00:00,31117.01,31214.18,31105.26,31190.19,94.2863
2025-05-03T13:00:00+00:00,31190.19,31329.76,31162.17,31314.62,127.4591
2025-05-03T14:00:00+00:00,31314.62,31442.95,31305.31,31379.69,95.1679
2025-05-03T15:00:00+00:00,31379.69,31447.75,31224.36,31296.54,90.9531
2025-05-03T16:00:00+00:00,31296.54,31439.45,31254.76,31423.78,149.9295
2025-05-03T17:00:00+00:00,31423.78,31439.34,31242.45,31302.27,67.0217
2025-05-03T18:00:00+00:00,31302.27,31348.38,31283.00,31318.50,121.0593
2025-05-03T19:00:00+00:00,31318.50,31449.36,31262.41,31399.81,170.9492
2025-05-03T20:00:00+00:00,31399.81,31440.23,31347.76,31347.99,65.8391
2025-05-03T21:00:00+00:00,31347.99,31409.74,31238.24,31368.56,156.1771
2025-05-03T22:00:00+00:00,31368.56,31413.42,31305.07,31313.72,92.4323
2025-05-03T23:00:00+00:00,31313.72,31351.34,31154.39,31232.64,122.4084
2025-05-04T00:00:00+00:00,31232.64,31293.42,31207.13,31256.06,158.5276
2025-05-04T01:00:00+00:00,31256.06,31340.41,31193.14,31287.68,95.4800
2025-05-04T02:00:00+00:00,31287.68,31400.94,31264.41,31399.46,103.7274
2025-05-04T03:00:00+00:00,31399.46,31562.95,31376.19,31540.79,149.5011
2025-05-04T04:00:00+00:00,31540.79,31549.66,31450.10,31493.15,70.0738
2025-05-04T05:00:00+00:00,31493.15,31547.15,31448.59,31508.56,121.8227
2025-05-04T06:00:00+00:00,31508.56,31527.47,31397.25,31419.98,136.1682
2025-05-04T07:00:00+00:00,31419.98,31509.48,31290.05,31297.65,134.9832
2025-05-04T08:00:00+00:00,31297.65,31552.74,31288.14,31523.86,92.1186
2025-05-04T09:00:00+00:00,31523.86,31553.74,31442.22,31480.14,120.2956
2025-05-04T10:00:00+00:00,31480.14,31503.02,31123.03,31137.97,92.4937
2025-05-04T11:00:00+00:00,31137.97,31148.50,30854.60,30905.35,163.5182
2025-05-04T12:00:00+00:00,30905.35,30968.30,30865.05,30962.00,91.2614
2025-05-04T13:00:00+00:00,30962.00,30975.94,30706.41,30723.79,99.4037
2025-05-04T14:00:00+00:00,30723.79,30875.17,30668.19,30804.08,77.0965
2025-05-04T15:00:00+00:00,30804.08,30845.08,30687.76,30736.23,78.0025
2025-05-04T16:00:00+00:00,30736.23,30797.21,30681.12,30686.53,204.4225
2025-05-04T17:00:00+00:00,30686.53,31079.90,30651.91,31077.36,189.3577
2025-05-04T18:00:00+00:00,31077.36,31239.86,31051.79,31201.90,136.3341
2025-05-04T19:00:00+00:00,31201.90,31252.74,31147.44,31231.22,149.1467
2025-05-04T20:00:00+00:00,31231.22,31237.67,31174.58,31234.70,173.8053
2025-05-04T21:00:00+00:00,31234.70,31471.10,31227.19,31425.17,145.8451
2025-05-04T22:00:00+00:00,31425.17,31456.66,31069.63,31126.98,118.7991
2025-05-04T23:00:00+00:00,31126.98,31256.15,31027.99,31238.17,97.4906
2025-05-05T00:00:00+00:00,31238.17,31260.35,31059.88,31073.58,65.0322
2025-05-05T01:00:00+00:00,31073.58,31262.02,31054.72,31239.60,158.2188
2025-05-05T02:00:00+00:00,31239.60,31243.19,31146.81,31169.83,88.8660
2025-05-05T03:00:00+00:00,31169.83,31193.41,31004.12,31032.75,121.9646
2025-05-05T04:00:00+00:00,31032.75,31111.15,31019.78,31105.08,97.4426
2025-05-05T05:00:00+00:00,31105.08,31118.34,31005.71,31023.69,118.3976
2025-05-05T06:00:00+00:00,31023.69,31218.16,30986.36,31200.21,156.9827
2025-05-05T07:00:00+00:00,31200.21,31338.94,31185.41,31310.07,133.5750
2025-05-05T08:00:00+00:00,31310.07,31311.62,31169.56,31198.90,92.3914
2025-05-05T09:00:00+00:00,31198.90,31595.61,31190.56,31566.08,160.7961
2025-05-05T10:00:00+00:00,31566.08,31766.57,31550.23,31763.32,143.7069
2025-05-05T11:00:00+00:00,31763.32,31840.55,31705.28,31785.96,46.7879
2025-05-05T12:00:00+00:00,31785.96,31899.05,31745.66,31844.19,71.9313
2025-05-05T13:00:00+00:00,31844.19,32039.10,31774.65,32037.08,102.4675
2025-05-05T14:00:00+00:00,32037.08,32073.72,31674.74,31692.03,177.9752
2025-05-05T15:00:00+00:00,31692.03,31715.07,31550.11,31626.57,63.8410
2025-05-05T16:00:00+00:00,31626.57,31728.15,31606.75,31721.84,117.6579
2025-05-05T17:00:00+00:00,31721.84,31749.12,31711.81,31730.01,110.0699
2025-05-05T18:00:00+00:00,31730.01,32002.87,31724.17,31966.71,215.1629
2025-05-05T19:00:00+00:00,31966.71,31968.98,31929.14,31948.02,123.0819
2025-05-05T20:00:00+00:00,31948.02,32057.16,31925.46,31978.97,103.8711
2025-05-05T21:00:00+00:00,31978.97,31994.41,31829.87,31863.00,88.3112
2025-05-05T22:00:00+00:00,31863.00,32174.92,31820.75,32152.59,168.0189
2025-05-05T23:00:00+00:00,32152.59,32165.00,31875.64,31965.92,179.0571
2025-05-06T00:00:00+00:00,31965.92,32033.40,31931.55,31991.82,179.4529
2025-05-06T01:00:00+00:00,31991.82,32011.56,31960.81,32004.18,86.6211
2025-05-06T02:00:00+00:00,32004.18,32069.88,31906.85,32065.09,227.0805
2025-05-06T03:00:00+00:00,32065.09,32194.30,32041.49,32179.68,92.8477
2025-05-06T04:00:00+00:00,32179.68,32430.06,32173.31,32400.88,122.0636
2025-05-06T05:00:00+00:00,32400.88,32433.47,32198.58,32241.89,115.1848
2025-05-06T06:00:00+00:00,32241.89,32249.46,32210.88,32247.88,173.5587
2025-05-06T07:00:00+00:00,32247.88,32406.54,32179.24,32365.15,141.3696
2025-05-06T08:00:00+00:00,32365.15,32519.41,32324.83,32466.62,118.2079
2025-05-06T09:00:00+00:00,32466.62,32530.15,32440.25,32449.62,191.9306
2025-05-06T10:00:00+00:00,32449.62,32495.39,32245.36,32284.59,73.8913
2025-05-06T11:00:00+00:00,32284.59,32336.54,32283.07,32289.39,114.1185
2025-05-06T12:00:00+00:00,32289.39,32365.84,32254.01,32353.84,151.9425
2025-05-06T13:00:00+00:00,32353.84,32591.41,32308.96,32544.30,102.5996
2025-05-06T14:00:00+00:00,32544.30,32687.95,32496.75,32601.78,119.1251
2025-05-06T15:00:00+00:00,32601.78,32908.77,32561.56,32903.58,114.6710
2025-05-06T16:00:00+00:00,32903.58,32913.59,32845.93,32870.60,37.1254
2025-05-06T17:00:00+00:00,32870.60,32893.26,32711.04,32712.07,113.1959
2025-05-06T18:00:00+00:00,32712.07,32999.63,32701.71,32954.42,149.0301
2025-05-06T19:00:00+00:00,32954.42,32983.92,32767.35,32772.80,154.2380
2025-05-06T20:00:00+00:00,32772.80,32789.99,32669.37,32697.21,120.5304
2025-05-06T21:00:00+00:00,32697.21,32969.25,32664.91,32927.38,179.7132
2025-05-06T22:00:00+00:00,32927.38,33237.79,32908.69,33163.99,194.5602
2025-05-06T23:00:00+00:00,33163.99,33197.36,32843.42,32912.00,143.4458
2025-05-07T00:00:00+00:00,32912.00,32919.25,32853.59,32879.77,88.8150
2025-05-07T01:00:00+00:00,32879.77,32942.38,32871.39,32922.73,97.3843
2025-05-07T02:00:00+00:00,32922.73,33013.74,32832.85,32951.91,78.8349
2025-05-07T03:00:00+00:00,32951.91,33054.86,32901.53,33040.13,137.9476
2025-05-07T04:00:00+00:00,33040.13,33195.97,33013.40,33178.22,113.4054
2025-05-07T05:00:00+00:00,33178.22,33281.97,33152.18,33268.55,149.5521
2025-05-07T06:00:00+00:00,33268.55,33315.39,33222.06,33246.61,67.5910
2025-05-07T07:00:00+00:00,33246.61,33260.71,33182.57,33217.34,227.1650
2025-05-07T08:00:00+00:00,33217.34,33372.31,33170.39,33300.74,131.6071
2025-05-07T09:00:00+00:00,33300.74,33301.17,33152.40,33198.83,123.6907
2025-05-07T10:00:00+00:00,33198.83,33261.17,33142.95,33213.74,84.5899
2025-05-07T11:00:00+00:00,33213.74,33232.61,33101.66,33111.19,206.0578
2025-05-07T12:00:00+00:00,33111.19,33113.14,32965.45,33041.88,125.7767
2025-05-07T13:00:00+00:00,33041.88,33090.26,32865.51,32887.53,130.7934
2025-05-07T14:00:00+00:00,32887.53,32948.93,32881.22,32922.94,120.6045
2025-05-07T15:00:00+00:00,32922.94,32959.90,32909.47,32915.09,96.0986
2025-05-07T16:00:00+00:00,32915.09,32980.43,32842.95,32909.76,136.6391
2025-05-07T17:00:00+00:00,32909.76,32960.18,32891.02,32911.13,98.4045
2025-05-07T18:00:00+00:00,32911.13,33026.89,32861.24,33025.03,79.1693
2025-05-07T19:00:00+00:00,33025.03,33047.18,32999.73,33024.52,174.9051
2025-05-07T20:00:00+00:00,33024.52,33043.98,32952.96,33035.92,142.1584
2025-05-07T21:00:00+00:00,33035.92,33064.42,33021.16,33034.78,50.8722
2025-05-07T22:00:00+00:00,33034.78,33086.89,32935.63,32948.98,122.8615
2025-05-07T23:00:00+00:00,32948.98,33040.01,32933.14,33015.26,103.2493
2025-05-08T00:00:00+00:00,33015.26,33258.36,33003.19,33239.69,72.1015
2025-05-08T01:00:00+00:00,33239.69,33525.57,33220.03,33525.35,117.4637
2025-05-08T02:00:00+00:00,33525.35,33529.10,33464.65,33469.95,77.0042
2025-05-08T03:00:00+00:00,33469.95,33476.16,33103.52,33156.89,138.8415
2025-05-08T04:00:00+00:00,33156.89,33160.75,32974.27,33010.20,81.8513
2025-05-08T05:00:00+00:00,33010.20,33153.59,32983.90,33109.06,123.4736
2025-05-08T06:00:00+00:00,33109.06,33127.05,33052.31,33104.34,113.0545
2025-05-08T07:00:00+00:00,33104.34,33264.27,33070.08,33241.23,114.1968
2025-05-08T08:00:00+00:00,33241.23,33286.85,33228.64,33265.58,124.6162
2025-05-08T09:00:00+00:00,33265.58,33322.28,33249.75,33320.88,95.8340
2025-05-08T10:00:00+00:00,33320.88,33386.80,33223.45,33240.22,89.5335
2025-05-08T11:00:00+00:00,33240.22,33441.00,33206.98,33337.14,108.7561
2025-05-08T12:00:00+00:00,33337.14,33384.27,33317.41,33378.77,99.5686
2025-05-08T13:00:00+00:00,33378.77,33440.53,33311.47,33429.12,200.8266
2025-05-08T14:00:00+00:00,33429.12,33471.61,33326.96,33364.65,88.8535
2025-05-08T15:00:00+00:00,33364.65,33623.60,33334.73,33580.04,114.0061
2025-05-08T16:00:00+00:00,33580.04,33694.72,33507.80,33632.11,71.3140
2025-05-08T17:00:00+00:00,33632.11,33651.63,33542.61,33548.99,65.1050
2025-05-08T18:00:00+00:00,33548.99,33685.86,33539.91,33658.89,83.1290
2025-05-08T19:00:00+00:00,33658.89,33662.13,33489.59,33541.11,166.5236
2025-05-08T20:00:00+00:00,33541.11,33576.04,33302.79,33366.68,94.6903
2025-05-08T21:00:00+00:00,33366.68,33391.14,33285.41,33304.11,166.2496
2025-05-08T22:00:00+00:00,33304.11,33332.06,33230.27,33328.07,144.2053
2025-05-08T23:00:00+00:00,33328.07,33496.29,33313.52,33494.95,185.5707
2025-05-09T00:00:00+00:00,33494.95,33569.05,33445.28,33468.43,121.4265
2025-05-09T01:00:00+00:00,33468.43,33555.24,33463.80,33494.63,131.0407
2025-05-09T02:00:00+00:00,33494.63,33773.65,33408.37,33664.19,153.8872
2025-05-09T03:00:00+00:00,33664.19,33745.10,33640.82,33724.65,41.8790
2025-05-09T04:00:00+00:00,33724.65,33781.88,33702.28,33734.70,157.4163
2025-05-09T05:00:00+00:00,33734.70,33987.16,33708.15,33976.70,81.4744
2025-05-09T06:00:00+00:00,33976.70,34152.95,33959.43,34125.29,145.7961
2025-05-09T07:00:00+00:00,34125.29,34280.48,34091.72,34261.67,103.7960
2025-05-09T08:00:00+00:00,34261.67,34272.75,34141.28,34175.97,190.8645
2025-05-09T09:00:00+00:00,34175.97,34241.43,34141.96,34239.52,24.7386
2025-05-09T10:00:00+00:00,34239.52,34315.93,34111.09,34137.14,197.4230
2025-05-09T11:00:00+00:00,34137.14,34165.91,34024.10,34086.00,158.5435
2025-05-09T12:00:00+00:00,34086.00,34111.52,33852.06,33946.38,118.4729
2025-05-09T13:00:00+00:00,33946.38,34027.13,33938.53,33986.67,110.1299
2025-05-09T14:00:00+00:00,33986.67,34098.66,33888.09,34083.29,117.3523
2025-05-09T15:00:00+00:00,34083.29,34106.60,34064.22,34096.25,131.1153
2025-05-09T16:00:00+00:00,34096.25,34123.52,33936.08,33969.02,64.0239
2025-05-09T17:00:00+00:00,33969.02,33976.29,33892.90,33914.11,123.8122
2025-05-09T18:00:00+00:00,33914.11,33972.89,33907.65,33930.76,122.4845
2025-05-09T19:00:00+00:00,33930.76,33931.82,33803.83,33833.36,54.2501
2025-05-09T20:00:00+00:00,33833.36,33914.54,33745.16,33819.58,122.0890
2025-05-09T21:00:00+00:00,33819.58,33864.49,33767.77,33806.54,134.6199
2025-05-09T22:00:00+00:00,33806.54,33870.11,33758.66,33784.47,159.8025
2025-05-09T23:00:00+00:00,33784.47,33814.80,33730.21,33739.42,138.7962
2025-05-10T00:00:00+00:00,33739.42,33786.57,33718.60,33773.64,204.4235
2025-05-10T01:00:00+00:00,33773.64,33778.05,33708.09,33731.31,149.4886
2025-05-10T02:00:00+00:00,33731.31,33768.06,33688.52,33710.27,142.2580
2025-05-10T03:00:00+00:00,33710.27,33834.00,33679.48,33809.79,183.1456
2025-05-10T04:00:00+00:00,33809.79,33824.20,33714.42,33765.59,117.1625
2025-05-10T05:00:00+00:00,33765.59,33802.59,33680.93,33744.63,158.5770
2025-05-10T06:00:00+00:00,33744.63,33958.89,33706.92,33869.74,192.1047
2025-05-10T07:00:00+00:00,33869.74,34058.79,33841.99,34007.03,91.8336
2025-05-10T08:00:00+00:00,34007.03,34136.67,33942.28,34127.48,127.2447
2025-05-10T09:00:00+00:00,34127.48,34144.42,34011.01,34087.01,125.6009
2025-05-10T10:00:00+00:00,34087.01,34123.80,34059.54,34101.52,148.3481
2025-05-10T11:00:00+00:00,34101.52,34180.14,34085.31,34158.99,167.9224
2025-05-10T12:00:00+00:00,34158.99,34163.84,34058.88,34109.75,109.9599
2025-05-10T13:00:00+00:00,34109.75,34123.01,33977.46,33999.78,80.1659
2025-05-10T14:00:00+00:00,33999.78,34040.57,33958.75,33986.84,112.3959
2025-05-10T15:00:00+00:00,33986.84,33987.92,33801.44,33878.08,130.2061
2025-05-10T16:00:00+00:00,33878.08,33930.89,33863.15,33923.18,144.1810
2025-05-10T17:00:00+00:00,33923.18,33945.43,33697.96,33758.68,42.5289
2025-05-10T18:00:00+00:00,33758.68,33783.25,33722.05,33742.66,149.1156
2025-05-10T19:00:00+00:00,33742.66,33749.95,33648.32,33650.03,137.2852
2025-05-10T20:00:00+00:00,33650.03,33679.06,33523.20,33523.35,133.5093
2025-05-10T21:00:00+00:00,33523.35,33581.96,33487.50,33560.87,254.9321
2025-05-10T22:00:00+00:00,33560.87,33624.64,33550.86,33554.30,147.0713
2025-05-10T23:00:00+00:00,33554.30,33586.08,33416.00,33443.19,104.7742
2025-05-11T00:00:00+00:00,33443.19,33480.96,33324.27,33375.92,131.7714
2025-05-11T01:00:00+00:00,33375.92,33419.13,33227.53,33260.87,128.5718
2025-05-11T02:00:00+00:00,33260.87,33269.15,33237.20,33259.62,95.5570
2025-05-11T03:00:00+00:00,33259.62,33314.94,33200.89,33308.72,53.9146
2025-05-11T04:00:00+00:00,33308.72,33318.52,33188.96,33227.12,127.8786
2025-05-11T05:00:00+00:00,33227.12,33371.10,33200.90,33349.44,113.1720
2025-05-11T06:00:00+00:00,33349.44,33355.26,33187.47,33204.34,129.8441
2025-05-11T07:00:00+00:00,33204.34,33210.58,33090.38,33159.76,115.8498
2025-05-11T08:00:00+00:00,33159.76,33182.77,32976.35,33040.57,135.9492
2025-05-11T09:00:00+00:00,33040.57,33117.79,32990.55,33104.18,77.0016
2025-05-11T10:00:00+00:00,33104.18,33136.93,33018.60,33034.20,95.3063
2025-05-11T11:00:00+00:00,33034.20,33066.83,32898.06,32953.21,153.2588
2025-05-11T12:00:00+00:00,32953.21,33020.24,32925.74,32972.97,64.4667
2025-05-11T13:00:00+00:00,32972.97,33048.33,32696.92,32700.00,85.8837
2025-05-11T14:00:00+00:00,32700.00,32712.22,32677.57,32686.01,201.4905
2025-05-11T15:00:00+00:00,32686.01,32706.28,32472.57,32524.71,161.0999
2025-05-11T16:00:00+00:00,32524.71,32562.70,32416.08,32458.25,168.7975
2025-05-11T17:00:00+00:00,32458.25,32631.39,32446.68,32617.75,182.2260
2025-05-11T18:00:00+00:00,32617.75,32776.45,32615.53,32695.62,200.4666
2025-05-11T19:00:00+00:00,32695.62,32824.46,32647.21,32808.74,15.5775
2025-05-11T20:00:00+00:00,32808.74,32827.36,32768.51,32802.27,76.5902
2025-05-11T21:00:00+00:00,32802.27,32832.00,32694.09,32695.52,118.6322
2025-05-11T22:00:00+00:00,32695.52,32695.63,32649.85,32655.79,109.3956
2025-05-11T23:00:00+00:00,32655.79,32720.86,32646.97,32713.96,113.7884
2025-05-12T00:00:00+00:00,32713.96,32760.81,32550.95,32613.29,144.1635
2025-05-12T01:00:00+00:00,32613.29,32660.93,32564.48,32586.17,120.3531
2025-05-12T02:00:00+00:00,32586.17,32758.92,32559.29,32750.58,56.8686
2025-05-12T03:00:00+00:00,32750.58,32792.29,32705.58,32744.71,114.5529
2025-05-12T04:00:00+00:00,32744.71,32831.17,32724.06,32812.06,91.6098
2025-05-12T05:00:00+00:00,32812.06,32873.40,32747.56,32799.01,128.1142
2025-05-12T06:00:00+00:00,32799.01,32799.94,32725.73,32739.48,79.0127
2025-05-12T07:00:00+00:00,32739.48,32757.61,32446.11,32461.98,62.5729
2025-05-12T08:00:00+00:00,32461.98,32526.59,32433.25,32517.86,134.8932
2025-05-12T09:00:00+00:00,32517.86,32658.73,32506.95,32606.65,129.7874
2025-05-12T10:00:00+00:00,32606.65,32667.63,32588.77,32621.04,164.5698
2025-05-12T11:00:00+00:00,32621.04,32710.84,32546.37,32662.61,76.1759
2025-05-12T12:00:00+00:00,32662.61,32722.68,32646.22,32670.90,129.4405
2025-05-12T13:00:00+00:00,32670.90,32712.71,32428.69,32517.77,98.5949
2025-05-12T14:00:00+00:00,32517.77,32540.57,32494.19,32535.14,43.5551
2025-05-12T15:00:00+00:00,32535.14,32555.77,32381.75,32431.53,174.6880
2025-05-12T16:00:00+00:00,32431.53,32565.86,32417.77,32479.16,165.6875
2025-05-12T17:00:00+00:00,32479.16,32511.19,32388.60,32410.87,109.4581
2025-05-12T18:00:00+00:00,32410.87,32473.72,32180.01,32234.48,112.8878
2025-05-12T19:00:00+00:00,32234.48,32251.17,32190.03,32215.84,125.8857
2025-05-12T20:00:00+00:00,32215.84,32359.12,32160.90,32301.70,136.9410
2025-05-12T21:00:00+00:00,32301.70,32322.09,32194.54,32214.79,94.3562
2025-05-12T22:00:00+00:00,32214.79,32295.33,32202.55,32242.70,87.1305
2025-05-12T23:00:00+00:00,32242.70,32279.26,32209.97,32271.51,176.5917
2025-05-13T00:00:00+00:00,32271.51,32304.54,32185.08,32224.66,139.4628
2025-05-13T01:00:00+00:00,32224.66,32299.90,32163.75,32281.22,129.5464
2025-05-13T02:00:00+00:00,32281.22,32305.13,32266.93,32275.61,98.6090
2025-05-13T03:00:00+00:00,32275.61,32353.44,32200.39,32241.66,97.3553
2025-05-13T04:00:00+00:00,32241.66,32263.28,32164.85,32167.95,99.9882
2025-05-13T05:00:00+00:00,32167.95,32220.76,32143.27,32177.71,85.6435
2025-05-13T06:00:00+00:00,32177.71,32235.66,32147.31,32170.00,107.9191
2025-05-13T07:00:00+00:00,32170.00,32367.14,32133.60,32336.54,101.7436
2025-05-13T08:00:00+00:00,32336.54,32345.98,32242.00,32315.74,131.1295
2025-05-13T09:00:00+00:00,32315.74,32354.79,32070.07,32111.41,134.6256
2025-05-13T10:00:00+00:00,32111.41,32158.80,32006.36,32097.32,55.2254
2025-05-13T11:00:00+00:00,32097.32,32100.87,31988.93,31995.77,92.4133
2025-05-13T12:00:00+00:00,31995.77,32024.12,31902.01,31969.62,125.5861
2025-05-13T13:00:00+00:00,31969.62,31974.52,31897.09,31904.28,146.2258
2025-05-13T14:00:00+00:00,31904.28,31984.72,31848.41,31968.07,123.3547
2025-05-13T15:00:00+00:00,31968.07,32057.79,31890.83,31909.83,151.5455
2025-05-13T16:00:00+00:00,31909.83,31986.47,31828.40,31838.50,116.6449
2025-05-13T17:00:00+00:00,31838.50,31893.90,31623.38,31648.33,103.3330
2025-05-13T18:00:00+00:00,31648.33,31708.01,31581.27,31620.42,84.4601
2025-05-13T19:00:00+00:00,31620.42,31629.07,31413.52,31415.26,112.2011
2025-05-13T20:00:00+00:00,31415.26,31467.32,31360.65,31411.62,31.9006
2025-05-13T21:00:00+00:00,31411.62,31502.99,31383.93,31501.24,192.8009
2025-05-13T22:00:00+00:00,31501.24,31572.17,31489.26,31532.45,101.4483
2025-05-13T23:00:00+00:00,31532.45,31644.49,31510.03,31618.52,162.3612
2025-05-14T00:00:00+00:00,31618.52,31824.20,31555.49,31756.20,84.4148
2025-05-14T01:00:00+00:00,31756.20,31767.38,31708.61,31717.42,126.1816
2025-05-14T02:00:00+00:00,31717.42,31773.48,31702.02,31773.27,237.6491
2025-05-14T03:00:00+00:00,31773.27,31775.06,31709.84,31712.79,103.2457
2025-05-14T04:00:00+00:00,31712.79,31720.79,31681.08,31703.19,96.3758
2025-05-14T05:00:00+00:00,31703.19,31896.34,31683.32,31890.22,105.6531
2025-05-14T06:00:00+00:00,31890.22,31941.41,31765.20,31777.98,89.0493
2025-05-14T07:00:00+00:00,31777.98,31793.87,31714.34,31723.21,91.6462
2025-05-14T08:00:00+00:00,31723.21,31802.23,31628.55,31682.02,154.5172
2025-05-14T09:00:00+00:00,31682.02,31755.50,31528.77,31581.62,150.7618
2025-05-14T10:00:00+00:00,31581.62,31628.96,31555.76,31558.48,142.5187
2025-05-14T11:00:00+00:00,31558.48,31692.61,31497.03,31685.72,104.0351
2025-05-14T12:00:00+00:00,31685.72,31853.96,31683.97,31843.68,49.3254
2025-05-14T13:00:00+00:00,31843.68,31878.40,31701.60,31776.50,182.4396
2025-05-14T14:00:00+00:00,31776.50,31807.19,31771.41,31798.88,117.1500
2025-05-14T15:00:00+00:00,31798.88,31865.66,31769.18,31856.88,109.8821
2025-05-14T16:00:00+00:00,31856.88,31895.92,31732.88,31759.69,91.5252
2025-05-14T17:00:00+00:00,31759.69,31875.91,31736.70,31841.08,187.1980
2025-05-14T18:00:00+00:00,31841.08,31873.17,31608.56,31630.25,110.3132
2025-05-14T19:00:00+00:00,31630.25,31645.21,31487.76,31527.35,119.4005
2025-05-14T20:00:00+00:00,31527.35,31576.34,31256.42,31296.47,138.1809
2025-05-14T21:00:00+00:00,31296.47,31498.11,31268.11,31467.48,88.3869
2025-05-14T22:00:00+00:00,31467.48,31479.00,31376.74,31392.95,34.0837
2025-05-14T23:00:00+00:00,31392.95,31428.22,31332.56,31389.64,152.4586
2025-05-15T00:00:00+00:00,31389.64,31418.45,31061.92,31075.76,193.2111
2025-05-15T01:00:00+00:00,31075.76,31340.58,31041.28,31269.97,55.0368
2025-05-15T02:00:00+00:00,31269.97,31281.93,31171.57,31192.64,139.7531
2025-05-15T03:00:00+00:00,31192.64,31377.40,31178.84,31372.39,88.9823
2025-05-15T04:00:00+00:00,31372.39,31441.74,31231.49,31260.67,74.4017
2025-05-15T05:00:00+00:00,31260.67,31625.81,31224.81,31615.80,126.8879
2025-05-15T06:00:00+00:00,31615.80,31739.35,31600.75,31702.12,119.5492
2025-05-15T07:00:00+00:00,31702.12,31945.28,31628.02,31862.72,177.3859
2025-05-15T08:00:00+00:00,31862.72,32067.65,31820.37,32054.32,203.2512
2025-05-15T09:00:00+00:00,32054.32,32219.25,32014.15,32127.32,159.1235
2025-05-15T10:00:00+00:00,32127.32,32393.06,32076.93,32386.81,85.8723
2025-05-15T11:00:00+00:00,32386.81,32420.18,32275.61,32287.65,136.4993
2025-05-15T12:00:00+00:00,32287.65,32459.04,32210.40,32407.73,137.5983
2025-05-15T13:00:00+00:00,32407.73,32440.56,32341.82,32396.80,111.3914
2025-05-15T14:00:00+00:00,32396.80,32519.61,32393.62,32478.09,107.4889
2025-05-15T15:00:00+00:00,32478.09,32559.99,32457.41,32520.69,69.5129
2025-05-15T16:00:00+00:00,32520.69,32712.19,32499.14,32674.98,130.5881
2025-05-15T17:00:00+00:00,32674.98,32720.36,32669.05,32697.07,133.6415
2025-05-15T18:00:00+00:00,32697.07,32998.25,32604.50,32977.93,56.5312
2025-05-15T19:00:00+00:00,32977.93,33175.96,32976.86,33168.13,134.7736
2025-05-15T20:00:00+00:00,33168.13,33196.08,32900.31,32981.64,113.6030
2025-05-15T21:00:00+00:00,32981.64,33078.07,32830.15,32876.81,152.1645
2025-05-15T22:00:00+00:00,32876.81,33052.71,32849.94,33045.58,115.0956
2025-05-15T23:00:00+00:00,33045.58,33156.25,33032.51,33154.25,76.6874
2025-05-16T00:00:00+00:00,33154.25,33167.17,32862.11,32880.38,157.6165
2025-05-16T01:00:00+00:00,32880.38,32938.70,32742.60,32788.15,151.1571
2025-05-16T02:00:00+00:00,32788.15,33065.54,32774.85,33020.68,16.2580
2025-05-16T03:00:00+00:00,33020.68,33053.36,32858.62,32865.99,139.1758
2025-05-16T04:00:00+00:00,32865.99,32997.35,32839.29,32945.17,65.1147
2025-05-16T05:00:00+00:00,32945.17,33002.26,32730.81,32776.45,112.8599
2025-05-16T06:00:00+00:00,32776.45,32834.50,32728.16,32740.27,119.9579
2025-05-16T07:00:00+00:00,32740.27,32924.86,32699.99,32893.67,93.3194
2025-05-16T08:00:00+00:00,32893.67,32951.05,32747.23,32812.11,162.7569
2025-05-16T09:00:00+00:00,32812.11,33013.92,32785.61,32990.04,180.9307
2025-05-16T10:00:00+00:00,32990.04,33006.44,32613.36,32631.52,122.0478
2025-05-16T11:00:00+00:00,32631.52,32972.18,32591.49,32935.10,131.6784
2025-05-16T12:00:00+00:00,32935.10,32977.98,32908.08,32944.36,74.2432
2025-05-16T13:00:00+00:00,32944.36,32962.72,32844.64,32862.51,161.5806
2025-05-16T14:00:00+00:00,32862.51,33035.71,32813.82,33032.41,125.6493
2025-05-16T15:00:00+00:00,33032.41,33075.10,33021.07,33049.35,94.3442
2025-05-16T16:00:00+00:00,33049.35,33121.53,32964.43,32988.39,123.2659
2025-05-16T17:00:00+00:00,32988.39,33061.27,32971.18,33026.58,128.1611
2025-05-16T18:00:00+00:00,33026.58,33060.31,32952.17,32986.24,79.2173
2025-05-16T19:00:00+00:00,32986.24,32990.70,32773.71,32823.97,81.9902
2025-05-16T20:00:00+00:00,32823.97,33051.87,32781.66,33028.23,42.0297
2025-05-16T21:00:00+00:00,33028.23,33077.29,32758.95,32819.41,180.3190
2025-05-16T22:00:00+00:00,32819.41,32946.59,32776.64,32885.91,115.8077
2025-05-16T23:00:00+00:00,32885.91,32981.74,32862.60,32878.87,161.3751
2025-05-17T00:00:00+00:00,32878.87,32886.57,32834.75,32856.49,147.3137
2025-05-17T01:00:00+00:00,32856.49,32935.47,32833.28,32913.80,119.8696
2025-05-17T02:00:00+00:00,32913.80,32966.57,32768.45,32821.08,146.1061
2025-05-17T03:00:00+00:00,32821.08,32825.15,32634.17,32697.69,157.2521
2025-05-17T04:00:00+00:00,32697.69,32969.48,32680.35,32886.45,155.3436
2025-05-17T05:00:00+00:00,32886.45,33076.34,32849.91,33033.06,41.5270
2025-05-17T06:00:00+00:00,33033.06,33076.26,33032.10,33047.05,16.7314
2025-05-17T07:00:00+00:00,33047.05,33386.56,33031.45,33346.88,61.2552
2025-05-17T08:00:00+00:00,33346.88,33379.21,33074.25,33114.33,135.9417
2025-05-17T09:00:00+00:00,33114.33,33566.62,33061.16,33515.04,103.5007
2025-05-17T10:00:00+00:00,33515.04,33534.66,33408.69,33473.53,76.9662
2025-05-17T11:00:00+00:00,33473.53,33829.23,33471.15,33790.99,80.7763
2025-05-17T12:00:00+00:00,33790.99,33920.78,33742.47,33905.54,96.1161
2025-05-17T13:00:00+00:00,33905.54,33907.37,33691.50,33773.39,119.9618
2025-05-17T14:00:00+00:00,33773.39,33897.89,33741.31,33893.99,123.9672
2025-05-17T15:00:00+00:00,33893.99,33896.40,33737.48,33742.20,159.1666
2025-05-17T16:00:00+00:00,33742.20,33812.16,33721.98,33803.79,174.0346
2025-05-17T17:00:00+00:00,33803.79,33875.17,33774.21,33874.81,194.6939
2025-05-17T18:00:00+00:00,33874.81,34092.94,33827.58,34091.42,151.1819
2025-05-17T19:00:00+00:00,34091.42,34111.04,33893.58,33897.24,151.8308
2025-05-17T20:00:00+00:00,33897.24,34213.39,33848.73,34162.05,92.9157
2025-05-17T21:00:00+00:00,34162.05,34197.50,34101.08,34107.66,68.3130
2025-05-17T22:00:00+00:00,34107.66,34309.44,34022.28,34302.66,85.6704
2025-05-17T23:00:00+00:00,34302.66,34320.67,34216.34,34266.87,126.7412
2025-05-18T00:00:00+00:00,34266.87,34524.40,34242.17,34513.25,123.2138
2025-05-18T01:00:00+00:00,34513.25,34579.00,34482.80,34550.00,64.5849
2025-05-18T02:00:00+00:00,34550.00,34667.09,34549.49,34614.26,131.8284
2025-05-18T03:00:00+00:00,34614.26,34622.39,34543.13,34618.61,112.7339
2025-05-18T04:00:00+00:00,34618.61,34798.75,34595.65,34764.25,115.1590
2025-05-18T05:00:00+00:00,34764.25,34918.33,34753.16,34863.51,141.3867
2025-05-18T06:00:00+00:00,34863.51,35062.99,34847.26,34966.01,109.3202
2025-05-18T07:00:00+00:00,34966.01,34985.13,34801.46,34832.67,126.8617
2025-05-18T08:00:00+00:00,34832.67,34847.01,34799.55,34840.29,112.5267
2025-05-18T09:00:00+00:00,34840.29,34923.66,34609.01,34623.09,137.2617
2025-05-18T10:00:00+00:00,34623.09,34629.30,34479.98,34502.96,168.9946
2025-05-18T11:00:00+00:00,34502.96,34713.77,34464.47,34700.46,131.5205
2025-05-18T12:00:00+00:00,34700.46,34874.89,34671.18,34839.34,132.3184
2025-05-18T13:00:00+00:00,34839.34,34929.22,34813.43,34890.72,175.2390
2025-05-18T14:00:00+00:00,34890.72,34920.90,34843.26,34908.47,179.9062
2025-05-18T15:00:00+00:00,34908.47,35207.10,34880.06,35154.71,176.1533
2025-05-18T16:00:00+00:00,35154.71,35446.57,35140.27,35417.52,196.3171
2025-05-18T17:00:00+00:00,35417.52,35595.70,35401.89,35555.81,25.9017
2025-05-18T18:00:00+00:00,35555.81,35823.79,35525.89,35785.22,95.9830
2025-05-18T19:00:00+00:00,35785.22,35806.83,35756.34,35773.82,125.4025
2025-05-18T20:00:00+00:00,35773.82,36059.89,35747.63,36024.82,133.2025
2025-05-18T21:00:00+00:00,36024.82,36206.61,35976.17,36195.25,109.6090
2025-05-18T22:00:00+00:00,36195.25,36581.63,36190.38,36454.13,36.7421
2025-05-18T23:00:00+00:00,36454.13,36545.72,36272.69,36360.53,69.9045
2025-05-19T00:00:00+00:00,36360.53,36458.79,36344.13,36435.91,129.6839
2025-05-19T01:00:00+00:00,36435.91,36460.87,36395.97,36447.41,129.2443
2025-05-19T02:00:00+00:00,36447.41,36482.36,36427.23,36468.98,21.9498
2025-05-19T03:00:00+00:00,36468.98,36511.56,36442.34,36444.49,86.9081
2025-05-19T04:00:00+00:00,36444.49,36943.03,36436.03,36821.24,165.4266
2025-05-19T05:00:00+00:00,36821.24,37038.55,36728.44,36993.50,187.5105
2025-05-19T06:00:00+00:00,36993.50,37130.39,36909.58,36940.19,51.6359
2025-05-19T07:00:00+00:00,36940.19,36984.31,36736.86,36767.79,145.1398
2025-05-19T08:00:00+00:00,36767.79,37308.94,36743.88,37249.58,162.4126
2025-05-19T09:00:00+00:00,37249.58,37284.56,37036.37,37065.14,103.7214
2025-05-19T10:00:00+00:00,37065.14,37275.92,37053.74,37242.44,57.8168
2025-05-19T11:00:00+00:00,37242.44,37501.25,37177.28,37494.54,84.5485
2025-05-19T12:00:00+00:00,37494.54,37545.40,37467.77,37531.84,64.2151
2025-05-19T13:00:00+00:00,37531.84,37642.28,37503.58,37561.38,199.1037
2025-05-19T14:00:00+00:00,37561.38,37644.97,37219.86,37304.02,93.3829
2025-05-19T15:00:00+00:00,37304.02,37448.43,37241.24,37438.97,101.5617
2025-05-19T16:00:00+00:00,37438.97,37450.38,37401.29,37414.35,110.8714
2025-05-19T17:00:00+00:00,37414.35,37569.73,37397.91,37548.62,69.3992
2025-05-19T18:00:00+00:00,37548.62,37633.17,37545.57,37593.07,170.2906
2025-05-19T19:00:00+00:00,37593.07,37648.72,37577.55,37582.08,140.8571
2025-05-19T20:00:00+00:00,37582.08,37615.26,37520.53,37564.10,108.0649
2025-05-19T21:00:00+00:00,37564.10,37642.74,37528.82,37571.20,98.6449
2025-05-19T22:00:00+00:00,37571.20,37623.92,37533.14,37583.66,119.7439
2025-05-19T23:00:00+00:00,37583.66,37630.75,37522.78,37629.84,106.1524
2025-05-20T00:00:00+00:00,37629.84,37675.32,37579.89,37615.91,141.6325
2025-05-20T01:00:00+00:00,37615.91,37786.36,37610.60,37733.64,112.8887
2025-05-20T02:00:00+00:00,37733.64,37895.06,37702.29,37871.13,125.3441
2025-05-20T03:00:00+00:00,37871.13,37912.24,37771.32,37811.85,100.9866
2025-05-20T04:00:00+00:00,37811.85,37812.83,37714.36,37761.76,116.1365
2025-05-20T05:00:00+00:00,37761.76,37838.40,37591.77,37613.78,189.0514
2025-05-20T06:00:00+00:00,37613.78,37624.09,37528.00,37560.65,106.3981
2025-05-20T07:00:00+00:00,37560.65,37892.72,37513.67,37761.81,103.5800
2025-05-20T08:00:00+00:00,37761.81,37954.75,37754.04,37891.43,140.9170
2025-05-20T09:00:00+00:00,37891.43,37905.89,37812.28,37814.18,67.2541
2025-05-20T10:00:00+00:00,37814.18,37983.13,37763.35,37905.76,111.7756
2025-05-20T11:00:00+00:00,37905.76,38148.96,37855.40,38139.56,125.8859
2025-05-20T12:00:00+00:00,38139.56,38221.33,37799.72,37914.34,106.6680
2025-05-20T13:00:00+00:00,37914.34,38080.24,37899.62,38041.96,122.1636
2025-05-20T14:00:00+00:00,38041.96,38071.96,38033.50,38060.49,163.0501
2025-05-20T15:00:00+00:00,38060.49,38229.73,37989.52,38213.68,122.7264
2025-05-20T16:00:00+00:00,38213.68,38237.33,38127.21,38209.79,85.9913
2025-05-20T17:00:00+00:00,38209.79,38601.77,38141.56,38568.16,103.0267
2025-05-20T18:00:00+00:00,38568.16,38843.19,38542.60,38796.20,149.6587
2025-05-20T19:00:00+00:00,38796.20,38814.13,38766.79,38796.47,57.8586
2025-05-20T20:00:00+00:00,38796.47,39063.07,38738.64,39059.79,128.2188
2025-05-20T21:00:00+00:00,39059.79,39442.84,39035.88,39338.63,165.2227
2025-05-20T22:00:00+00:00,39338.63,39440.53,39297.39,39337.43,122.7714
2025-05-20T23:00:00+00:00,39337.43,39495.77,39272.38,39418.33,178.3787
2025-05-21T00:00:00+00:00,39418.33,39440.01,39382.67,39401.95,125.7319
2025-05-21T01:00:00+00:00,39401.95,39618.73,39372.68,39571.50,108.5152
2025-05-21T02:00:00+00:00,39571.50,39758.13,39520.25,39705.83,136.4609
2025-05-21T03:00:00+00:00,39705.83,39728.91,39668.00,39685.38,122.0817
2025-05-21T04:00:00+00:00,39685.38,39874.76,39661.05,39803.32,150.4288
2025-05-21T05:00:00+00:00,39803.32,39904.38,39610.56,39674.78,154.1268
2025-05-21T06:00:00+00:00,39674.78,39763.14,39664.13,39756.01,177.6012
2025-05-21T07:00:00+00:00,39756.01,39787.72,39376.21,39406.89,67.8953
2025-05-21T08:00:00+00:00,39406.89,39940.77,39391.72,39938.61,109.3894
2025-05-21T09:00:00+00:00,39938.61,39954.44,39836.85,39880.13,90.3068
2025-05-21T10:00:00+00:00,39880.13,39990.60,39814.74,39979.90,133.2336
2025-05-21T11:00:00+00:00,39979.90,40010.07,39775.12,39824.26,74.7446
2025-05-21T12:00:00+00:00,39824.26,39872.03,39756.66,39802.16,192.2356
2025-05-21T13:00:00+00:00,39802.16,39972.92,39778.74,39964.69,171.0230
2025-05-21T14:00:00+00:00,39964.69,39979.92,39868.12,39930.53,116.2686
2025-05-21T15:00:00+00:00,39930.53,39949.45,39925.08,39932.14,89.5799
2025-05-21T16:00:00+00:00,39932.14,39948.50,39850.64,39886.98,74.5457
2025-05-21T17:00:00+00:00,39886.98,40064.10,39849.69,40010.76,146.8886
2025-05-21T18:00:00+00:00,40010.76,40133.49,40010.69,40123.08,120.8462
2025-05-21T19:00:00+00:00,40123.08,40132.10,40097.00,40110.23,2.8830
2025-05-21T20:00:00+00:00,40110.23,40338.41,40074.07,40329.01,116.3913
2025-05-21T21:00:00+00:00,40329.01,40461.90,40099.94,40141.86,102.2601
2025-05-21T22:00:00+00:00,40141.86,40217.02,40001.01,40002.98,123.1303
2025-05-21T23:00:00+00:00,40002.98,40055.45,39768.90,39819.20,111.4145
2025-05-22T00:00:00+00:00,39819.20,39844.05,39677.99,39685.90,115.7088
2025-05-22T01:00:00+00:00,39685.90,40200.45,39680.74,40138.21,121.8611
2025-05-22T02:00:00+00:00,40138.21,40163.11,40114.33,40126.23,40.8215
2025-05-22T03:00:00+00:00,40126.23,40159.11,39692.28,39696.60,147.1740
2025-05-22T04:00:00+00:00,39696.60,39731.45,39532.14,39566.44,206.3820
2025-05-22T05:00:00+00:00,39566.44,39638.17,39560.72,39598.98,153.3064
2025-05-22T06:00:00+00:00,39598.98,39641.32,39383.30,39402.20,24.4434
2025-05-22T07:00:00+00:00,39402.20,39562.45,39317.30,39547.18,188.5300
2025-05-22T08:00:00+00:00,39547.18,39567.25,39249.99,39275.02,81.9389
2025-05-22T09:00:00+00:00,39275.02,39331.91,38969.26,39063.09,23.9670
2025-05-22T10:00:00+00:00,39063.09,39178.18,38937.59,39031.65,127.8339
2025-05-22T11:00:00+00:00,39031.65,39078.43,38892.44,38904.19,108.0656
2025-05-22T12:00:00+00:00,38904.19,38957.19,38879.60,38892.30,97.7509
2025-05-22T13:00:00+00:00,38892.30,38958.70,38861.64,38938.97,157.1037
2025-05-22T14:00:00+00:00,38938.97,38994.44,38876.57,38918.53,71.1642
2025-05-22T15:00:00+00:00,38918.53,38956.32,38701.37,38773.77,173.1321
2025-05-22T16:00:00+00:00,38773.77,38801.49,38762.99,38764.22,151.3542
2025-05-22T17:00:00+00:00,38764.22,38969.48,38762.79,38903.27,162.7338
2025-05-22T18:00:00+00:00,38903.27,39399.00,38884.16,39325.19,215.5812
2025-05-22T19:00:00+00:00,39325.19,40086.78,39274.75,40024.19,210.7379
2025-05-22T20:00:00+00:00,40024.19,40370.36,39945.07,40355.89,87.1290
2025-05-22T21:00:00+00:00,40355.89,40368.23,40273.19,40282.64,216.4288
2025-05-22T22:00:00+00:00,40282.64,40435.66,40245.59,40410.18,166.8199
2025-05-22T23:00:00+00:00,40410.18,40441.90,40380.54,40396.53,106.7478
2025-05-23T00:00:00+00:00,40396.53,40433.19,40194.25,40290.50,136.0615
2025-05-23T01:00:00+00:00,40290.50,40396.94,40202.83,40313.49,128.5356
2025-05-23T02:00:00+00:00,40313.49,40349.32,40301.52,40347.65,185.0142
2025-05-23T03:00:00+00:00,40347.65,40595.48,40331.75,40551.16,109.9936
2025-05-23T04:00:00+00:00,40551.16,40650.39,40541.79,40560.39,93.6317
2025-05-23T05:00:00+00:00,40560.39,40582.41,40391.83,40395.31,80.7810
2025-05-23T06:00:00+00:00,40395.31,40469.84,40268.64,40283.94,85.2699
2025-05-23T07:00:00+00:00,40283.94,40320.70,40249.99,40281.15,120.8867
2025-05-23T08:00:00+00:00,40281.15,40322.99,40161.37,40196.80,139.2225
2025-05-23T09:00:00+00:00,40196.80,40231.27,40019.21,40122.35,117.3695
2025-05-23T10:00:00+00:00,40122.35,40285.60,40108.66,40252.81,133.8430
2025-05-23T11:00:00+00:00,40252.81,40594.81,40245.36,40540.64,33.8642
2025-05-23T12:00:00+00:00,40540.64,40557.98,40430.78,40472.01,142.8646
2025-05-23T13:00:00+00:00,40472.01,40534.48,40453.52,40514.10,127.2795
2025-05-23T14:00:00+00:00,40514.10,40664.14,40445.81,40603.82,43.6407
2025-05-23T15:00:00+00:00,40603.82,40635.85,40544.04,40573.12,130.7383
2025-05-23T16:00:00+00:00,40573.12,40616.19,40527.88,40615.65,153.8670
2025-05-23T17:00:00+00:00,40615.65,40644.18,40201.55,40222.05,122.5311
2025-05-23T18:00:00+00:00,40222.05,40503.98,40142.38,40444.17,112.7045
2025-05-23T19:00:00+00:00,40444.17,40539.04,40396.39,40494.51,137.3435
2025-05-23T20:00:00+00:00,40494.51,40530.67,40395.79,40503.09,134.5871
2025-05-23T21:00:00+00:00,40503.09,41109.64,40449.03,41088.49,162.7340
2025-05-23T22:00:00+00:00,41088.49,41171.56,41044.11,41148.32,121.5678
2025-05-23T23:00:00+00:00,41148.32,41313.65,41142.56,41255.73,166.6057
2025-05-24T00:00:00+00:00,41255.73,41263.99,41049.61,41157.15,150.7200
2025-05-24T01:00:00+00:00,41157.15,41205.64,40593.13,40597.43,100.3132
2025-05-24T02:00:00+00:00,40597.43,40938.60,40567.91,40901.74,130.0589
2025-05-24T03:00:00+00:00,40901.74,40928.50,40834.92,40862.17,126.5059
2025-05-24T04:00:00+00:00,40862.17,40928.40,40389.84,40437.34,93.3029
2025-05-24T05:00:00+00:00,40437.34,40485.26,40221.08,40252.74,101.3394
2025-05-24T06:00:00+00:00,40252.74,40413.38,40164.33,40349.09,86.1643
2025-05-24T07:00:00+00:00,40349.09,40352.06,40200.37,40213.10,114.5389
2025-05-24T08:00:00+00:00,40213.10,40214.83,39873.18,39893.66,117.4525
2025-05-24T09:00:00+00:00,39893.66,40047.84,39798.03,39995.62,55.8788
2025-05-24T10:00:00+00:00,39995.62,40125.41,39910.79,40109.63,127.8518
2025-05-24T11:00:00+00:00,40109.63,40343.25,40097.40,40334.75,80.4716
2025-05-24T12:00:00+00:00,40334.75,40417.16,40330.77,40400.34,73.3214
2025-05-24T13:00:00+00:00,40400.34,40417.81,40131.19,40135.09,80.5810
2025-05-24T14:00:00+00:00,40135.09,40215.93,39795.19,39868.79,152.7739
2025-05-24T15:00:00+00:00,39868.79,39883.13,39661.63,39662.12,216.6775
2025-05-24T16:00:00+00:00,39662.12,39701.58,39542.60,39635.91,151.7972
2025-05-24T17:00:00+00:00,39635.91,39711.68,39612.46,39698.24,147.4450
2025-05-24T18:00:00+00:00,39698.24,39969.22,39654.19,39959.16,68.9872
2025-05-24T19:00:00+00:00,39959.16,39961.62,39421.55,39435.44,153.9599
2025-05-24T20:00:00+00:00,39435.44,39504.35,39411.57,39440.36,125.3434
2025-05-24T21:00:00+00:00,39440.36,39446.32,38911.97,38958.82,82.0042
2025-05-24T22:00:00+00:00,38958.82,39177.24,38886.69,39136.01,122.3248
2025-05-24T23:00:00+00:00,39136.01,39166.69,38861.57,38877.81,165.8021
2025-05-25T00:00:00+00:00,38877.81,39057.38,38839.63,38997.01,149.6830
2025-05-25T01:00:00+00:00,38997.01,39263.77,38925.48,39243.66,163.6661
2025-05-25T02:00:00+00:00,39243.66,39650.16,39208.26,39640.38,215.7454
2025-05-25T03:00:00+00:00,39640.38,39663.77,39532.35,39549.53,94.8585
2025-05-25T04:00:00+00:00,39549.53,39676.25,39542.60,39626.25,174.1679
2025-05-25T05:00:00+00:00,39626.25,39666.70,39595.77,39629.93,135.5295
2025-05-25T06:00:00+00:00,39629.93,39657.38,39584.61,39629.49,142.9979
2025-05-25T07:00:00+00:00,39629.49,39663.19,39325.48,39352.35,70.7413
2025-05-25T08:00:00+00:00,39352.35,39369.33,38845.46,38869.03,145.8938
2025-05-25T09:00:00+00:00,38869.03,39359.82,38834.22,39351.95,92.9809
2025-05-25T10:00:00+00:00,39351.95,39542.15,39259.75,39491.31,84.7727
2025-05-25T11:00:00+00:00,39491.31,39524.73,39268.00,39369.95,171.5049
2025-05-25T12:00:00+00:00,39369.95,39378.85,39077.19,39122.94,126.8865
2025-05-25T13:00:00+00:00,39122.94,39335.95,39095.07,39313.69,39.1131
2025-05-25T14:00:00+00:00,39313.69,39669.68,39273.86,39639.98,121.6723
2025-05-25T15:00:00+00:00,39639.98,40044.23,39639.29,40012.46,107.4446
2025-05-25T16:00:00+00:00,40012.46,40071.45,39737.32,39765.40,147.6620
2025-05-25T17:00:00+00:00,39765.40,39775.67,39541.16,39562.47,135.3346
2025-05-25T18:00:00+00:00,39562.47,39564.53,39484.16,39497.36,80.9665
2025-05-25T19:00:00+00:00,39497.36,39532.84,39411.52,39437.39,170.4436
2025-05-25T20:00:00+00:00,39437.39,39486.37,39341.75,39355.20,70.0890
2025-05-25T21:00:00+00:00,39355.20,39541.87,39354.21,39470.96,112.1728
2025-05-25T22:00:00+00:00,39470.96,39489.84,39359.93,39373.57,100.0312
2025-05-25T23:00:00+00:00,39373.57,39558.17,39331.50,39538.14,171.5616
2025-05-26T00:00:00+00:00,39538.14,39641.17,39475.80,39599.68,142.2449
2025-05-26T01:00:00+00:00,39599.68,39607.46,39190.83,39223.35,20.0900
2025-05-26T02:00:00+00:00,39223.35,39257.52,38972.65,39015.90,121.8678
2025-05-26T03:00:00+00:00,39015.90,39187.68,38987.36,39136.63,51.1704
2025-05-26T04:00:00+00:00,39136.63,39229.13,38877.70,38946.90,138.6632
2025-05-26T05:00:00+00:00,38946.90,39158.37,38930.61,39122.48,91.7842
2025-05-26T06:00:00+00:00,39122.48,39420.74,39008.69,39343.00,88.4224
2025-05-26T07:00:00+00:00,39343.00,39364.16,39094.38,39166.95,180.1900
2025-05-26T08:00:00+00:00,39166.95,39195.21,39063.50,39137.03,109.8321
2025-05-26T09:00:00+00:00,39137.03,39143.61,39030.18,39044.01,62.1846
2025-05-26T10:00:00+00:00,39044.01,39138.39,38696.81,38776.26,123.2539
2025-05-26T11:00:00+00:00,38776.26,38938.41,38773.56,38916.77,60.3248
2025-05-26T12:00:00+00:00,38916.77,38985.28,38692.01,38782.19,134.5711
2025-05-26T13:00:00+00:00,38782.19,38931.52,38764.40,38922.51,165.5238
2025-05-26T14:00:00+00:00,38922.51,39126.97,38895.58,39098.87,148.8421
2025-05-26T15:00:00+00:00,39098.87,39117.96,39003.36,39007.17,111.5802
2025-05-26T16:00:00+00:00,39007.17,39224.30,38913.61,39129.71,175.1523
2025-05-26T17:00:00+00:00,39129.71,39182.84,38955.01,39002.00,114.0642
2025-05-26T18:00:00+00:00,39002.00,39214.64,38985.79,39211.50,75.4842
2025-05-26T19:00:00+00:00,39211.50,39285.38,38911.10,38918.40,117.7634
2025-05-26T20:00:00+00:00,38918.40,38963.91,38526.04,38573.08,119.1620
2025-05-26T21:00:00+00:00,38573.08,38599.62,38489.54,38520.05,125.1872
2025-05-26T22:00:00+00:00,38520.05,38821.51,38455.42,38760.05,163.5078
2025-05-26T23:00:00+00:00,38760.05,38777.94,38400.47,38405.87,189.6227
2025-05-27T00:00:00+00:00,38405.87,38531.80,37911.89,37915.46,161.4611
2025-05-27T01:00:00+00:00,37915.46,37955.76,37906.89,37921.14,43.4961
2025-05-27T02:00:00+00:00,37921.14,38143.12,37912.01,38079.41,151.9211
2025-05-27T03:00:00+00:00,38079.41,38143.01,37786.45,37815.32,90.9674
2025-05-27T04:00:00+00:00,37815.32,37890.90,37588.42,37618.39,196.4948
2025-05-27T05:00:00+00:00,37618.39,37626.83,37254.22,37274.06,99.6785
2025-05-27T06:00:00+00:00,37274.06,37288.17,36859.60,36903.51,124.9846
2025-05-27T07:00:00+00:00,36903.51,36916.04,36560.46,36644.17,118.7844
2025-05-27T08:00:00+00:00,36644.17,36929.44,36640.47,36883.06,137.3810
2025-05-27T09:00:00+00:00,36883.06,36888.55,36718.27,36744.18,127.2138
2025-05-27T10:00:00+00:00,36744.18,36752.35,36575.97,36606.07,120.3329
2025-05-27T11:00:00+00:00,36606.07,36626.80,36289.47,36300.02,102.3039
2025-05-27T12:00:00+00:00,36300.02,36430.10,36259.94,36395.69,142.0804
2025-05-27T13:00:00+00:00,36395.69,36424.41,36216.36,36221.52,86.7804
2025-05-27T14:00:00+00:00,36221.52,36492.21,36215.16,36399.30,107.8839
2025-05-27T15:00:00+00:00,36399.30,36425.30,36117.47,36138.07,138.2123
2025-05-27T16:00:00+00:00,36138.07,36149.58,35997.65,36019.96,157.1418
2025-05-27T17:00:00+00:00,36019.96,36208.11,35956.82,36207.27,108.2347
2025-05-27T18:00:00+00:00,36207.27,36283.85,35829.56,35890.80,88.3878
2025-05-27T19:00:00+00:00,35890.80,35904.16,35486.34,35487.76,119.6744
2025-05-27T20:00:00+00:00,35487.76,35517.25,35477.21,35512.86,109.0141
2025-05-27T21:00:00+00:00,35512.86,35558.21,35443.17,35496.77,179.2229
2025-05-27T22:00:00+00:00,35496.77,35588.36,35438.64,35479.23,155.0993
2025-05-27T23:00:00+00:00,35479.23,35503.54,35084.19,35115.06,159.0313
2025-05-28T00:00:00+00:00,35115.06,35152.98,35089.14,35114.36,140.8985
2025-05-28T01:00:00+00:00,35114.36,35177.81,35018.45,35033.30,139.3005
2025-05-28T02:00:00+00:00,35033.30,35315.92,34961.12,35305.64,162.0799
2025-05-28T03:00:00+00:00,35305.64,35363.65,35246.82,35297.66,109.2879
2025-05-28T04:00:00+00:00,35297.66,35302.63,35253.84,35293.72,144.9920
2025-05-28T05:00:00+00:00,35293.72,35319.98,34875.43,34889.95,127.5808
2025-05-28T06:00:00+00:00,34889.95,35052.29,34822.84,35029.72,93.7360
2025-05-28T07:00:00+00:00,35029.72,35291.10,35017.11,35275.73,146.9141
2025-05-28T08:00:00+00:00,35275.73,35304.42,35173.30,35181.82,148.3253
2025-05-28T09:00:00+00:00,35181.82,35228.73,34937.47,35000.17,96.2597
2025-05-28T10:00:00+00:00,35000.17,35009.85,34933.83,34966.53,105.8771
2025-05-28T11:00:00+00:00,34966.53,35037.29,34913.01,34995.57,103.0855
2025-05-28T12:00:00+00:00,34995.57,35007.89,34895.52,34958.17,104.1739
2025-05-28T13:00:00+00:00,34958.17,35221.33,34840.11,35167.71,158.0705
2025-05-28T14:00:00+00:00,35167.71,35510.49,35072.39,35503.00,137.6885
2025-05-28T15:00:00+00:00,35503.00,35835.34,35449.70,35812.05,149.7554
2025-05-28T16:00:00+00:00,35812.05,35984.30,35787.10,35953.68,145.6657
2025-05-28T17:00:00+00:00,35953.68,35974.66,35837.62,35850.06,113.1694
2025-05-28T18:00:00+00:00,35850.06,36462.17,35809.23,36383.32,221.1183
2025-05-28T19:00:00+00:00,36383.32,36442.25,36235.65,36239.12,75.3756
2025-05-28T20:00:00+00:00,36239.12,36410.15,36230.79,36395.48,153.6788
2025-05-28T21:00:00+00:00,36395.48,36633.23,36389.63,36583.78,122.6778
2025-05-28T22:00:00+00:00,36583.78,36750.52,36570.76,36714.69,184.9527
2025-05-28T23:00:00+00:00,36714.69,36738.89,36683.79,36700.20,21.5744
2025-05-29T00:00:00+00:00,36700.20,36914.35,36634.76,36870.54,118.4156
2025-05-29T01:00:00+00:00,36870.54,36873.80,36659.81,36668.29,145.7425
2025-05-29T02:00:00+00:00,36668.29,36708.84,36643.60,36678.69,181.0592
2025-05-29T03:00:00+00:00,36678.69,36779.97,36600.42,36706.06,121.1673
2025-05-29T04:00:00+00:00,36706.06,37312.49,36676.77,37258.79,131.4138
2025-05-29T05:00:00+00:00,37258.79,37267.69,37128.05,37165.17,162.2933
2025-05-29T06:00:00+00:00,37165.17,37181.81,37123.78,37174.14,112.6278
2025-05-29T07:00:00+00:00,37174.14,37216.32,36934.05,36996.37,152.9448
2025-05-29T08:00:00+00:00,36996.37,37097.09,36994.51,37064.83,50.9278
2025-05-29T09:00:00+00:00,37064.83,37154.81,37027.97,37127.96,132.0436
2025-05-29T10:00:00+00:00,37127.96,37171.24,37103.74,37132.32,111.9315
2025-05-29T11:00:00+00:00,37132.32,37199.86,36853.94,36858.56,100.9532
2025-05-29T12:00:00+00:00,36858.56,36879.33,36728.20,36787.31,111.4517
2025-05-29T13:00:00+00:00,36787.31,36815.09,36552.49,36587.43,181.2331
2025-05-29T14:00:00+00:00,36587.43,36616.84,36314.31,36373.55,172.9375
2025-05-29T15:00:00+00:00,36373.55,36380.58,36116.01,36122.39,193.9797
2025-05-29T16:00:00+00:00,36122.39,36159.11,36043.03,36053.81,83.7923
2025-05-29T17:00:00+00:00,36053.81,36193.14,36019.55,36174.55,101.0665
2025-05-29T18:00:00+00:00,36174.55,36209.67,36035.06,36072.11,138.6593
2025-05-29T19:00:00+00:00,36072.11,36076.20,35947.41,36015.38,171.1521
2025-05-29T20:00:00+00:00,36015.38,36033.83,36007.73,36023.41,66.5911
2025-05-29T21:00:00+00:00,36023.41,36358.81,36017.41,36288.51,96.2495
2025-05-29T22:00:00+00:00,36288.51,36355.59,36157.69,36185.68,97.1175
2025-05-29T23:00:00+00:00,36185.68,36186.67,35710.72,35759.14,167.1184
2025-05-30T00:00:00+00:00,35759.14,35767.95,35543.66,35569.02,109.5715
2025-05-30T01:00:00+00:00,35569.02,35695.30,35514.91,35685.89,142.7684
2025-05-30T02:00:00+00:00,35685.89,35868.43,35616.68,35782.90,89.3194
2025-05-30T03:00:00+00:00,35782.90,35930.07,35728.81,35903.35,163.6697
2025-05-30T04:00:00+00:00,35903.35,36015.82,35855.83,35974.00,126.3971
2025-05-30T05:00:00+00:00,35974.00,36038.94,35941.76,36028.13,138.6116
2025-05-30T06:00:00+00:00,36028.13,36117.72,35903.62,35972.59,132.6953
2025-05-30T07:00:00+00:00,35972.59,36191.40,35969.60,36185.43,161.9045
2025-05-30T08:00:00+00:00,36185.43,36218.11,36036.38,36043.55,91.1968
2025-05-30T09:00:00+00:00,36043.55,36081.47,35831.32,35842.01,97.8547
2025-05-30T10:00:00+00:00,35842.01,35852.45,35816.36,35833.82,51.1827
2025-05-30T11:00:00+00:00,35833.82,35858.63,35620.41,35632.89,138.9736
2025-05-30T12:00:00+00:00,35632.89,35649.05,35433.79,35518.80,205.9182
2025-05-30T13:00:00+00:00,35518.80,35634.93,35517.41,35625.46,112.1163
2025-05-30T14:00:00+00:00,35625.46,35775.23,35618.01,35708.28,106.8942
2025-05-30T15:00:00+00:00,35708.28,35965.92,35657.97,35957.91,113.6812
2025-05-30T16:00:00+00:00,35957.91,36025.13,35813.01,35837.17,123.4115
2025-05-30T17:00:00+00:00,35837.17,36075.22,35810.56,36016.36,135.2810
2025-05-30T18:00:00+00:00,36016.36,36151.20,35977.48,36141.91,67.3433
2025-05-30T19:00:00+00:00,36141.91,36241.94,36102.41,36213.49,113.7968
2025-05-30T20:00:00+00:00,36213.49,36228.23,36191.80,36228.21,91.2447
2025-05-30T21:00:00+00:00,36228.21,36230.70,36031.09,36062.16,116.8495
2025-05-30T22:00:00+00:00,36062.16,36067.17,35714.63,35785.20,171.4168
2025-05-30T23:00:00+00:00,35785.20,35846.25,35704.15,35813.85,118.0170
2025-05-31T00:00:00+00:00,35813.85,36026.77,35759.01,36003.91,117.3952
2025-05-31T01:00:00+00:00,36003.91,36068.82,35947.06,36052.40,143.2119
2025-05-31T02:00:00+00:00,36052.40,36083.05,35873.03,35875.86,133.2513
2025-05-31T03:00:00+00:00,35875.86,36134.49,35830.98,36048.71,125.1297
2025-05-31T04:00:00+00:00,36048.71,36213.04,36038.36,36205.27,84.8944
2025-05-31T05:00:00+00:00,36205.27,36317.03,36158.32,36312.44,81.4346
2025-05-31T06:00:00+00:00,36312.44,36338.24,36190.03,36249.74,103.6061
2025-05-31T07:00:00+00:00,36249.74,36319.83,36211.17,36232.53,119.8773
2025-05-31T08:00:00+00:00,36232.53,36374.04,36203.69,36352.14,144.2804
2025-05-31T09:00:00+00:00,36352.14,36804.24,36331.02,36798.95,104.9420
2025-05-31T10:00:00+00:00,36798.95,36811.60,36622.99,36653.70,121.5447
2025-05-31T11:00:00+00:00,36653.70,36793.98,36564.07,36681.76,143.4720
2025-05-31T12:00:00+00:00,36681.76,36807.71,36600.06,36807.60,67.6959
2025-05-31T13:00:00+00:00,36807.60,37010.81,36771.99,36968.03,100.7558
2025-05-31T14:00:00+00:00,36968.03,37364.62,36927.86,37334.38,69.3768
2025-05-31T15:00:00+00:00,37334.38,37369.08,37178.78,37218.02,166.6856
2025-05-31T16:00:00+00:00,37218.02,37496.85,37206.22,37479.31,109.1741
2025-05-31T17:00:00+00:00,37479.31,37524.83,37442.40,37490.44,113.1270
2025-05-31T18:00:00+00:00,37490.44,37661.89,37463.22,37642.48,87.3879
2025-05-31T19:00:00+00:00,37642.48,37783.32,37611.91,37679.95,176.6924
2025-05-31T20:00:00+00:00,37679.95,37680.05,37452.95,37487.31,141.0085
2025-05-31T21:00:00+00:00,37487.31,37491.80,37357.92,37420.43,172.6549
2025-05-31T22:00:00+00:00,37420.43,37553.57,37396.99,37524.69,78.6981
2025-05-31T23:00:00+00:00,37524.69,37552.89,37418.40,37422.77,177.6213
2025-06-01T00:00:00+00:00,37422.77,37617.11,37419.59,37530.74,158.5385
2025-06-01T01:00:00+00:00,37530.74,37565.20,37499.98,37502.99,127.4721
2025-06-01T02:00:00+00:00,37502.99,37541.20,37299.20,37317.84,125.4147
2025-06-01T03:00:00+00:00,37317.84,37651.53,37306.39,37629.64,94.5457
2025-06-01T04:00:00+00:00,37629.64,37903.13,37598.09,37889.49,154.9976
2025-06-01T05:00:00+00:00,37889.49,37893.04,37818.49,37878.86,128.7299
2025-06-01T06:00:00+00:00,37878.86,37939.33,37812.23,37856.08,114.0572
2025-06-01T07:00:00+00:00,37856.08,37928.35,37621.28,37705.50,130.8065
2025-06-01T08:00:00+00:00,37705.50,37737.40,37702.35,37732.12,130.5630
2025-06-01T09:00:00+00:00,37732.12,37757.38,37286.19,37362.54,54.3896
2025-06-01T10:00:00+00:00,37362.54,37402.99,37356.31,37386.11,208.7324
2025-06-01T11:00:00+00:00,37386.11,37403.89,37292.88,37377.98,229.4533
2025-06-01T12:00:00+00:00,37377.98,37605.76,37343.14,37580.63,109.8923
2025-06-01T13:00:00+00:00,37580.63,37699.06,37578.16,37690.41,105.5856
2025-06-01T14:00:00+00:00,37690.41,37739.27,37628.20,37712.25,56.4458
2025-06-01T15:00:00+00:00,37712.25,37747.85,37528.23,37577.53,73.9598
2025-06-01T16:00:00+00:00,37577.53,37731.68,37559.15,37719.35,103.8822
2025-06-01T17:00:00+00:00,37719.35,38132.65,37679.67,38047.47,61.7682
2025-06-01T18:00:00+00:00,38047.47,38063.14,37991.87,38051.35,189.2579
2025-06-01T19:00:00+00:00,38051.35,38243.33,37995.83,38140.86,117.3572
2025-06-01T20:00:00+00:00,38140.86,38615.75,38111.13,38580.93,88.3367
2025-06-01T21:00:00+00:00,38580.93,38591.39,38470.05,38496.96,148.6662
2025-06-01T22:00:00+00:00,38496.96,38589.94,38325.86,38384.19,81.1442
2025-06-01T23:00:00+00:00,38384.19,38586.20,38375.96,38531.03,27.9469
2025-06-02T00:00:00+00:00,38531.03,38624.21,38495.19,38548.22,157.3179
2025-06-02T01:00:00+00:00,38548.22,38880.64,38547.65,38821.98,187.3509
2025-06-02T02:00:00+00:00,38821.98,39091.73,38795.87,39035.98,172.7582
2025-06-02T03:00:00+00:00,39035.98,39058.41,38783.29,38865.11,76.8687
2025-06-02T04:00:00+00:00,38865.11,38876.98,38561.74,38600.94,119.9062
2025-06-02T05:00:00+00:00,38600.94,38772.53,38586.39,38763.43,152.8991
2025-06-02T06:00:00+00:00,38763.43,38807.12,38460.84,38557.75,84.0801
2025-06-02T07:00:00+00:00,38557.75,38579.42,38521.06,38530.89,130.8331
2025-06-02T08:00:00+00:00,38530.89,38731.93,38506.43,38699.46,144.7043
2025-06-02T09:00:00+00:00,38699.46,38925.47,38667.72,38923.18,170.9221
2025-06-02T10:00:00+00:00,38923.18,38995.96,38908.75,38927.70,187.8762
2025-06-02T11:00:00+00:00,38927.70,38947.40,38665.10,38722.53,119.6567
2025-06-02T12:00:00+00:00,38722.53,38766.22,38678.66,38721.54,90.3673
2025-06-02T13:00:00+00:00,38721.54,38753.98,38700.40,38711.47,107.6272
2025-06-02T14:00:00+00:00,38711.47,38712.45,38342.40,38412.80,116.8426
2025-06-02T15:00:00+00:00,38412.80,38427.70,38179.92,38204.53,66.4117
2025-06-02T16:00:00+00:00,38204.53,38607.46,38199.32,38592.08,73.2110
2025-06-02T17:00:00+00:00,38592.08,38660.55,38338.36,38418.57,99.1966
2025-06-02T18:00:00+00:00,38418.57,38425.49,37854.13,37934.88,153.7734
2025-06-02T19:00:00+00:00,37934.88,38129.35,37847.12,38076.29,120.1256
2025-06-02T20:00:00+00:00,38076.29,38295.87,38065.85,38257.71,129.1319
2025-06-02T21:00:00+00:00,38257.71,38269.48,38036.09,38076.08,117.2901
2025-06-02T22:00:00+00:00,38076.08,38124.20,37951.58,37953.26,190.7711
2025-06-02T23:00:00+00:00,37953.26,38336.04,37905.23,38328.52,156.0325
2025-06-03T00:00:00+00:00,38328.52,38409.79,38260.34,38389.83,113.5458
2025-06-03T01:00:00+00:00,38389.83,38450.17,38317.34,38407.77,195.9853
2025-06-03T02:00:00+00:00,38407.77,38412.83,38352.42,38356.03,182.6160
2025-06-03T03:00:00+00:00,38356.03,38372.87,38256.97,38301.27,87.6471
2025-06-03T04:00:00+00:00,38301.27,38350.67,38222.26,38302.77,186.6971
2025-06-03T05:00:00+00:00,38302.77,38462.89,38277.49,38430.31,95.1457
2025-06-03T06:00:00+00:00,38430.31,38490.83,38214.39,38245.08,81.9484
2025-06-03T07:00:00+00:00,38245.08,38797.87,38205.38,38641.51,113.5644
2025-06-03T08:00:00+00:00,38641.51,38844.07,38627.55,38782.78,205.8123
2025-06-03T09:00:00+00:00,38782.78,38902.18,38704.68,38732.82,175.7026
2025-06-03T10:00:00+00:00,38732.82,38752.70,38631.34,38687.56,175.4764
2025-06-03T11:00:00+00:00,38687.56,38920.03,38629.21,38855.97,105.9588
2025-06-03T12:00:00+00:00,38855.97,39050.64,38822.32,39003.53,88.5860
2025-06-03T13:00:00+00:00,39003.53,39050.72,38923.52,38968.73,114.2752
2025-06-03T14:00:00+00:00,38968.73,39055.16,38930.49,39018.15,128.3098
2025-06-03T15:00:00+00:00,39018.15,39122.55,38954.83,39091.79,123.9621
2025-06-03T16:00:00+00:00,39091.79,39612.60,39081.77,39606.20,164.1636
2025-06-03T17:00:00+00:00,39606.20,39727.63,39579.43,39711.39,71.1921
2025-06-03T18:00:00+00:00,39711.39,39782.71,39653.84,39717.21,164.4097
2025-06-03T19:00:00+00:00,39717.21,39862.85,39705.98,39840.33,151.0915
2025-06-03T20:00:00+00:00,39840.33,40005.30,39778.06,39957.66,56.5561
2025-06-03T21:00:00+00:00,39957.66,40001.01,39928.60,39946.78,80.1088
2025-06-03T22:00:00+00:00,39946.78,40046.03,39800.34,39839.35,140.4922
2025-06-03T23:00:00+00:00,39839.35,39865.75,39782.56,39847.71,148.4524
2025-06-04T00:00:00+00:00,39847.71,39889.47,39730.93,39783.16,142.4624
2025-06-04T01:00:00+00:00,39783.16,39858.99,39634.97,39659.10,116.0258
2025-06-04T02:00:00+00:00,39659.10,39779.01,39604.08,39769.08,80.1043
2025-06-04T03:00:00+00:00,39769.08,39806.04,39736.67,39794.95,69.0684
2025-06-04T04:00:00+00:00,39794.95,40438.06,39729.86,40406.14,152.4027
2025-06-04T05:00:00+00:00,40406.14,40503.06,40357.90,40466.03,122.6130
2025-06-04T06:00:00+00:00,40466.03,40525.73,40403.35,40408.99,82.2925
2025-06-04T07:00:00+00:00,40408.99,40528.10,40309.22,40498.50,109.0970
2025-06-04T08:00:00+00:00,40498.50,40922.00,40461.34,40859.20,99.1632
2025-06-04T09:00:00+00:00,40859.20,40888.95,40482.45,40540.88,94.4051
2025-06-04T10:00:00+00:00,40540.88,40942.12,40471.02,40833.10,121.2750
2025-06-04T11:00:00+00:00,40833.10,41102.82,40786.94,41073.38,125.0135
2025-06-04T12:00:00+00:00,41073.38,41387.47,41016.82,41350.54,195.9382
2025-06-04T13:00:00+00:00,41350.54,41480.40,41260.32,41391.05,143.0950
2025-06-04T14:00:00+00:00,41391.05,41699.95,41384.67,41653.32,60.6727
2025-06-04T15:00:00+00:00,41653.32,41654.63,41402.95,41439.76,111.4479
2025-06-04T16:00:00+00:00,41439.76,41494.96,41307.30,41319.13,113.8854
2025-06-04T17:00:00+00:00,41319.13,41550.40,41310.77,41471.42,82.3643
2025-06-04T18:00:00+00:00,41471.42,41516.07,41403.33,41466.26,126.3757
2025-06-04T19:00:00+00:00,41466.26,41692.28,41437.09,41649.44,131.7966
2025-06-04T20:00:00+00:00,41649.44,41752.57,41600.08,41742.08,107.8143
2025-06-04T21:00:00+00:00,41742.08,42048.76,41741.50,42027.02,144.1908
2025-06-04T22:00:00+00:00,42027.02,42054.08,41888.42,42015.63,171.2169
2025-06-04T23:00:00+00:00,42015.63,42297.36,41980.36,42276.98,216.6044
2025-06-05T00:00:00+00:00,42276.98,42284.21,42149.00,42185.81,187.9662
2025-06-05T01:00:00+00:00,42185.81,42279.39,42074.25,42253.00,104.2130
2025-06-05T02:00:00+00:00,42253.00,42285.78,41786.92,41818.91,150.5513
2025-06-05T03:00:00+00:00,41818.91,42021.43,41763.41,41995.76,155.1635
2025-06-05T04:00:00+00:00,41995.76,42026.58,41899.31,41900.96,149.5219
2025-06-05T05:00:00+00:00,41900.96,42128.78,41846.03,42122.30,101.4408
2025-06-05T06:00:00+00:00,42122.30,42465.98,42070.39,42388.70,85.4670
2025-06-05T07:00:00+00:00,42388.70,42502.44,42363.47,42486.24,86.3158
2025-06-05T08:00:00+00:00,42486.24,42627.44,42428.86,42594.03,34.9701
2025-06-05T09:00:00+00:00,42594.03,42605.90,42559.80,42603.82,108.8832
2025-06-05T10:00:00+00:00,42603.82,42715.44,42600.47,42656.69,183.9362
2025-06-05T11:00:00+00:00,42656.69,42898.13,42621.33,42853.44,66.6996
2025-06-05T12:00:00+00:00,42853.44,42865.39,42697.34,42762.37,137.9898
2025-06-05T13:00:00+00:00,42762.37,42793.56,42644.88,42710.57,173.4628
2025-06-05T14:00:00+00:00,42710.57,42835.76,42531.63,42545.21,144.0828
2025-06-05T15:00:00+00:00,42545.21,42670.56,42476.97,42663.87,21.6682
2025-06-05T16:00:00+00:00,42663.87,42698.50,42627.42,42650.17,87.8805
2025-06-05T17:00:00+00:00,42650.17,42775.68,42588.47,42745.06,129.1099
2025-06-05T18:00:00+00:00,42745.06,43158.84,42696.35,43109.69,181.1599
2025-06-05T19:00:00+00:00,43109.69,43132.83,42826.63,42868.15,132.7166
2025-06-05T20:00:00+00:00,42868.15,42978.59,42815.47,42939.55,163.4285
2025-06-05T21:00:00+00:00,42939.55,42991.15,42893.76,42915.24,128.7464
2025-06-05T22:00:00+00:00,42915.24,43046.10,42894.21,42942.47,124.4674
2025-06-05T23:00:00+00:00,42942.47,43277.63,42920.55,43227.23,139.5844
2025-06-06T00:00:00+00:00,43227.23,43260.16,42970.94,42988.20,81.6555
2025-06-06T01:00:00+00:00,42988.20,43112.80,42901.24,43063.21,155.4091
2025-06-06T02:00:00+00:00,43063.21,43074.61,42803.48,42846.86,110.4078
2025-06-06T03:00:00+00:00,42846.86,42895.65,42804.99,42882.70,188.1300
2025-06-06T04:00:00+00:00,42882.70,42912.44,42823.49,42865.92,157.7401
2025-06-06T05:00:00+00:00,42865.92,43229.50,42812.24,43110.36,214.4092
2025-06-06T06:00:00+00:00,43110.36,43540.83,43049.22,43496.77,121.3035
2025-06-06T07:00:00+00:00,43496.77,43885.00,43482.65,43863.75,100.8570
2025-06-06T08:00:00+00:00,43863.75,43872.71,43577.58,43616.37,120.9941
2025-06-06T09:00:00+00:00,43616.37,43805.25,43551.50,43764.31,109.5378
2025-06-06T10:00:00+00:00,43764.31,43770.08,43703.08,43748.27,205.7242
2025-06-06T11:00:00+00:00,43748.27,43750.23,43593.49,43655.86,108.2043
2025-06-06T12:00:00+00:00,43655.86,43700.07,43520.99,43608.74,166.2881
2025-06-06T13:00:00+00:00,43608.74,43671.82,43531.04,43573.15,90.4512
2025-06-06T14:00:00+00:00,43573.15,43574.76,43508.23,43543.21,108.0555
2025-06-06T15:00:00+00:00,43543.21,43798.43,43517.91,43785.31,126.8244
2025-06-06T16:00:00+00:00,43785.31,43802.23,43707.79,43737.35,33.6446
2025-06-06T17:00:00+00:00,43737.35,43769.48,43615.64,43620.65,107.1790
2025-06-06T18:00:00+00:00,43620.65,43651.20,43462.15,43485.64,132.0695
2025-06-06T19:00:00+00:00,43485.64,43513.06,43150.54,43201.91,165.1968
2025-06-06T20:00:00+00:00,43201.91,43236.39,42894.09,42980.44,83.0989
2025-06-06T21:00:00+00:00,42980.44,43037.11,42914.38,42929.40,85.4402
2025-06-06T22:00:00+00:00,42929.40,43051.77,42914.83,43005.76,119.8365
2025-06-06T23:00:00+00:00,43005.76,43020.09,42822.26,42853.63,113.6806
2025-06-07T00:00:00+00:00,42853.63,42981.67,42838.13,42965.70,83.3250
2025-06-07T01:00:00+00:00,42965.70,42972.05,42773.21,42781.32,40.2683
2025-06-07T02:00:00+00:00,42781.32,42786.49,42642.41,42672.61,122.8313
2025-06-07T03:00:00+00:00,42672.61,42715.34,42598.68,42706.62,153.0046
2025-06-07T04:00:00+00:00,42706.62,42792.41,42678.13,42743.32,105.7769
2025-06-07T05:00:00+00:00,42743.32,42793.75,42718.68,42723.37,74.2785
2025-06-07T06:00:00+00:00,42723.37,42940.96,42722.30,42904.99,112.7982
2025-06-07T07:00:00+00:00,42904.99,43204.69,42845.61,43161.37,179.1313
2025-06-07T08:00:00+00:00,43161.37,43423.82,43136.85,43409.69,126.4825
2025-06-07T09:00:00+00:00,43409.69,43551.38,43333.55,43484.36,170.4349
2025-06-07T10:00:00+00:00,43484.36,43526.39,43288.68,43302.95,33.7974
2025-06-07T11:00:00+00:00,43302.95,43375.11,43064.30,43128.88,143.4799
2025-06-07T12:00:00+00:00,43128.88,43157.16,43011.87,43151.75,163.1441
2025-06-07T13:00:00+00:00,43151.75,43238.44,43115.38,43206.44,140.7773
2025-06-07T14:00:00+00:00,43206.44,43317.75,43038.19,43191.00,151.7543
2025-06-07T15:00:00+00:00,43191.00,43241.02,43088.74,43094.78,171.8393
2025-06-07T16:00:00+00:00,43094.78,43097.73,43064.85,43083.44,99.4143
2025-06-07T17:00:00+00:00,43083.44,43084.93,42938.40,42948.73,177.4595
2025-06-07T18:00:00+00:00,42948.73,43213.33,42838.57,43141.20,102.1966
2025-06-07T19:00:00+00:00,43141.20,43175.59,43023.43,43028.32,58.1115
2025-06-07T20:00:00+00:00,43028.32,43270.25,43026.41,43232.16,123.7967
2025-06-07T21:00:00+00:00,43232.16,43474.83,43198.06,43452.59,110.0223
2025-06-07T22:00:00+00:00,43452.59,43585.38,43398.74,43517.20,116.7540
2025-06-07T23:00:00+00:00,43517.20,43748.43,43502.68,43693.65,143.7093
2025-06-08T00:00:00+00:00,43693.65,43768.92,43496.67,43575.77,128.5147
2025-06-08T01:00:00+00:00,43575.77,43625.89,43356.26,43409.55,154.9790
2025-06-08T02:00:00+00:00,43409.55,43452.16,43391.87,43410.52,58.3535
2025-06-08T03:00:00+00:00,43410.52,43458.91,43409.38,43414.20,213.8073
2025-06-08T04:00:00+00:00,43414.20,43427.42,43277.93,43384.53,172.4737
2025-06-08T05:00:00+00:00,43384.53,43677.71,43360.43,43631.26,111.4081
2025-06-08T06:00:00+00:00,43631.26,43845.98,43576.18,43792.35,111.5200
2025-06-08T07:00:00+00:00,43792.35,44067.00,43725.74,43957.04,181.4395
2025-06-08T08:00:00+00:00,43957.04,43967.36,43848.03,43914.95,74.4655
2025-06-08T09:00:00+00:00,43914.95,43974.84,43802.75,43851.72,108.3779
2025-06-08T10:00:00+00:00,43851.72,43937.88,43767.44,43825.92,135.9756
2025-06-08T11:00:00+00:00,43825.92,43850.43,43683.06,43711.12,79.2445
2025-06-08T12:00:00+00:00,43711.12,43830.51,43673.91,43812.18,50.9318
2025-06-08T13:00:00+00:00,43812.18,43886.97,43616.01,43649.05,122.6654
2025-06-08T14:00:00+00:00,43649.05,43729.66,43622.57,43693.20,140.0523
2025-06-08T15:00:00+00:00,43693.20,43770.33,43671.56,43766.07,150.3273
2025-06-08T16:00:00+00:00,43766.07,43832.29,43700.40,43711.05,154.8898
2025-06-08T17:00:00+00:00,43711.05,43738.03,43565.23,43676.45,89.4030
2025-06-08T18:00:00+00:00,43676.45,43768.61,43510.62,43629.56,94.3415
2025-06-08T19:00:00+00:00,43629.56,43638.17,43494.37,43577.28,131.0623
2025-06-08T20:00:00+00:00,43577.28,43645.29,43550.35,43618.41,123.0076
2025-06-08T21:00:00+00:00,43618.41,43789.52,43561.96,43750.87,100.4124
2025-06-08T22:00:00+00:00,43750.87,43797.07,43536.81,43653.65,120.2841
2025-06-08T23:00:00+00:00,43653.65,43702.52,43605.57,43693.58,137.6624
2025-06-09T00:00:00+00:00,43693.58,43735.33,43511.09,43600.78,100.1777
2025-06-09T01:00:00+00:00,43600.78,43737.11,43595.10,43683.47,161.9990
2025-06-09T02:00:00+00:00,43683.47,43743.40,43568.66,43719.01,57.0044
2025-06-09T03:00:00+00:00,43719.01,43820.78,43712.72,43818.60,135.2660
2025-06-09T04:00:00+00:00,43818.60,43834.04,43656.37,43675.18,104.4083
2025-06-09T05:00:00+00:00,43675.18,43706.41,43664.24,43670.93,175.9131
2025-06-09T06:00:00+00:00,43670.93,43788.14,43595.03,43740.97,98.9169
2025-06-09T07:00:00+00:00,43740.97,43756.54,43627.04,43706.30,111.4742
2025-06-09T08:00:00+00:00,43706.30,43918.36,43607.56,43913.43,58.4810
2025-06-09T09:00:00+00:00,43913.43,43974.12,43701.72,43743.66,98.1385
2025-06-09T10:00:00+00:00,43743.66,43914.13,43669.11,43844.41,79.8004
2025-06-09T11:00:00+00:00,43844.41,43882.45,43636.79,43691.21,164.3124
2025-06-09T12:00:00+00:00,43691.21,43904.76,43662.26,43858.37,107.4725
2025-06-09T13:00:00+00:00,43858.37,43922.04,43804.81,43830.41,71.2599
2025-06-09T14:00:00+00:00,43830.41,43903.09,43674.25,43750.95,65.8827
2025-06-09T15:00:00+00:00,43750.95,43807.74,43632.04,43681.13,122.1696
2025-06-09T16:00:00+00:00,43681.13,43835.36,43618.51,43759.99,36.2149
2025-06-09T17:00:00+00:00,43759.99,43852.83,43696.27,43764.33,129.2277
2025-06-09T18:00:00+00:00,43764.33,43774.46,43710.29,43739.78,164.5818
2025-06-09T19:00:00+00:00,43739.78,43891.00,43631.13,43836.13,173.8114
2025-06-09T20:00:00+00:00,43836.13,43850.64,43680.57,43729.07,90.8997
2025-06-09T21:00:00+00:00,43729.07,43775.07,43624.05,43624.23,43.3213
2025-06-09T22:00:00+00:00,43624.23,43845.20,43611.38,43782.96,92.2004
2025-06-09T23:00:00+00:00,43782.96,43911.14,43702.12,43852.68,158.5431
2025-06-10T00:00:00+00:00,43852.68,43918.11,43724.44,43787.46,72.1164
2025-06-10T01:00:00+00:00,43787.46,43843.97,43638.30,43702.39,117.5547
2025-06-10T02:00:00+00:00,43702.39,43819.35,43636.68,43789.96,143.9324
2025-06-10T03:00:00+00:00,43789.96,43851.87,43707.89,43773.10,122.3514
2025-06-10T04:00:00+00:00,43773.10,43951.14,43694.61,43948.71,82.6054
2025-06-10T05:00:00+00:00,43948.71,43987.73,43927.88,43945.83,177.7091
2025-06-10T06:00:00+00:00,43945.83,43948.15,43803.41,43830.29,144.5316
2025-06-10T07:00:00+00:00,43830.29,44057.51,43760.96,44021.65,94.8436
2025-06-10T08:00:00+00:00,44021.65,44124.97,43997.32,44117.18,107.3655
2025-06-10T09:00:00+00:00,44117.18,44151.71,44017.48,44141.52,126.6591
2025-06-10T10:00:00+00:00,44141.52,44174.36,44119.95,44147.38,79.3778
2025-06-10T11:00:00+00:00,44147.38,44362.56,44103.33,44316.75,162.6127
2025-06-10T12:00:00+00:00,44316.75,44410.54,44192.67,44360.89,153.5585
2025-06-10T13:00:00+00:00,44360.89,44385.14,44210.85,44218.57,116.2518
2025-06-10T14:00:00+00:00,44218.57,44312.32,44133.70,44148.78,140.8456
2025-06-10T15:00:00+00:00,44148.78,44323.02,44081.54,44246.16,78.5806
2025-06-10T16:00:00+00:00,44246.16,44340.71,44201.68,44272.28,105.0977
2025-06-10T17:00:00+00:00,44272.28,44296.20,44152.75,44195.08,140.9940
2025-06-10T18:00:00+00:00,44195.08,44329.79,44045.86,44276.73,26.3933
2025-06-10T19:00:00+00:00,44276.73,44333.58,44147.72,44193.10,132.1534
2025-06-10T20:00:00+00:00,44193.10,44240.78,44153.72,44180.22,73.7642
2025-06-10T21:00:00+00:00,44180.22,44334.31,44153.91,44304.65,118.3055
2025-06-10T22:00:00+00:00,44304.65,44338.06,44228.05,44284.84,216.5614
2025-06-10T23:00:00+00:00,44284.84,44295.67,44134.17,44158.48,96.7115
2025-06-11T00:00:00+00:00,44158.48,44525.38,44113.84,44505.84,90.4623
2025-06-11T01:00:00+00:00,44505.84,44528.63,44488.24,44526.84,36.3129
2025-06-11T02:00:00+00:00,44526.84,44571.42,44248.32,44383.09,184.1884
2025-06-11T03:00:00+00:00,44383.09,44407.53,44256.26,44311.45,130.7716
2025-06-11T04:00:00+00:00,44311.45,44355.23,44306.02,44343.18,46.7338
2025-06-11T05:00:00+00:00,44343.18,44690.35,44336.39,44662.03,104.6668
2025-06-11T06:00:00+00:00,44662.03,44870.41,44648.75,44858.41,140.3065
2025-06-11T07:00:00+00:00,44858.41,44916.31,44813.39,44834.73,175.5663
2025-06-11T08:00:00+00:00,44834.73,45071.07,44784.13,45064.04,63.2260
2025-06-11T09:00:00+00:00,45064.04,45104.93,44844.34,44890.33,175.5703
2025-06-11T10:00:00+00:00,44890.33,45067.65,44874.79,45055.23,95.2426
2025-06-11T11:00:00+00:00,45055.23,45113.96,45017.43,45020.53,68.8432
2025-06-11T12:00:00+00:00,45020.53,45048.26,44853.52,44880.70,188.2076
2025-06-11T13:00:00+00:00,44880.70,44941.51,44770.63,44909.73,150.4353
2025-06-11T14:00:00+00:00,44909.73,44950.02,44836.43,44856.77,89.9036
2025-06-11T15:00:00+00:00,44856.77,45078.99,44825.63,45002.01,118.2402
2025-06-11T16:00:00+00:00,45002.01,45324.33,44959.87,45313.05,56.9575
2025-06-11T17:00:00+00:00,45313.05,45409.10,45248.45,45407.69,65.0316
2025-06-11T18:00:00+00:00,45407.69,45425.21,45345.05,45391.18,94.7295
2025-06-11T19:00:00+00:00,45391.18,45598.47,45381.88,45569.56,130.5364
2025-06-11T20:00:00+00:00,45569.56,45771.68,45562.63,45760.26,140.4594
2025-06-11T21:00:00+00:00,45760.26,45795.15,45755.89,45774.37,167.1596
2025-06-11T22:00:00+00:00,45774.37,45834.64,45553.93,45688.31,102.2613
2025-06-11T23:00:00+00:00,45688.31,45834.92,45652.76,45805.83,96.9646
2025-06-12T00:00:00+00:00,45805.83,45915.14,45752.12,45883.25,124.3885
2025-06-12T01:00:00+00:00,45883.25,46045.05,45790.42,46029.12,110.3805
2025-06-12T02:00:00+00:00,46029.12,46033.32,45917.58,45924.51,179.1813
2025-06-12T03:00:00+00:00,45924.51,45970.65,45877.85,45948.09,98.7739
2025-06-12T04:00:00+00:00,45948.09,46198.35,45853.99,46186.49,115.0155
2025-06-12T05:00:00+00:00,46186.49,46329.97,46062.40,46262.24,57.8847
2025-06-12T06:00:00+00:00,46262.24,46558.46,46254.77,46434.73,66.8495
2025-06-12T07:00:00+00:00,46434.73,46478.98,46210.87,46292.38,74.8402
2025-06-12T08:00:00+00:00,46292.38,46299.88,46233.65,46243.30,35.1328
2025-06-12T09:00:00+00:00,46243.30,46328.68,46229.53,46271.74,148.0956
2025-06-12T10:00:00+00:00,46271.74,46375.43,46167.20,46331.25,85.2800
2025-06-12T11:00:00+00:00,46331.25,46643.81,46293.35,46625.36,147.1188
2025-06-12T12:00:00+00:00,46625.36,46632.31,46319.37,46399.76,114.3344
2025-06-12T13:00:00+00:00,46399.76,46407.01,46200.41,46218.64,98.1488
2025-06-12T14:00:00+00:00,46218.64,46282.78,46043.41,46067.12,184.2497
2025-06-12T15:00:00+00:00,46067.12,46125.38,46046.26,46067.69,107.9902
2025-06-12T16:00:00+00:00,46067.69,46315.90,46061.72,46190.47,225.3458
2025-06-12T17:00:00+00:00,46190.47,46236.78,46016.01,46027.01,61.3810
2025-06-12T18:00:00+00:00,46027.01,46598.71,45960.98,46486.24,70.4044
2025-06-12T19:00:00+00:00,46486.24,46812.15,46478.64,46760.83,111.4293
2025-06-12T20:00:00+00:00,46760.83,46786.76,46429.08,46511.25,88.1977
2025-06-12T21:00:00+00:00,46511.25,46576.80,46497.53,46558.52,125.0176
2025-06-12T22:00:00+00:00,46558.52,46630.94,46545.79,46599.31,128.2501
2025-06-12T23:00:00+00:00,46599.31,46603.03,46450.20,46577.70,105.4352
2025-06-13T00:00:00+00:00,46577.70,46691.68,46563.16,46675.59,90.2191
2025-06-13T01:00:00+00:00,46675.59,46758.86,46623.02,46651.35,68.1135
2025-06-13T02:00:00+00:00,46651.35,46657.90,46378.99,46473.01,126.3353
2025-06-13T03:00:00+00:00,46473.01,46549.56,46418.16,46523.72,176.6177
2025-06-13T04:00:00+00:00,46523.72,46680.93,46426.00,46633.37,106.9982
2025-06-13T05:00:00+00:00,46633.37,46721.65,46608.58,46609.02,76.4250
2025-06-13T06:00:00+00:00,46609.02,46710.63,46564.96,46706.20,147.3446
2025-06-13T07:00:00+00:00,46706.20,46760.59,46639.06,46734.12,85.2002
2025-06-13T08:00:00+00:00,46734.12,46751.96,46639.30,46661.58,144.6258
2025-06-13T09:00:00+00:00,46661.58,46728.66,46513.31,46553.60,117.2324
2025-06-13T10:00:00+00:00,46553.60,46589.12,46500.10,46512.32,111.7159
2025-06-13T11:00:00+00:00,46512.32,46655.96,46434.16,46544.24,178.4864
2025-06-13T12:00:00+00:00,46544.24,46577.43,46391.32,46441.35,110.8596
2025-06-13T13:00:00+00:00,46441.35,46475.71,46430.99,46436.93,165.4744
2025-06-13T14:00:00+00:00,46436.93,46495.46,46420.21,46444.43,147.9366
2025-06-13T15:00:00+00:00,46444.43,46611.61,46336.62,46537.23,90.5270
2025-06-13T16:00:00+00:00,46537.23,46547.75,46321.40,46351.25,113.1380
2025-06-13T17:00:00+00:00,46351.25,46545.66,46339.93,46504.58,100.6512
2025-06-13T18:00:00+00:00,46504.58,46610.54,46318.10,46346.10,184.9470
2025-06-13T19:00:00+00:00,46346.10,46551.68,46326.09,46527.25,113.7138
2025-06-13T20:00:00+00:00,46527.25,46542.13,46484.17,46499.32,122.7952
2025-06-13T21:00:00+00:00,46499.32,46532.98,46064.81,46192.53,145.1290
2025-06-13T22:00:00+00:00,46192.53,46265.32,46135.91,46235.82,116.8747
2025-06-13T23:00:00+00:00,46235.82,46350.53,45968.75,46091.74,203.6715
2025-06-14T00:00:00+00:00,46091.74,46220.29,45999.81,46158.78,77.0461
2025-06-14T01:00:00+00:00,46158.78,46210.63,46000.80,46001.13,110.5278
2025-06-14T02:00:00+00:00,46001.13,46112.53,45991.33,46065.93,145.0823
2025-06-14T03:00:00+00:00,46065.93,46232.84,46044.49,46214.15,82.7701
2025-06-14T04:00:00+00:00,46214.15,46377.08,46077.61,46363.07,142.3410
2025-06-14T05:00:00+00:00,46363.07,46405.44,46227.66,46340.62,92.2753
2025-06-14T06:00:00+00:00,46340.62,46385.40,46219.13,46245.88,184.5416
2025-06-14T07:00:00+00:00,46245.88,46372.49,46201.01,46353.91,126.8452
2025-06-14T08:00:00+00:00,46353.91,46487.61,46276.56,46400.57,187.9737
2025-06-14T09:00:00+00:00,46400.57,46438.29,46378.35,46431.50,208.2127
2025-06-14T10:00:00+00:00,46431.50,46460.38,46298.17,46353.13,104.3434
2025-06-14T11:00:00+00:00,46353.13,46806.24,46344.06,46743.31,71.8689
2025-06-14T12:00:00+00:00,46743.31,46986.76,46711.13,46904.49,105.1631
2025-06-14T13:00:00+00:00,46904.49,47118.23,46844.79,47080.06,123.5898
2025-06-14T14:00:00+00:00,47080.06,47231.21,47048.73,47196.26,81.4358
2025-06-14T15:00:00+00:00,47196.26,47261.09,46781.32,46880.60,149.3893
2025-06-14T16:00:00+00:00,46880.60,46895.90,46859.10,46863.24,118.1757
2025-06-14T17:00:00+00:00,46863.24,46980.61,46754.73,46962.94,150.4954
2025-06-14T18:00:00+00:00,46962.94,46973.07,46758.13,46801.88,194.7443
2025-06-14T19:00:00+00:00,46801.88,46903.21,46638.30,46650.70,59.3263
2025-06-14T20:00:00+00:00,46650.70,46769.61,46646.20,46731.69,143.3396
2025-06-14T21:00:00+00:00,46731.69,46899.95,46625.97,46887.36,134.0057
2025-06-14T22:00:00+00:00,46887.36,47001.87,46778.18,46974.73,190.5260
2025-06-14T23:00:00+00:00,46974.73,47012.10,46732.17,46814.18,129.2667
2025-06-15T00:00:00+00:00,46814.18,46908.04,46646.16,46733.87,175.9533
2025-06-15T01:00:00+00:00,46733.87,46831.99,46699.30,46766.36,79.4787
2025-06-15T02:00:00+00:00,46766.36,46849.42,46538.53,46644.72,177.7619
2025-06-15T03:00:00+00:00,46644.72,46724.80,46609.70,46697.34,55.1425
2025-06-15T04:00:00+00:00,46697.34,46707.40,46464.42,46502.52,76.7317
2025-06-15T05:00:00+00:00,46502.52,46641.32,46443.71,46591.18,141.0696
2025-06-15T06:00:00+00:00,46591.18,46669.92,46477.41,46623.91,71.5100
2025-06-15T07:00:00+00:00,46623.91,46732.90,46549.58,46646.22,119.1948
2025-06-15T08:00:00+00:00,46646.22,46703.69,46547.02,46623.08,92.4241
2025-06-15T09:00:00+00:00,46623.08,46682.43,46620.65,46672.66,87.2927
2025-06-15T10:00:00+00:00,46672.66,46896.49,46584.47,46826.36,106.4760
2025-06-15T11:00:00+00:00,46826.36,46853.85,46373.17,46515.49,110.3283
2025-06-15T12:00:00+00:00,46515.49,46553.87,46318.97,46405.66,138.9802
2025-06-15T13:00:00+00:00,46405.66,46442.98,46211.97,46297.11,168.2196
2025-06-15T14:00:00+00:00,46297.11,46306.03,46103.06,46184.96,172.5149
2025-06-15T15:00:00+00:00,46184.96,46219.05,46079.20,46208.07,154.8211
2025-06-15T16:00:00+00:00,46208.07,46252.51,46116.85,46158.35,186.5885
2025-06-15T17:00:00+00:00,46158.35,46172.30,45866.88,45991.09,96.4728
2025-06-15T18:00:00+00:00,45991.09,46159.87,45981.44,46061.94,114.4839
2025-06-15T19:00:00+00:00,46061.94,46108.44,45880.21,45978.42,126.6941
2025-06-15T20:00:00+00:00,45978.42,46068.53,45870.89,45876.33,128.5539
2025-06-15T21:00:00+00:00,45876.33,46161.56,45856.33,46074.98,72.0824
2025-06-15T22:00:00+00:00,46074.98,46251.18,45849.93,45861.20,81.6897
2025-06-15T23:00:00+00:00,45861.20,45892.92,45672.59,45756.64,150.5126
2025-06-16T00:00:00+00:00,45756.64,45774.80,45638.00,45639.10,136.9029
2025-06-16T01:00:00+00:00,45639.10,45689.02,45607.47,45646.83,74.2036
2025-06-16T02:00:00+00:00,45646.83,45686.77,45481.17,45561.97,73.4690
2025-06-16T03:00:00+00:00,45561.97,45584.52,45511.15,45539.23,172.6864
2025-06-16T04:00:00+00:00,45539.23,45811.83,45530.54,45789.88,140.3017
2025-06-16T05:00:00+00:00,45789.88,46044.51,45780.28,46008.96,165.8021
2025-06-16T06:00:00+00:00,46008.96,46278.21,45987.28,46225.72,157.2503
2025-06-16T07:00:00+00:00,46225.72,46256.71,46220.74,46233.66,73.5896
2025-06-16T08:00:00+00:00,46233.66,46295.07,46018.37,46092.94,116.5079
2025-06-16T09:00:00+00:00,46092.94,46143.42,46086.42,46126.65,155.5275
2025-06-16T10:00:00+00:00,46126.65,46140.93,45983.38,46058.72,58.7453
2025-06-16T11:00:00+00:00,46058.72,46081.88,46014.99,46053.27,112.3396
2025-06-16T12:00:00+00:00,46053.27,46067.37,45878.57,46018.30,98.8288
2025-06-16T13:00:00+00:00,46018.30,46193.77,46016.50,46158.17,177.9494
2025-06-16T14:00:00+00:00,46158.17,46164.93,45980.06,46058.45,160.0916
2025-06-16T15:00:00+00:00,46058.45,46088.94,45968.48,45981.77,158.5781
2025-06-16T16:00:00+00:00,45981.77,46238.37,45906.01,46185.07,95.6303
2025-06-16T17:00:00+00:00,46185.07,46298.02,46166.97,46275.60,96.7497
2025-06-16T18:00:00+00:00,46275.60,46321.98,46200.50,46249.01,86.1154
2025-06-16T19:00:00+00:00,46249.01,46291.12,45917.99,45959.89,164.0550
2025-06-16T20:00:00+00:00,45959.89,45984.53,45763.80,45907.88,78.1289
2025-06-16T21:00:00+00:00,45907.88,46165.77,45832.18,46097.87,67.8945
2025-06-16T22:00:00+00:00,46097.87,46106.78,45894.42,45929.24,194.5495
2025-06-16T23:00:00+00:00,45929.24,45966.02,45814.34,45904.39,135.1351
2025-06-17T00:00:00+00:00,45904.39,46042.97,45726.05,45774.77,167.9900
2025-06-17T01:00:00+00:00,45774.77,46087.92,45760.44,46006.12,154.5190
2025-06-17T02:00:00+00:00,46006.12,46089.78,45953.31,46067.92,70.2149
2025-06-17T03:00:00+00:00,46067.92,46102.40,45943.71,45948.85,58.9642
2025-06-17T04:00:00+00:00,45948.85,46042.65,45913.76,45981.18,120.4410
2025-06-17T05:00:00+00:00,45981.18,46194.49,45945.29,46155.58,85.0172
2025-06-17T06:00:00+00:00,46155.58,46342.53,46131.87,46308.97,142.9568
2025-06-17T07:00:00+00:00,46308.97,46372.52,46184.90,46367.01,107.4097
2025-06-17T08:00:00+00:00,46367.01,46479.18,46224.06,46440.83,108.5887
2025-06-17T09:00:00+00:00,46440.83,46480.30,46359.87,46362.35,112.0637
2025-06-17T10:00:00+00:00,46362.35,46676.40,46360.10,46624.74,101.1381
2025-06-17T11:00:00+00:00,46624.74,46713.86,46528.64,46554.87,138.3544
2025-06-17T12:00:00+00:00,46554.87,46611.77,46443.65,46446.62,160.7466
2025-06-17T13:00:00+00:00,46446.62,46469.86,46331.30,46340.66,199.8685
2025-06-17T14:00:00+00:00,46340.66,46414.69,46301.11,46321.03,64.5320
2025-06-17T15:00:00+00:00,46321.03,46416.05,46175.26,46199.43,147.8932
2025-06-17T16:00:00+00:00,46199.43,46395.52,46175.57,46374.03,77.8095
2025-06-17T17:00:00+00:00,46374.03,46446.63,46207.83,46339.69,177.6885
2025-06-17T18:00:00+00:00,46339.69,46349.98,46253.33,46272.16,154.6570
2025-06-17T19:00:00+00:00,46272.16,46503.58,46239.51,46440.25,35.4655
2025-06-17T20:00:00+00:00,46440.25,46661.44,46406.67,46613.01,146.9347
2025-06-17T21:00:00+00:00,46613.01,46686.73,46532.42,46534.85,134.8731
2025-06-17T22:00:00+00:00,46534.85,46626.12,46495.61,46503.18,110.5093
2025-06-17T23:00:00+00:00,46503.18,46512.74,46448.34,46502.81,84.5811
2025-06-18T00:00:00+00:00,46502.81,46539.91,46126.29,46167.09,116.3962
2025-06-18T01:00:00+00:00,46167.09,46314.16,46088.31,46235.87,136.6779
2025-06-18T02:00:00+00:00,46235.87,46249.99,46015.37,46034.16,136.4522
2025-06-18T03:00:00+00:00,46034.16,46107.44,45829.99,45861.89,92.5499
2025-06-18T04:00:00+00:00,45861.89,45973.62,45817.85,45951.07,115.0650
2025-06-18T05:00:00+00:00,45951.07,46095.04,45856.05,46070.36,92.6085
2025-06-18T06:00:00+00:00,46070.36,46132.25,45821.73,45871.61,125.6772
2025-06-18T07:00:00+00:00,45871.61,45954.85,45804.56,45894.57,134.6385
2025-06-18T08:00:00+00:00,45894.57,45918.33,45774.11,45839.74,114.6631
2025-06-18T09:00:00+00:00,45839.74,45920.77,45792.07,45918.30,46.3047
2025-06-18T10:00:00+00:00,45918.30,46234.96,45884.50,46166.02,85.3011
2025-06-18T11:00:00+00:00,46166.02,46199.81,45897.88,46047.62,82.4373
2025-06-18T12:00:00+00:00,46047.62,46200.01,45944.48,46117.26,86.4735
2025-06-18T13:00:00+00:00,46117.26,46172.12,46082.59,46137.07,123.1782
2025-06-18T14:00:00+00:00,46137.07,46138.27,45898.34,45913.92,129.0537
2025-06-18T15:00:00+00:00,45913.92,45943.39,45649.63,45674.47,161.4981
2025-06-18T16:00:00+00:00,45674.47,45832.19,45368.04,45441.36,150.1382
2025-06-18T17:00:00+00:00,45441.36,45506.94,45372.16,45403.18,147.0361
2025-06-18T18:00:00+00:00,45403.18,45583.88,45274.38,45287.39,98.0402
2025-06-18T19:00:00+00:00,45287.39,45617.42,45264.97,45562.65,94.6668
2025-06-18T20:00:00+00:00,45562.65,45702.06,45539.17,45677.79,88.2953
2025-06-18T21:00:00+00:00,45677.79,45799.87,45665.09,45736.64,112.4121
2025-06-18T22:00:00+00:00,45736.64,45768.94,45557.41,45623.94,108.3004
2025-06-18T23:00:00+00:00,45623.94,45666.69,45281.90,45302.20,49.5764
2025-06-19T00:00:00+00:00,45302.20,45342.21,45251.28,45341.96,66.7551
2025-06-19T01:00:00+00:00,45341.96,45634.78,45311.13,45625.59,68.4531
2025-06-19T02:00:00+00:00,45625.59,45691.45,45478.29,45494.76,84.0538
2025-06-19T03:00:00+00:00,45494.76,45589.19,45485.75,45525.34,211.3112
2025-06-19T04:00:00+00:00,45525.34,45577.28,45517.34,45576.66,168.4629
2025-06-19T05:00:00+00:00,45576.66,45896.50,45450.41,45883.56,122.3017
2025-06-19T06:00:00+00:00,45883.56,45978.40,45770.66,45930.82,63.8117
2025-06-19T07:00:00+00:00,45930.82,46092.26,45904.35,46057.06,158.1259
2025-06-19T08:00:00+00:00,46057.06,46061.16,45872.32,46001.85,153.3406
2025-06-19T09:00:00+00:00,46001.85,46024.63,45999.69,46020.08,81.6670
2025-06-19T10:00:00+00:00,46020.08,46044.52,45935.50,45954.19,127.4897
2025-06-19T11:00:00+00:00,45954.19,45981.86,45722.23,45764.98,104.2578
2025-06-19T12:00:00+00:00,45764.98,45834.86,45709.34,45772.79,130.6333
2025-06-19T13:00:00+00:00,45772.79,45929.68,45658.29,45925.83,142.6004
2025-06-19T14:00:00+00:00,45925.83,46077.76,45910.92,46024.15,113.2310
2025-06-19T15:00:00+00:00,46024.15,46035.27,46020.49,46022.78,152.2329
2025-06-19T16:00:00+00:00,46022.78,46063.63,45989.29,46050.30,94.5525
2025-06-19T17:00:00+00:00,46050.30,46062.74,45954.33,45961.02,129.2546
2025-06-19T18:00:00+00:00,45961.02,46138.70,45889.69,46106.83,130.7638
2025-06-19T19:00:00+00:00,46106.83,46129.22,46015.22,46071.75,126.3550
2025-06-19T20:00:00+00:00,46071.75,46176.40,46022.74,46078.92,43.5988
2025-06-19T21:00:00+00:00,46078.92,46134.37,45957.45,46003.69,99.0260
2025-06-19T22:00:00+00:00,46003.69,46241.70,45947.82,46237.98,105.9670
2025-06-19T23:00:00+00:00,46237.98,46247.30,46137.45,46170.47,95.1261
2025-06-20T00:00:00+00:00,46170.47,46448.22,46119.32,46389.41,86.6440
2025-06-20T01:00:00+00:00,46389.41,46479.62,46389.21,46450.70,76.5640
2025-06-20T02:00:00+00:00,46450.70,46567.37,46360.79,46534.96,58.1865
2025-06-20T03:00:00+00:00,46534.96,46834.46,46511.00,46799.85,139.9235
2025-06-20T04:00:00+00:00,46799.85,46875.12,46791.60,46841.07,150.2632
2025-06-20T05:00:00+00:00,46841.07,46889.97,46827.01,46831.54,160.1281
2025-06-20T06:00:00+00:00,46831.54,46914.87,46807.48,46822.28,148.3825
2025-06-20T07:00:00+00:00,46822.28,46857.92,46785.97,46820.33,120.7026
2025-06-20T08:00:00+00:00,46820.33,46918.44,46757.33,46889.84,188.3234
2025-06-20T09:00:00+00:00,46889.84,46943.82,46749.42,46775.59,103.7072
2025-06-20T10:00:00+00:00,46775.59,46835.01,46506.00,46602.32,62.2494
2025-06-20T11:00:00+00:00,46602.32,46748.06,46571.02,46593.28,180.3252
2025-06-20T12:00:00+00:00,46593.28,46645.46,46556.01,46586.84,79.0058
2025-06-20T13:00:00+00:00,46586.84,46698.09,46582.72,46612.54,168.7970
2025-06-20T14:00:00+00:00,46612.54,46627.05,46419.93,46472.17,90.5951
2025-06-20T15:00:00+00:00,46472.17,46687.82,46458.68,46633.28,160.6797
2025-06-20T16:00:00+00:00,46633.28,46656.98,46399.28,46456.89,51.6099
2025-06-20T17:00:00+00:00,46456.89,46526.52,46172.32,46225.99,119.3789
2025-06-20T18:00:00+00:00,46225.99,46261.20,46161.62,46162.01,201.7617
2025-06-20T19:00:00+00:00,46162.01,46342.70,46135.88,46290.64,148.7394
2025-06-20T20:00:00+00:00,46290.64,46356.02,46114.57,46221.40,214.6709
2025-06-20T21:00:00+00:00,46221.40,46275.19,46101.31,46168.64,102.3786
2025-06-20T22:00:00+00:00,46168.64,46236.99,46090.21,46218.20,25.0535
2025-06-20T23:00:00+00:00,46218.20,46218.29,46129.77,46163.16,117.4721
2025-06-21T00:00:00+00:00,46163.16,46308.90,46087.98,46237.30,103.8572
2025-06-21T01:00:00+00:00,46237.30,46518.70,46222.68,46485.86,127.0029
2025-06-21T02:00:00+00:00,46485.86,46518.15,46188.06,46330.49,97.2952
2025-06-21T03:00:00+00:00,46330.49,46363.35,46168.63,46299.18,145.5991
2025-06-21T04:00:00+00:00,46299.18,46506.78,46272.19,46471.40,184.9066
2025-06-21T05:00:00+00:00,46471.40,46719.30,46394.53,46717.97,15.6540
2025-06-21T06:00:00+00:00,46717.97,46818.13,46539.67,46636.10,120.3045
2025-06-21T07:00:00+00:00,46636.10,46689.33,46631.94,46650.43,118.5344
2025-06-21T08:00:00+00:00,46650.43,46657.32,46525.80,46580.72,144.5518
2025-06-21T09:00:00+00:00,46580.72,46723.69,46522.11,46683.57,173.4240
2025-06-21T10:00:00+00:00,46683.57,46794.41,46617.19,46697.63,83.9291
2025-06-21T11:00:00+00:00,46697.63,46773.64,46674.45,46689.17,188.7013
2025-06-21T12:00:00+00:00,46689.17,46870.34,46667.41,46744.24,140.4458
2025-06-21T13:00:00+00:00,46744.24,47069.24,46585.91,46982.95,135.3485
2025-06-21T14:00:00+00:00,46982.95,47132.89,46971.73,47092.80,160.9977
2025-06-21T15:00:00+00:00,47092.80,47139.23,46878.51,46961.84,238.9215
2025-06-21T16:00:00+00:00,46961.84,47038.53,46950.52,47032.52,120.4064
2025-06-21T17:00:00+00:00,47032.52,47255.87,46998.56,47253.59,111.1924
2025-06-21T18:00:00+00:00,47253.59,47314.63,47135.41,47163.74,103.7706
2025-06-21T19:00:00+00:00,47163.74,47571.71,47136.87,47464.25,105.6997
2025-06-21T20:00:00+00:00,47464.25,47509.05,47249.16,47274.85,104.3483
2025-06-21T21:00:00+00:00,47274.85,47302.83,46918.94,47008.22,108.2974
2025-06-21T22:00:00+00:00,47008.22,47184.94,46951.06,47177.09,143.9859
2025-06-21T23:00:00+00:00,47177.09,47256.53,46840.27,46845.37,97.4762
2025-06-22T00:00:00+00:00,46845.37,46863.59,46818.26,46863.11,174.0278
2025-06-22T01:00:00+00:00,46863.11,46907.36,46633.38,46659.20,81.2207
2025-06-22T02:00:00+00:00,46659.20,46704.00,46508.54,46532.66,129.2726
2025-06-22T03:00:00+00:00,46532.66,46565.74,46350.15,46462.16,77.0299
2025-06-22T04:00:00+00:00,46462.16,46723.91,46422.38,46628.72,187.4862
2025-06-22T05:00:00+00:00,46628.72,46798.89,46615.52,46795.68,180.4850
2025-06-22T06:00:00+00:00,46795.68,46960.42,46749.50,46956.02,121.2604
2025-06-22T07:00:00+00:00,46956.02,46964.12,46876.94,46916.52,102.2527
2025-06-22T08:00:00+00:00,46916.52,47208.52,46903.31,47113.40,51.1581
2025-06-22T09:00:00+00:00,47113.40,47348.47,47022.72,47305.38,151.2814
2025-06-22T10:00:00+00:00,47305.38,47306.90,47014.44,47060.18,92.8364
2025-06-22T11:00:00+00:00,47060.18,47186.02,47054.53,47071.92,106.4365
2025-06-22T12:00:00+00:00,47071.92,47091.78,46703.82,46748.15,130.4158
2025-06-22T13:00:00+00:00,46748.15,47157.88,46740.17,47153.99,145.3708
2025-06-22T14:00:00+00:00,47153.99,47303.18,47121.38,47269.64,66.6425
2025-06-22T15:00:00+00:00,47269.64,47286.55,47138.68,47160.77,193.8450
2025-06-22T16:00:00+00:00,47160.77,47191.44,46928.58,46943.56,121.2898
2025-06-22T17:00:00+00:00,46943.56,47037.65,46744.73,46792.59,113.7571
2025-06-22T18:00:00+00:00,46792.59,46915.74,46477.10,46516.71,86.7029
2025-06-22T19:00:00+00:00,46516.71,46839.16,46449.53,46819.74,100.4048
2025-06-22T20:00:00+00:00,46819.74,46947.56,46720.99,46895.87,119.3712
2025-06-22T21:00:00+00:00,46895.87,46915.26,46600.28,46622.53,118.0693
2025-06-22T22:00:00+00:00,46622.53,46751.29,46560.29,46704.78,115.2393
2025-06-22T23:00:00+00:00,46704.78,46765.73,46237.19,46248.82,192.3043
2025-06-23T00:00:00+00:00,46248.82,46581.83,46178.68,46547.44,100.8671
2025-06-23T01:00:00+00:00,46547.44,46586.07,46507.71,46522.67,91.4419
2025-06-23T02:00:00+00:00,46522.67,46783.04,46449.70,46757.74,159.0197
2025-06-23T03:00:00+00:00,46757.74,46841.11,46641.23,46695.02,123.4611
2025-06-23T04:00:00+00:00,46695.02,46702.48,45993.21,46041.85,144.7626
2025-06-23T05:00:00+00:00,46041.85,46104.26,45734.37,45780.33,131.3896
2025-06-23T06:00:00+00:00,45780.33,45787.33,45359.72,45406.02,129.8916
2025-06-23T07:00:00+00:00,45406.02,45449.92,45343.55,45370.79,146.1389
2025-06-23T08:00:00+00:00,45370.79,45432.17,45048.43,45062.10,219.3073
2025-06-23T09:00:00+00:00,45062.10,45251.12,45050.38,45229.75,63.3772
2025-06-23T10:00:00+00:00,45229.75,45271.41,45110.58,45122.18,83.0930
2025-06-23T11:00:00+00:00,45122.18,45403.80,45075.17,45292.23,169.7604
2025-06-23T12:00:00+00:00,45292.23,45367.47,45231.13,45297.68,86.3221
2025-06-23T13:00:00+00:00,45297.68,45477.16,45283.03,45442.27,169.7952
2025-06-23T14:00:00+00:00,45442.27,45493.49,45198.19,45198.91,148.3162
2025-06-23T15:00:00+00:00,45198.91,45215.61,45061.46,45064.41,138.2602
2025-06-23T16:00:00+00:00,45064.41,45093.84,44958.41,44974.22,198.9903
2025-06-23T17:00:00+00:00,44974.22,44982.35,44612.39,44642.84,163.5432
2025-06-23T18:00:00+00:00,44642.84,44703.92,44620.72,44653.97,140.4157
2025-06-23T19:00:00+00:00,44653.97,44712.20,44495.69,44529.84,109.0037
2025-06-23T20:00:00+00:00,44529.84,44581.57,44421.75,44438.72,183.3010
2025-06-23T21:00:00+00:00,44438.72,44472.81,44273.96,44327.09,134.3015
2025-06-23T22:00:00+00:00,44327.09,45040.31,44286.47,44961.25,143.5586
2025-06-23T23:00:00+00:00,44961.25,45057.89,44952.83,45036.01,135.0691
2025-06-24T00:00:00+00:00,45036.01,45059.37,44608.18,44632.78,95.8397
2025-06-24T01:00:00+00:00,44632.78,44834.11,44599.59,44750.13,130.4353
2025-06-24T02:00:00+00:00,44750.13,44985.15,44749.73,44881.17,106.5618
2025-06-24T03:00:00+00:00,44881.17,44913.15,44817.86,44857.51,90.5671
2025-06-24T04:00:00+00:00,44857.51,45343.19,44848.01,45307.28,152.1090
2025-06-24T05:00:00+00:00,45307.28,45307.82,44988.43,44998.22,95.8759
2025-06-24T06:00:00+00:00,44998.22,45261.59,44887.41,45207.91,185.8514
2025-06-24T07:00:00+00:00,45207.91,45283.80,44795.32,44906.09,101.8054
2025-06-24T08:00:00+00:00,44906.09,45170.63,44890.44,45164.46,46.0673
2025-06-24T09:00:00+00:00,45164.46,45221.33,44961.95,45044.65,87.4837
2025-06-24T10:00:00+00:00,45044.65,45132.30,44814.22,44854.35,147.6606
2025-06-24T11:00:00+00:00,44854.35,44874.85,44546.73,44616.56,124.4431
2025-06-24T12:00:00+00:00,44616.56,44668.40,44277.96,44288.15,134.2308
2025-06-24T13:00:00+00:00,44288.15,44595.60,44253.24,44576.94,127.2964
2025-06-24T14:00:00+00:00,44576.94,44577.32,44274.68,44285.99,101.3011
2025-06-24T15:00:00+00:00,44285.99,44291.68,43939.40,43978.11,203.5023
2025-06-24T16:00:00+00:00,43978.11,44625.45,43978.03,44568.46,129.8906
2025-06-24T17:00:00+00:00,44568.46,44677.24,44323.76,44349.67,148.3709
2025-06-24T18:00:00+00:00,44349.67,44498.53,44279.39,44435.01,86.6297
2025-06-24T19:00:00+00:00,44435.01,44448.11,43833.80,43914.69,98.2240
2025-06-24T20:00:00+00:00,43914.69,44189.45,43864.48,44185.33,94.8385
2025-06-24T21:00:00+00:00,44185.33,44246.28,44018.63,44037.79,114.4112
2025-06-24T22:00:00+00:00,44037.79,44069.04,43876.41,43974.93,42.0484
2025-06-24T23:00:00+00:00,43974.93,44062.48,43973.36,44022.02,175.5400
2025-06-25T00:00:00+00:00,44022.02,44061.29,43913.13,43940.06,82.1888
2025-06-25T01:00:00+00:00,43940.06,43940.94,43644.95,43658.05,123.8454
2025-06-25T02:00:00+00:00,43658.05,44327.13,43646.31,44293.09,157.0842
2025-06-25T03:00:00+00:00,44293.09,44495.12,44203.43,44489.01,165.3875
2025-06-25T04:00:00+00:00,44489.01,44534.58,44138.13,44146.36,140.8732
2025-06-25T05:00:00+00:00,44146.36,44291.68,44070.62,44202.88,106.4645
2025-06-25T06:00:00+00:00,44202.88,44271.46,44113.70,44128.45,97.2578
2025-06-25T07:00:00+00:00,44128.45,44263.99,44108.02,44211.93,97.0735
2025-06-25T08:00:00+00:00,44211.93,44368.05,44209.60,44270.16,101.9220
2025-06-25T09:00:00+00:00,44270.16,44642.74,44267.97,44572.33,129.4546
2025-06-25T10:00:00+00:00,44572.33,44613.81,44146.49,44183.80,64.2916
2025-06-25T11:00:00+00:00,44183.80,44212.47,43910.00,43947.28,106.9752
2025-06-25T12:00:00+00:00,43947.28,43954.80,43722.83,43793.99,93.0549
2025-06-25T13:00:00+00:00,43793.99,43799.12,43438.87,43510.03,136.7771
2025-06-25T14:00:00+00:00,43510.03,43927.74,43433.29,43904.24,67.2740
2025-06-25T15:00:00+00:00,43904.24,43979.75,43611.88,43636.28,214.2081
2025-06-25T16:00:00+00:00,43636.28,43670.26,43248.14,43322.80,172.3020
2025-06-25T17:00:00+00:00,43322.80,43371.55,43000.82,43069.67,75.3012
2025-06-25T18:00:00+00:00,43069.67,43212.85,43028.71,43210.49,113.0817
2025-06-25T19:00:00+00:00,43210.49,43244.16,42775.15,42793.14,87.2073
2025-06-25T20:00:00+00:00,42793.14,42852.18,42599.66,42651.16,126.1027
2025-06-25T21:00:00+00:00,42651.16,42658.60,42565.98,42609.16,105.6530
2025-06-25T22:00:00+00:00,42609.16,42924.56,42584.44,42887.52,136.9717
2025-06-25T23:00:00+00:00,42887.52,42911.73,42668.44,42737.62,162.6249
2025-06-26T00:00:00+00:00,42737.62,42739.12,42483.72,42560.47,115.0346
2025-06-26T01:00:00+00:00,42560.47,42718.49,42557.11,42671.61,131.7796
2025-06-26T02:00:00+00:00,42671.61,42705.17,42338.55,42376.88,119.9684
2025-06-26T03:00:00+00:00,42376.88,42662.78,42364.24,42641.96,93.4932
2025-06-26T04:00:00+00:00,42641.96,42674.62,42548.35,42585.79,77.6752
2025-06-26T05:00:00+00:00,42585.79,42633.45,42518.56,42518.89,129.6286
2025-06-26T06:00:00+00:00,42518.89,42778.84,42500.19,42702.38,154.6733
2025-06-26T07:00:00+00:00,42702.38,42871.32,42668.46,42854.31,35.9632
2025-06-26T08:00:00+00:00,42854.31,42939.16,42615.61,42674.00,222.6439
2025-06-26T09:00:00+00:00,42674.00,42766.92,42658.43,42741.87,86.2765
2025-06-26T10:00:00+00:00,42741.87,42769.18,42205.58,42225.09,145.0935
2025-06-26T11:00:00+00:00,42225.09,42249.89,42023.94,42057.77,129.3168
2025-06-26T12:00:00+00:00,42057.77,42113.02,41701.17,41785.43,142.1541
2025-06-26T13:00:00+00:00,41785.43,41968.24,41775.60,41951.92,87.5617
2025-06-26T14:00:00+00:00,41951.92,42504.17,41937.93,42429.04,81.4163
2025-06-26T15:00:00+00:00,42429.04,42455.89,42220.79,42307.54,58.3450
2025-06-26T16:00:00+00:00,42307.54,42417.12,42119.04,42129.65,135.2965
2025-06-26T17:00:00+00:00,42129.65,42154.05,41088.78,41166.64,78.2089
2025-06-26T18:00:00+00:00,41166.64,41207.70,40951.14,40987.60,123.3141
2025-06-26T19:00:00+00:00,40987.60,41066.77,40418.79,40477.62,94.7733
2025-06-26T20:00:00+00:00,40477.62,40519.02,40327.10,40391.60,53.2039
2025-06-26T21:00:00+00:00,40391.60,41010.49,40384.70,40948.90,131.8216
2025-06-26T22:00:00+00:00,40948.90,41175.12,40946.40,41167.91,91.3462
2025-06-26T23:00:00+00:00,41167.91,41563.41,41112.68,41533.69,174.4219
2025-06-27T00:00:00+00:00,41533.69,41673.42,41448.66,41596.85,143.1103
2025-06-27T01:00:00+00:00,41596.85,41658.77,41292.66,41345.53,141.0047
2025-06-27T02:00:00+00:00,41345.53,41363.80,41094.17,41211.10,171.0664
2025-06-27T03:00:00+00:00,41211.10,41825.87,41162.65,41797.37,181.7462
2025-06-27T04:00:00+00:00,41797.37,41959.00,41699.00,41897.84,49.8236
2025-06-27T05:00:00+00:00,41897.84,41929.02,41395.35,41439.11,124.8245
2025-06-27T06:00:00+00:00,41439.11,41547.36,41360.70,41546.72,101.5252
2025-06-27T07:00:00+00:00,41546.72,41846.72,41469.69,41753.03,136.7391
2025-06-27T08:00:00+00:00,41753.03,42157.26,41685.55,42137.05,90.7027
2025-06-27T09:00:00+00:00,42137.05,42246.30,41993.67,42037.18,104.3404
2025-06-27T10:00:00+00:00,42037.18,42164.82,41950.45,42120.98,173.8272
2025-06-27T11:00:00+00:00,42120.98,42180.58,41421.81,41464.36,148.9993
2025-06-27T12:00:00+00:00,41464.36,41493.35,41235.34,41245.05,90.6555
2025-06-27T13:00:00+00:00,41245.05,41744.41,41202.32,41724.90,112.6844
2025-06-27T14:00:00+00:00,41724.90,41747.66,41702.66,41721.89,165.0288
2025-06-27T15:00:00+00:00,41721.89,41952.27,41653.73,41900.10,134.5965
2025-06-27T16:00:00+00:00,41900.10,42112.72,41875.89,42092.48,166.8638
2025-06-27T17:00:00+00:00,42092.48,42216.80,42062.56,42188.43,84.2375
2025-06-27T18:00:00+00:00,42188.43,42191.01,42069.35,42165.20,107.7102
2025-06-27T19:00:00+00:00,42165.20,42214.00,41791.95,41923.07,135.3351
2025-06-27T20:00:00+00:00,41923.07,42510.31,41878.94,42503.03,74.1339
2025-06-27T21:00:00+00:00,42503.03,42655.31,42436.97,42638.74,122.9370
2025-06-27T22:00:00+00:00,42638.74,42699.71,42354.48,42454.67,75.7675
2025-06-27T23:00:00+00:00,42454.67,42466.91,42167.98,42171.59,120.0819
2025-06-28T00:00:00+00:00,42171.59,42204.11,42098.11,42201.89,65.4171
2025-06-28T01:00:00+00:00,42201.89,42241.15,42159.12,42180.84,105.9421
2025-06-28T02:00:00+00:00,42180.84,42195.76,41840.06,41851.31,102.7298
2025-06-28T03:00:00+00:00,41851.31,42152.04,41829.19,42122.17,120.8530
2025-06-28T04:00:00+00:00,42122.17,42214.46,41987.12,42024.11,119.7701
2025-06-28T05:00:00+00:00,42024.11,42118.62,41740.96,41748.58,102.5342
2025-06-28T06:00:00+00:00,41748.58,41774.67,41546.70,41553.90,103.0361
2025-06-28T07:00:00+00:00,41553.90,41603.62,41460.85,41481.55,146.6599
2025-06-28T08:00:00+00:00,41481.55,41751.40,41467.74,41636.10,118.5653
2025-06-28T09:00:00+00:00,41636.10,41914.10,41625.28,41866.65,128.1823
2025-06-28T10:00:00+00:00,41866.65,41927.56,41760.07,41773.22,169.3597
2025-06-28T11:00:00+00:00,41773.22,42329.30,41726.72,42270.59,67.5911
2025-06-28T12:00:00+00:00,42270.59,42401.13,42144.94,42399.72,130.8827
2025-06-28T13:00:00+00:00,42399.72,42710.70,42354.13,42668.89,150.9775
2025-06-28T14:00:00+00:00,42668.89,42689.62,42330.11,42338.41,148.5656
2025-06-28T15:00:00+00:00,42338.41,42374.62,42217.40,42247.36,115.3189
2025-06-28T16:00:00+00:00,42247.36,42551.22,42238.28,42412.02,128.5084
2025-06-28T17:00:00+00:00,42412.02,42452.65,42073.48,42129.22,53.6651
2025-06-28T18:00:00+00:00,42129.22,42141.34,42117.94,42137.01,94.2909
2025-06-28T19:00:00+00:00,42137.01,42196.93,41698.39,41743.65,155.5529
2025-06-28T20:00:00+00:00,41743.65,41969.32,41689.08,41947.66,68.4921
2025-06-28T21:00:00+00:00,41947.66,42178.48,41895.47,42106.44,144.8374
2025-06-28T22:00:00+00:00,42106.44,42182.62,42083.14,42119.74,138.9809
2025-06-28T23:00:00+00:00,42119.74,42325.58,42078.07,42290.56,90.1010
2025-06-29T00:00:00+00:00,42290.56,42388.89,42184.21,42228.59,216.5817
2025-06-29T01:00:00+00:00,42228.59,42274.34,42220.08,42251.60,128.6140
2025-06-29T02:00:00+00:00,42251.60,42420.90,42195.43,42384.86,89.1144
2025-06-29T03:00:00+00:00,42384.86,42496.86,42372.37,42479.66,155.7145
2025-06-29T04:00:00+00:00,42479.66,42516.09,42316.63,42331.85,101.3917
2025-06-29T05:00:00+00:00,42331.85,42383.26,42020.84,42099.82,80.0672
2025-06-29T06:00:00+00:00,42099.82,42199.48,41921.04,41936.91,133.1129
2025-06-29T07:00:00+00:00,41936.91,41947.84,41807.21,41847.98,150.9892
2025-06-29T08:00:00+00:00,41847.98,41949.16,41492.11,41515.93,151.9121
2025-06-29T09:00:00+00:00,41515.93,41728.75,41480.21,41642.79,158.6704
2025-06-29T10:00:00+00:00,41642.79,41720.44,41539.79,41545.73,112.0933
2025-06-29T11:00:00+00:00,41545.73,41560.55,41348.39,41442.43,114.9829
2025-06-29T12:00:00+00:00,41442.43,41568.17,41398.37,41544.60,118.0203
2025-06-29T13:00:00+00:00,41544.60,41737.39,41543.89,41662.99,177.0579
2025-06-29T14:00:00+00:00,41662.99,41736.56,41539.42,41603.86,140.8266
2025-06-29T15:00:00+00:00,41603.86,41662.07,41549.28,41647.10,64.1074
2025-06-29T16:00:00+00:00,41647.10,41713.29,41645.21,41683.23,155.7378
2025-06-29T17:00:00+00:00,41683.23,41744.76,41655.85,41691.82,126.8470
2025-06-29T18:00:00+00:00,41691.82,41699.86,41655.73,41659.09,118.2031
2025-06-29T19:00:00+00:00,41659.09,41701.30,41425.59,41449.59,52.2708
2025-06-29T20:00:00+00:00,41449.59,41623.36,41436.15,41596.79,86.5281
2025-06-29T21:00:00+00:00,41596.79,41649.51,41355.29,41416.73,94.1655
2025-06-29T22:00:00+00:00,41416.73,41457.06,41342.64,41382.07,73.2419
2025-06-29T23:00:00+00:00,41382.07,41417.98,41313.69,41352.29,81.4140
